sentence,sentiment
asia to test bond record again in 2015,0
industry investment is very interested in glaston s solar energy projects,1
while the company did not indicate the level of investment in the unit it said that has purchased the equipment of nokia corporation s mobile phone r d laboratory in jyvaeskylae,0
the company also said on november 16 2006 its real estate fund i ky signed an agreement with finnish window maker fenestra oy to build a window plant in forssa southern finland,1
utilise each opportunity to buy into it companies arindam ghosh,1
jon risfelt has previously held operational executive positions in europolitan ericsson sas american express card and travel divisions as well as nyman schultz ceo vodafone sweden ceo and gambro renal products ceo,0
pm modi s assurances fail to help as rubber prices plunge to 8 year low traders blame china,2
the expanded plant is scheduled to be operational by the middle of october 2009,0
kotak mahindra bank can be bought ashwani gujral market strategist,1
upm kymmene has generated four consecutive quarters of positive free cash flow,1
rpg life q1 net profit soars over 19 fold to rs 55 crore,1
gold s allure dims,2
the company anticipates its turnover for the whole 2010 to surpass that of the previous year when it was eur 67 1 million,1
china data pushes brent to 106 55 per barrel,1
rallis india drops on poor q2 numbers mcap drops below rs 4 000 crore mark,2
there is jitteriness in the market ashwani gujral,2
5 global brokerages slash sun pharma targets,2
sfio files prosecutions against 8 companies,0
copper market may get a 2003 style supply shock from glencore closures,2
turnover surged to eur61 8 m from eur47 6 m due to increasing service demand especially in the third quarter and the overall growth of its business,1
onion prices may retreat in october on high supplies,2
spy bull move ended waiting for next setup,2
consider mahindra satyam for short and medium term deepak mohoni,1
bhusan steel surges 14 as asset sale fetches rs 3 000 crore,1
swiss cement maker holcim appoints bernard terver as new area manager for india,0
india cements net loss at rs 31 crore hit by slump in demand,0
berger paints logs 35 increase in q1 net profit,1
eros international at 10 premium sees high of rs 213 95,1
firm demand tight arrivals lift cardamom futures by 0 85,1
adp news feb 4 2009 finnish broadband data communication systems and solutions company teleste oyj hel tlt1v said today its net profit decreased to eur 5 5 million usd 7 2 m for 2008 from eur 9 4 million for 200,2
consumer goods stocks gain falling inflation helps,1
oriental bank of commerce shares down nearly 5 as bad loans rise,2
bone earnings stocks poised to pop,1
tesco abandons video streaming ambitions in blinkbox sale,2
net sales increased to eur655m in april to june 2010 from eur438m a year earlier,1
revise tata consultancy services target to rs 1152 kotak,0
tesco s sales pickup isn t enough,2
exim bank net down a tad at rs 710 crore pays rs 339 crore to government,2
cnx it going through a correction ashwani gujral,1
jp morgan fund to help domestic investors to invest in us market,0
wary of amtek group stocks due to lack of clarity neeraj dewan,2
gur settles quiet in thin trade,0
daimler india commercial vehicles announces top management rejig,0
the shares shall be repurchased through public trading for which reason the shares are repurchased otherwise than in proportion to the holdings of the shareholders,0
dollar sits tight near six month high ahead of fed meeting data,1
be tactful on it stocks deven choksey,0
market cue here are 3 changes goldman sachs expects from the fed on wednesday,0
dcm shriram q4 net marginally up at rs 82 80 crore,1
raymond s q2 fy 11 pat zooms 427 pc at rs 39 cr,1
earnings per share eps dropped to eur 0 21 from eur 0 31,2
r k tewari takes charge as new cbdt chairman,0
sec director with big stock holdings stirs debate,0
bharati shipyard declared 30 dividend,2
sbi bonds revive grey market draw criticism from investors,2
balrampur chini reports net loss of rs 9 77 crore in q1,0
chennai petroleum corporation ltd reports rs 510 11 crore q1 net profit,0
dhaniya futures contract under regulatory glare,2
following the registration the number of issued and outstanding shares of basware is 12 890 829,0
an additional amount capped at eur12m is payable in cash upon the achievement of certain financial performance targets in 2007,0
the acquisition is part of ramirent s central and eastern european growth strategy,0
nhpc shares surge nearly 3 as september quarter net jumps,1
through the new production lines at the novator mill in veliky ustjug vologda oblast sveza will change its current 1 5 m by 1 5 m birch plywood production targeting the domestic market to produce 1 5 m by 3 0 m overlaid birch plywood for the global market,0
refined soya oil futures gain 1 02 per cent on strong spot demand,1
operating profit for the quarter april june 2006 amounted to eur42 9 m on net sales of eur156 3 m,0
gold treads water below 1 300 ahead of fed statement economic data,2
dcm shriram falls after hitting record high,2
momentum broken more pullback seen in the banking stocks mitesh thacker,2
microsoft is tuning its phones for india coverage,0
info edge economic turnaround improved hiring to be immediate trigger,0
arun jaitley hopes passage of amended insurance bill in winter session max india surges 10,1
aegn macd and adx are crossing over the signal lines long setup,1
shemaroo entertainment rs 120 crore ipo to open on september 16,0
stay with quality stocks deven choksey,0
edelweiss is a good bet in broking stocks nitin raheja,1
sterling hits 2 month low caution ahead of boe inflation report,2
earnings outlook strong keep on buying eicher motors hemindra hazari,1
fm p chidambaram seeking to empower sebi against ponzi schemes,0
the company now estimates its net sales in 2010 to increase considerably from 2009 and its operating result to be clearly positive,1
russia central bank makes 17 66 billion roubles worth of forex interventions on october 7,1
pantaloons reports loss of rs 15 66 crore in q3,0
silver rises rs 166 per kg in futures trade,1
as a condition to the deal savcor alfa has to have bought photonium and akseli lahtinen inc s business operations prior to the deal,0
26 january 2011 finnish metal products company componenta oyj hel cth1v said yesterday its net loss narrowed to eur500 000 in the last quarter of 2010 from eur5 3 m for the same period a year earlier,1
margin pressure could impact construction cos earnings avinash gorakshekar,2
ultratech q4 net down 16 27 pc at rs 726 20 crore,2
bajaj finserv pretty attractive hemang jani,1
drug pricing policy negative for pharma cos brokerages,2
tvs motors surges 6 as october sales jump 14 yoy,1
australia shares dip to 2 week lows on banks miners,2
city union bank networth crosses rs 1 000 cr in fy 11,1
equity markets likely to shine as rupee s depreciation slows,1
cabinet to take up psu etf proposal on wednesday,0
the lemminkainen group headquartered in helsinki finland operates in all sectors of the construction industry civil engineering building contracting technical building services and the building materials industry,0
jain irrigation shares rally over 4 on plans to sell wind power business,1
glaxosmithkline consumer q3 net up 20 89 at rs 96 41 crore,1
1 april 2011 finnish machinery rental company ramirent oyj hel rmr1v said today it has acquired the assets of sector player stavebni doprava a mechanizace sdm in the czech republic for an undisclosed sum,0
bofa ml s three positives for indian markets recommends buy on dips,0
tokyo stocks close up 2 11 rides on upbeat china data,1
midcap space to benefit from new government initiatives go for individual midcap names david pezarkar,1
mcx sx ongoing rights issue may face turbulence,0
sagging demand may lower natural gas prices,2
analyst says apple will hit 1tn m cap,1
maharashtra dairies to up milk prices by rs 3,1
axis bank q1 net rises 18 per cent in first quarter,1
the total value of these two contracts is over eur 21 million,0
supported nokia phones include n96 n95 8gb n95 n93 n931 n92 n85 n82 n81 n80 n79 n78 n77 n76 n75 n73 n72 n71 e90 e71 e70 e66 e65 e62 e61 e61i e60 e51 e50 touch xpress 5800 6220 classic 6210 navigator 6120 classic 6110 navigator 5700 5500 5320xm,0
nifty might retest earlier high of 7800 mitesh thacker,0
goodyear india fy10 net up 2 35 pc to rs 74 81 cr,1
arm profits and sales up as shift away from mobile gains pace,1
china yuan pinned steady by central bank guidance,0
parabolic drugs ipo opens on june 14,0
won t recommend sail sandeep wagle aptart,2
the new name of the sanoma division will be sanoma news,0
the total scope of the project is about 38 000 square metres and it is valued at a total of around eur75m,0
hong kong main share index ends lower in weak volumes,2
bbry bye bye sammy hello bb sounds like we ll see some green tomorrow,1
the ebrd is using its own funds to provide a 21 6 mln a loan while the b portion of 10 mln euros has been syndicated to two finnish commercial banks nordea bank finland plc 7 7 mln euros and pohjola bank plc 2 3 mln euros,0
development credit bank rise in interest income brings in turnaround q1 performance,1
put oi around 6000 shows support zone,0
mirc electronics q4 net up 87 pc at rs 9 7 cr,1
money to flow back in the markets towards mid 2011 girish pai centrum broking,0
glaston s own glass processing unit tamglass glass processing is a manufacturer of high quality safety glass products operating in finland,0
tech mahindra rallies over 4 post q2 results top nifty gainer,1
invest in sharda chropchem from a long term perspective sudip bandyopadhyay,1
worried about fii outflow inflows should resume soon,0
cautious on abb gaurav mehta,2
copper futures fall 0 93 on global cues weak demand,2
psu bank stocks might be great contrarian buys next year nitin jain,1
tesco leads leap in ftse 100 marks spencer drops,1
potato futures gain 1 64 per cent on spot demand,1
seeing broader participation in market nifty may revisit 8 050 ashwani gujral,0
eurex exchange says currently experiencing technical issues,0
a coker crane will be supplied to tesoro corporation s golden eagle refinery in martinez california while a similar crane will be delivered to bp s castell refinery in spain,0
brewer ab inbev seeks 275 bln tie up with sabmiller,1
fmc asks nsel to file recovery suits against all defaulters,0
bond yields steady ahead of rbi policy review,0
hindalco posts smaller than expected profit on weak prices,2
on top of that the us commerce department published worse than expected construction spending figures for november,2
nine blue chip companies add rs 1 14 806 cr in m cap itc top gainer,1
according to deputy md pekka silvennoinen the aim is double turnover over the next three years,1
jain irrigation head lower to 81 82 levels ashwani gujral,2
oil steadies around 107 after iran talks extended,0
the new company diapol s r l would manufacture tools meant for glass and stone pre processing,0
locked in some fb puts for nice gain,2
expect a 3 4 dip in bank nifty before fresh levels breakout mitesh thacker,2
call for minimum farmgate price for pusa 1121 rice,2
tata motor board to decide on new managing director in few days,0
dollar starts week under pressure markets eye jackson hole,2
london stock exchange welcomes arun jaitley reforms agenda,0
iifcl net profit up 47 per cent at rs 1 000 crore in 2012 13,1
the statutory negotiations at headquarters are part of this decrease,0
german classifieds group scout24 says to list shares this year,0
up sugar output drop by 10 sends ominous signals,2
clariant chemicals slips buyback value lower than market price,2
select grains down on reduced offtake,2
adpnews feb 5 2010 finnish real estate investor sponda oyj hel sda1v said today that it slipped to a net loss of eur 81 5 million usd 11 8 m in 2009 from a profit of eur 29 3 million in 2008,2
great eastern shipping can touch rs 306 ashwani gujral,1
carborundum universal ltd q2 net falls 47 2 per cent,2
sc dismisses sebi s plea for insider trading charges against samir arora,0
avoid metals until clarity on coal block allocation analysts,2
eveready industries q2 net down 22 per cent at rs 13 80 crore,2
ahlstrom s 5 800 employees serve customers via sales offices and production facilities in more than 20 countries on six continents,0
sh kelkar ipo subscribed 47 on day 2,1
what s behind the china s yuan devaluation,2
central bank should resume fx purchases if dollar falls below 60 to rouble kremlin aide,2
seven expensive stocks that are still outpacing sensex,0
ipca to give good returns on us and domestic trade traction manish sonthalia,1
shoppers stop can see some correction ashwani gujral,1
lodha group relaunches 350 million overseas bond sale plan,0
sensex life high outshines global peers post qe era,1
both operating profit and turnover for the six month period increased respectively from eur17 6 m and eur1149 9 m as compared to the corresponding period in 2007,1
vote on account 2014 jewellery stocks plunge as much as 5 as no duty cut disappoints,2
rupee rises 12 paise against dollar in early trade,1
the new chain has 700 discount stores and 250 supermarkets,0
wonderla holidays surges 28 per cent on debut,1
in 2008 stockmann earned 3 398 million lats in profit on 48 012 million lats in turnover,0
sebi notifies one time registration system for brokers,0
suven life sciences q2 net profit up 7 fold at rs 45 54 crore,1
stable demand for housing loan to drive hdfc growth,1
561 470 new shares under 2003 option rights plan packaging company huhtamaki oyj reported on monday that a total of 561 470 new shares of the company have been issued based on share subscriptions under its 2003 option rights plan,0
production facilities 6 july 2010 finnish investment group neomarkka oyj hel nembv said today that it will buy the former production facilities of kuitu finland ltd as part of negotiations on the option to invest in specialty cellulose fiber business,0
the trade is in accordance with the agreement announced on 26 march 2008,0
currency markets likely to be choppy,2
stay away from adag basket ashwani gujral market strategist,2
f o tracker markets likely to shift to a lower range,2
gsfc q3 profit dips 26 on sluggish sales,2
operating loss landed at eur39m including one offs and at eur27m excluding one offs,0
fact rallies over 7 on rs 900 crore revival plan,1
higher supply drags down chana futures 0 40,2
us stocks hold near record levels,0
jimmy choo narrows ipo price range to 140 160 pence a share sources,0
double whammy for bhel project delays fall in order inflow a worry,2
aria this is the reason why shorts don t show up long steady small climbs the best way to accrue value imo,1
following the impact the altima hit a utility pole causing a live electric line to fall onto the roadway,0
sterling steadies after scottish referendum debate wobble,0
addus services include personal care and assistance with activities of daily living skilled nursing and rehabilitative therapies and adult day care,0
build defensive portfolio in volatile markets hdfc standard life insurance,0
bank on the lenders for superb returns in 2016,0
see great valuations in indian markets currently arindam ghosh blackridge capital advisors,0
blue star profit up 36 per cent at rs 31 01 crore in q1,1
radio mirchi net soars 59 4 revenue up 12 3 in september quarter,1
mid caps now turn into market darlings,1
brent crude falls below 84 on global growth concerns,2
handelsbanken ranked before local cooperative banks and aktia in customer loyalty this time too however,1
the revenues of the business reached nok 12 million for 2008,0
brent edges above 95 on relief over china pmi,1
regulatory tax pressures likely to hit itc volumes,2
cbi must apologise if enquiry fails says former sebi chairman cb bhave,0
mxwl oh snap just went long again lt,1
cardamom futures down 0 33 on profit booking,2
festive season demand lifts crude palm oil futures by 1 10,1
grasim preferred pick among cement names ambareesh baliga,1
nitin fire surges as amitabh bachchan buys 0 51 stake,1
scooters india rally on disinvestment reports,1
ceos of bpm ubi meet italy econ minister as m a talk heats up,1
government bond market doesnt need fixing says raghuram rajan governor rbi,0
lanco infratech board to consider compulsory convertible debentures issuance next week,0
sell cnx it with a target of rs 9650 mitesh thacker,2
tax free bonds regain demand in the secondary market,1
satama s net profit for the third quarter of 2007 rose to 275 000 euro 395 000 from 270 000 euro 388 000 for the same period of 2006,1
defensive stocks top gainers on dalal street,1
gold offtake slows as consumers expect price correction despite global uptrend,2
titagarh wagons a bit too steep to get into prakash diwan,2
automotive stampings to raise rs 29 cr via rights issue,1
brokers say buy even as sobha developers slips post q1 results,1
reed exhibitions looks to expand in india,0
finnish media group talentum has issued a profit warning,2
tesco share price dips as blinkbox books closes ending supermarket s digital,2
efore s results for the last quarter showed an even faster improvement as the company managed to better source its components,1
like zee entertainment in media space mehraboon irani,1
despite early chill 2014 to be hot year for equities deutsche,0
pnb raises rs 500 crore through bonds,1
oberoi realty ipo price band quite stretched swastika,0
jain irrigation rallies post q4 results net profit up 31,1
draghi drives euro to 4 1 2 year low,2
alok sinha takes over as new airports authority of india chief,0
external net sales from the printing business fell by 43 7 partly due to the termination of the printing contract between ilkka yhtyma s printing house i print oy and sector player hss media ab in december 2009 and the fall in printing prices,2
okhta center area is expected to have about 700 000 square metres of office premises by 2016,0
potato futures fall 2 58 pc on sluggish demand,2
according to the act universities can now acquire private funding,0
sell tcs ltd with a target of rs 2020 shrikant chouhan,2
man infra has fallen a lot deepak mohoni,2
opto circuits q4 net profit up 68 at rs 111 05 crore,1
the ship cranes which will be manufactured by macgregor s partner plants in china will be delivered between 2008 2010 for vessels ordered by chinese cosco german peter dohle and hong kong based cido shipping,0
jet airways sustained efforts promise good results ahead risks persist,1
glaxosmithkline consumer hits 52 week high on expansion plans,1
hul puts south mumbai building on block stk up,1
jgbs steady at lofty levels as stocks slump,0
the share sale to foreign and finnish investors is expected to raise some euro300 million us 380 million,0
ibm india sacks executives for fraud,0
finnish bank of land s consolidated net operating profit increased from eur 4 8 mn in the first quarter of 2005 to eur 6 4 mn in the first quarter of 2006,1
10 15 per cent upside still left in infosys could touch 3800 levels rajen shah,1
f o nifty may face resistance at 5370 5400,0
maize futures fall over 2 per cent,2
shanghai shares up more than 5 in roller coaster day,1
rbl bank plans to launch ipo in next three quarters,0
5546 key level for nifty today ashwani gujral,0
nickel softens on global cues,2
market likely to drift sideways ashwani gujral,0
twtr sad the only thing to move this is a takeover rumor only to be sold off next day,2
bob net up 17 5 on low tax provision npa,1
audit panel suggests ril can recover 160 8 million cost in kg d6 stock up,1
profit for the period was eur 5 9 mn up from eur 1 3 mn,1
texas pacific group s india md resigns,0
uptick in spot demand lifts sugar futures 2 22,1
elisa ceo sami seppanen said emt s slogan best coverage across estonia clearly gives misleading information to consumers,2
asian shares fall as malaysia jet downing hits sentiment,2
indiabulls real estate shares see rs 53 crore bulk deals,1
welspun india q4 net profit jumps 83 to rs 98 66 crore,1
analysts advise cutting longs as nifty seen slipping to 8500 8600,2
sundaram fasteners q4 profit jump 67 4 per cent,1
in this case the effect would be negative in finland,2
mt educare ipo oversubscribed 1 22 times on day 2,0
sell yes bank ltd with target price of rs 290 ashwani gujral,2
china stocks close mixed ahead of connector launch,0
pcln back to back intraday reversals look out below shorts moving in,2
it operates under three distinct brands united supermarkets market street and united supermercado,0
150 has been strong resistance for everest kanto sanjeev agarwal,2
via the move the company aims annual savings of some eur 3 million usd 4 3 m the main part of which are expected to be realized this year,1
maximise returns go for gold etfs this diwali,1
for the full 2010 the company expects its net sales and operating result to improve from the previous year saying that a positive operating result and its amount will depend on the order intake by the end of the summer,1
insurance policies should be simple,0
the broker started upm kymmene stora enso and sappi with equal weight recommendations and holmen and norske skog with underweight ratings,0
sesa net at rs 1 62k crore hopes to resume mining post monsoon,1
the announcement comes two weeks before a key licensing agreement expires between between the two companies which are embroiled in a disagreement over royalty payments for texas instrument chips which use qualcomm patented technology,2
jbm auto q1 net profit jumps over 5 fold to rs 21 crore,1
investors hopeful of government reviving tax free bonds,0
sell sun pharma with target price of rs 570 mitesh thacker,2
sun tv shares fall about 6 as earnings lag estimates,2
tata motors appoints gajendra chandel as chro,0
it includes options for additional 30 communal building sites as well as construction supervision works for all construction sites,0
after a long unprofitable period the food division posted a profitable result which speaks of a healthier cost structure and a new approach in business operations rihko said,1
mecklai financial report october 7 2014,0
abbott labs up 100 in 15 months still not expensive mehraboon irani,1
mika stahlberg vp f secure labs said we are excited and proud that f secure has been recognized by av comparatives as the product of the year,1
markets remain in consolidation mode ashwani gujral,0
pick up in india demand to pump up tata steel profits,1
nifty resumes uptrend ends above 6 150 on global cues,1
hotel leela gains 4 5 on completion of goa property sale,1
novartis india surges 20 as parent company strikes 15 billion deal with gsk lilly,1
the company has decided to stop the operations of ruukki construction division in latvia and lithuania and concentrate the production and logistics in parnu estonia in 2009,0
altimo and teliasonera said yesterday that usmanov would be welcome to join the new company,1
nse cnx it index to have 10 stocks from may 29,0
tokyo stocks close at new seven year high,1
six key takeaways for market from rbi money policy review,0
hong kong shares end at 2 month low amid policy uncertainty,2
battery companies an interesing prospect in the coming days ajay bagga,0
corp bank q2 net jumps 10 fold to rs 160 crore,1
due to pirkka beer olvi s brewery in iisalmi is moving to 7 day 24 hour work shifts,0
nhpc timely completion of projects crucial for company,0
chilli futures fall 1 54 pc on sluggish demand,2
price of molasses spikes on cane shortage fears,2
easing gold imports positive for jewellery companies david pezarkar,1
page industries is not an investment bet now rajat bose,2
bnp paribas launches first equity index linked green bond,0
airlines tumble on paris attack as asia stocks retreat,2
currently the terminator lures are produced in a subcontract facility in mexico but the manufacturing will be transferred to rapala s factory in shenzhen china,0
mt educare fixes price band at rs 74 80 per share,0
sudden optimism about iphone sales i e not as bad as expected gives apple aapl a lift,1
gold steady on safe haven demand from ukraine tensions,0
componenta is a metal sector company with international operations and production plants located in finland the netherlands sweden and turkey,0
a total of 750 330 new citycon shares with a nominal value of eur 1 35 per share were subscribed in december exercising the a b c options based on the company s stock option plan 1999,0
sensex sinking to 20k blame the us not china and rbi,2
sales of mid strength beer decreased by 40,2
rallying auto stocks still a buy experts,1
sks microfinance gains on securitization deal,1
no blind spots coming from 1 vantage point allows investigators to see the whole story in high resolution with no unbroken video,0
mfs jive to the turnaround beat on d street,1
gold drops on stockists selling weak global cues,2
equities to offer best returns in over 3 months,1
auto is the sector to be in prakash diwan,1
to check them out or to make a bid they will be in the deka showroom fortitude valley,0
polaris can be a little volatile both ways deepak mohoni,2
initial target for tata elxsi seen at rs 320 ventura,0
wns q4 net profit at 13 4 million,0
fii buying in v mart retail crosses limit no further purchase,2
adag pack fires up after ambani brothers seal rs 1200 crore telecom deal,1
why is bajaj auto subdued despite order for 1 25 lakh bikes,2
companie q2 sales growth at 4 quarter low,2
it major tcs outshines again beats expectations with 4 1 q1 sales growth,1
zacl q2 net profit falls 86 to rs 3 12 crore,2
markets looking at levels of 5550 5600 ambareesh baliga way2wealth brokers pvt ltd,0
halonen s office acknowledged receiving the letter but declined comment,0
nifty unlikely to get past the 7550 7560 mark ashwani gujral,0
in future the company intends to look for know how from outside the company and to cooperate with other actors in the sector,1
gold declines to 1 week low as fed seen cutting more stimulus,2
gillette india q1 net up 16 57 per cent at rs 17 68 crore,1
moser baer q3 net profit up at rs 3 23 cr,1
slow asian demand despite multi year low gold prices,2
intercontinental hotels first quarter global room revenue lags estimates,2
firstsource may appreciate between 40 80 in next nine months mehraboon irani,1
shanthi gears q4 net jumps 91 4 to rs 3 67 crore,1
basware corporation stock exchange release august 31 2010 at 16 25 basware signed a large deal with an international industrial group basware will deliver invoice automation solution and connectivity services to an international industrial group,1
march series may expire at 6 600 6 650 vishal kshatriya edelweiss,0
s nasdaq omx geo1v gypsii business unit developers of the award winning gypsii mobile social networking application today announced its availability as a free download via the samsung mobile applications store,0
rbl bank to raise about rs 500 cr from ipo in q4 fy15,0
government allows investing 5 per cent of epfo corpus in stock markets,0
aditya birla nuvo to have good going ahead deepak mohoni,1
forward markets commission steps up vigil to curb volatility on ncdex and mcx,0
nothing much happening on nifty ashwani gujral,2
asset reconstruction company appoints sanjay jain as president coo,0
tata communications slips over 2 per cent post q4 results,2
relief temporary for dlf analysts advise investors to avoid long bets,0
recommend short term trading in psu banks g chokkalingam,2
asian markets tokyo stocks open 0 28 lower,2
orion s net profit for the third quarter of 2007 decreased to 36 5 mln euro 52 1 mln from 40 3 mln euro 57 5 mln a year earlier,2
from 30k to 27k top 5 reasons why there is more pain ahead for sensex,2
kraft cadbury s and britvic in total recall how pulling a product affects profit,2
sahara to give fresh title deeds for assets worth rs 20 000 crore,0
call writers mowed down by market move up,1
maize futures gain 2 68 per cent,1
angel starts til with buy targets 823 rupees,1
the contracts awarded to date in connection with the system amount to a total eur 36 million,0
jagran prakashan has good triggers over the next one year pankaj pandey,1
nifty likely to test its 200 dma of 8 250 ashwani gujral,0
ultratech cement allots 658 shares to employees under esop,0
the company s annual loss amounted to eek 18mn compared to a profit of eek 7 3 mn in 2008,2
metropolitan stock exchange eyes rs 118 crore via rights issue,0
no stock limits on commodities in regulated warehouses fmc,0
bond issuers seek better pricing after rbi rate cut rethink offers,0
sluggish growth seen in auto ancillary space over next two quarters jitendra sriram,2
all action on 30 stocks in sensex small and mid caps ignored,2
westlife raises rs 180 cr via preferential issue of shares,1
liquor stocks hit on bihar alcohol ban but analysts not worried,2
asian markets flat after holiday thinned us session,0
look beyond annual contracts in commodity buying,0
the order is included in metso s fourth quarter 2007 order backlog,0
farmers reap a tidy profit as turmeric prices shoot up,1
qcor a little pullback is fine but if this erases all of todays gains i cannot believe the manipulation its capable of,2
cencorp s net sales in the first quarter is estimated to be eur0 9 1 2 m as compared to eur4 5 m in the first quarter 2008,2
the pretax profit of the group s life insurance business increased to eur 36 million from eur 27 million,1
itnl likely to improve revenue visibility on new road projects diversified orders,1
anant goenka promoted as ceat md,0
internet business news 1995 2006 m2 communications ltd as part of a drive to protect users of its internet banking service barclays bank has announced that it is to recommend f secure internet security to its customers,0
after barclays and bank of america citigroup has blockchain in sight,1
sri lankan stocks at over three week high on banks diversified shares,1
marks spencer s appoint venu nair as india operations head,0
dollar edges down in asia trade,2
guarseed futures decline on mounting stocks weak export,2
sensex under pressure a day ahead of june f o expiry top 20 trading bets,2
a worm set to activate friday will corrupt documents using the most common file types including,0
earnings season is here again top stocks that can lead market rally,0
gopal vittal to be managing director at bharti airtel,0
oberoi realty look at it only from a long term perspective,0
sell bharat forge with a target of rs 1100 mitesh thacker,2
srf rallies 20 hits 52 week high as q1 net profit doubles to 99 crore,1
proceed cautiously in larsen toubro jagdish malkani,2
kesoram industries seeks shareholders nod to raise up to rs 650 crore,0
genpact q1 net up 8 3 per cent at 50 6 million,1
fears of a rate hike by us federal reserve and rupee depreciation make investors jittery,2
marico posts 28 per cent jump in q1 net profit to rs 238 crore,1
base metals remain weak on global cues,2
the whitehall street real estate funds invest in real estate and real estate related assets principally through the acquisition of real estate companies real property and mortgage loans,0
palm oil eases after greece rejects bailout terms,2
credit 20 november 2009 finnish glass technology company glaston oyj abp hel gla1v said today it concluded a eur74m revolving credit facility agreement with its core banks,1
hindalco industries can easily reach 133 levels rajat bose,1
macro headwinds are against the auto stocks vikas khemani edelweiss securities ltd,2
11 new entities seek membership of ncdex forward segment,0
the world of glass is coming to egypt and we invite visitors from all around the world to attend glass world exhibition 2009 register now at,0
lnt increases annual dividend target to 1 80 share from 1 70 share,1
sgx s india office to woo fund raising corporations,0
ftils warrants sale hangs in balance,0
euro hits 3 month low after german data surprise,2
the production capacity can be tripled without any major additional investments the company said,1
expect pidilite to see revival in volume growth in fy17 amit khurana,1
iob net profit down 73 81 to rs 102 crore,2
price decline likely to help cardamom export,1
fipb allows indusind bank hike fii limit to 74 stock rallies,1
ocl iron bags coal mine in auction stock surges,1
tesla issues its first model x recall tsla,2
the long term contract is global,1
tata power appoints ramesh n subramanyam as cfo,0
bse revises circuit limit for 405 stocks,0
bse to auction unused government bonds limit to foreign investors,0
vrl logistics ipo grey market premium at 38,0
auto component companies to get re rated avinnash gorakssakar,1
in the reporting period the company s operating profit grew by 43 2 to eur 6 million,1
jbf industries q1 net profit falls 60 to rs 4 crore,2
iran drops crude price to 3 year low in fight for asia market share,2
cbi has enough credible information to start probe against former sebi officials ranjit sinha,0
the negotiations will concern the plant s department producing winded roving that employs 10 people,0
facades in riga 8 march 2010 finnish construction company yit oyj hel yty1v said today that it will build the frame and the facades in a tower construction project in riga,0
budget 2014 to focus on structures to achieve decent long term performance bp singh pramerica mf,0
in sweden gallerix accumulated sek denominated sales were down 1 and eur denominated sales were up 11,0
of the company s net sales 38 was acquired in finland 21 in other european countries 40 in asia and 1 in the us,0
dhfl looks promising prakash diwan,1
thin world markets rally may run longer draw new cash,1
pre market nifty seen opening flat may reclaim 7 800 levels,0
airasia shares falls as much as 7 per cent after reporting q3 losses,2
juniper tumbles on q1 warning cisco also lower jnpr csco,2
spicejet seeks shareholders nod to hike promoters holding,0
india tea prices drop on rising supplies,2
mustardseed futures up on increased buying,1
metal space under pressure now deepak mohoni,2
m real corporation stock exchange release 27 august 2009 at 3 15 pm m real has received the eur 190 million cash payment from sappi m real corporation a part of mets liitto group divested its graphic papers business to sappi limited at the end of 2008 for eur 750 million,0
we are delighted to welcome elisa to our board of directors said garry mcguire ceo of rmg networks,1
at the same time sales development in russia was boosted by the opening of stockmann nevsky centre in st petersburg,1
kauko telko s centralized administration will be dissolved and appropriate parts of it will be transferred to operating activities and group administration by the end of the year,0
shipping corp weak freight rates remain a major concern,2
spot demand lifts crude palm oil futures,1
the objective is that trading in the shares will commence on may 2 2007,0
the respondents praised finnair s reliability finnishness and understanding of its target group,1
the dollar fell though against the pound and the yen,2
swaraj engines share price surges as company announces 330 dividend,1
hindi daily amar ujala plans to raise rs 300 via ipo next month,1
finnish swedish tietoenator is expanding its business quickly in russia,1
texmaco could give favourable returns deepak mohoni,1
the reasons behind the estimate include the rise in 2008 rent levels and several fully leased office and retail properties which were completed and added to the company s investment property portfolio,0
growth is expected to continue in 2008,1
aapl aapl gundlach slams ipad mini sees downside to 425,2
shanghai shares finish at 19 month high,1
operating profit rose to eur 4 7 mn from eur 3 6 mn,1
pc jeweller reports 47 pc drop in net profit to rs 102 80 crore,2
egypt uprising causes volatility in gulf markets,2
standard chartered axes 15 000 jobs raises 5 1 billion in capital,1
ricoh india plunges 10 on poor q1 results,2
mep infra developers ipo why it can potentially be a risky bet for retail investors,2
silver edges lower on global cues,2
rakesh sethi takes over as new cmd of allahabad bank,0
nasdaq listed yahoo inc has introduced a new service that enables malaysians to take their favorite internet content and services with them on their mobile phones,1
tesco woes drag down britain ftse 100 share index,2
net sales in 2010 were about eur 2 0 billion of which international operations accounted for roughly a quarter,0
clsa picks top 12 investment themes for 2014,0
bwld bearish engulfing candle,2
neutral on shiva cement seshadri bharathan,0
yit construction and the town of riihim ki have signed a lease contract whereby the town will occupy the travel centre office facilities,1
proha plc euronext 7327 announced today 19 may that its fully owned subsidiary safran software solutions as has agreed to sell its 49 share of safran north america llc to a sna holding as an investment group based in norway,0
sebi to tap social media for investor awareness campaigns,0
rajesh subramaniam helped firstsource execute a perfect turnaround,1
hindustan media ventures q4 net profit up 20 per cent,1
astrazeneca dec qtr net up 28 26 at rs 28 32 cr,1
world shares at 6 month low as growth worries mount,2
companieshoward davies appointment as rbs director delayed,0
the value of the contracts is about eur 3 3 mn,0
upm stock fell 3 percent to euro 12 49 17 24 in early afternoon trading in helsinki,2
bse to begin charging for currency derivatives trade,0
fb popping up to hod,1
operating profit for the nine month period decreased from eur19 9 m while net sales increased from eur155 7 m as compared to the corresponding period in 2007,2
u s based t corp is in talks with scandinavian telecoms company teliasonera to sell its stake in uzbek cellular operator coscom an executive at coscom told interfax,0
the planned facility estimated to cost around 814 million would be the largest biodiesel plant in the world and use palm oil certified by the roundtable on sustainable palm oil rspo,1
wabag net profit slips despite a 34 revenue jump,2
we are pleased to invite you to join m real s international conference call at 3 00 p m eet,0
welspun corp soars 9 on robust q2 earnings,1
it delivers a different user experience and enables us to widen the market we can address,1
50 oil is already here,0
natco pharma rallies on strong q4fy15 results,1
the acquisition is part of ramirent s strategy to strengthen its position in selected locations,1
ranbaxy poor business outside india hurts numbers,2
exporters gain on us fed s optimism,1
hopes of rate cut good q3 lift sensex to a new high,1
hero motocorp appoints sanjay jorapur as chief hr officer,0
stuk today is a full service house expert in radiation and nuclear safety issues,0
choose from a giant countdown with red head or rainbow trout or the giant shad rap in perch color,0
grasim net falls 59 on lower sales,2
silver demand could fall 7 per cent in 2014 report,2
sebi probe maharishi vedic firm says not into public deposits,0
persistent net up 37 pc at rs 57 cr revenues rise 19,1
niit tech reports over 70 per cent jump in net profit at rs 68 2 crore,1
sell cesc ltd with a target of rs 587 ashwani gujral,2
harsha viji is deputy md of sundaram mf,0
bata india q4 net soars 35 39 stock up,1
few levers of growth for hindustan unilever in near term,0
indian clearing corp goes in for rs 340 crore insurance cover,0
colgate appoints issam bachaalani as managing director with effect from october 1,0
kotak mutual fund appoints harsha upadhyaya as equities head,0
buy zee entertainment with a target of rs 295 ashwani gujral,1
tv18 broadcast q4 profit at rs 95 47 crore,0
the company aims to maintain this trend in profitability during the current year,1
why put up costly cell phone towers in thinly populated areas when a few balloons would do,0
the terms of the transactions remained undisclosed,0
900 950 ideal for entering tcs technical trends,1
global oil prices slide rout undeterred by us jobs data,2
v guard looks promising nimbus wealth management,1
it is sensexs third worst samvat in a decade,2
delta corp shares up on resort buy,1
most nifty 50 companies to project sluggish growth turnaround at least two quarters away,2
sector rotation will ensure the nifty remains up ashwani gujral,1
hong kong shares fall but post quarterly gains,2
why tech stocks are trending again,0
essar oil slumps 6 4 per cent below delisting floor price,2
in the second quarter of 2010 the group s pretax loss narrowed to eur 400 000 from eur 600 000,1
rei agro slumps over 6 on media report about rbi queries,2
sell exide industries ltd with a target of rs 113 mitesh thacker,2
asian stocks tread water ahead of us jobs data,0
bombay stock exchange suspends trading in 49 companies,0
andhra chilli turns hotter exports hit,2
viom networks pushes back ipo plans to april 2016 as market turn sluggish,2
sentiment in government bond market turns bearish,2
profit booking grips sensex top ten stocks in focus,2
the profit after taxes was eur 57 7 11 1 million,0
public services will also be available,0
menthol rises on buying support,1
spain s caixabank expects to close deal for banco bpi,1
hold aditya birla nuvo with a stoploss at rs 1 700 vijay bhambwani,0
again the most significant sales increase of 18 6 was in russia,1
recent correction should bring back foreign investors to india,0
slump in weir leads ftse down from record high,2
markets may correct this week buy on dips looks a safe play,1
finnair plc carried a record 8 8 million passengers in 2006 an increase of 3 5 percent on the previous year the finnish national carrier reported tuesday,1
volkswagen shares slump a look at volkswagen s emissions crisis,2
hatson agro registers net profit of rs 13 89 crore in q1,0
i m liking the price action in swks currently 21 80 my target 24 00 before year end,1
gail q2 pat beats estimates at rs 1303 crore stock at 52 week high,1
ambit capital appoints saurabh mukherjea as head of equities,0
groundnut oil soars 35 creates record,1
china markets calm in thin trade,0
adpnews dec 23 2009 norwegian financial services group sparebank 1 gruppen as osl sbgrp said its board of directors appointed today jarle haug managing director of its claims collection subsidiary sparebank 1 gruppen finans,0
praj might bounce back if the market permits deepak mohoni,1
rbi s rate cut more money may chase fixed income products now,0
shreyas shipping q1 net dips 57 46,2
the repayment of eur 105 million debenture bonds is related to the company s previous announcement on october 21 2009 to collect irrevocable selling commitments from the holders of its subordinated debenture bonds,0
global markets feel winter chill as uncertainties rise,2
jk paper reports q4 net profit at rs 18 07 crore,0
diageo stock surges on news of takeover by brazillian billionaire jorge paulo lemann,1
finnair said that the cancellation of flights would cause daily losses of x20ac 2 5 million us 3 million,2
d street shakeup may be triggered by msci rejig,0
i am pleased that bjorn wahlroos has accepted the nomination,1
chilli teja futures hit lower circuit plunges 4,2
the acquired business main asset is a mobile authentication and signing solution branded as tectia mobileid which provides authentication to web e mail ssl vpn ms sharepoint tectia secure solutions and other applications and resources,0
pretax profit rose to eur 0 6 mn from eur 0 4 mn in the corresponding period in 2005,1
november 05 2013 mecklai financial report on rupee,0
adpnews feb 3 2010 finland based steel maker rautaruukki oyj hel rtrks or ruukki said today it slipped to a larger than expected pretax loss of eur 46 million usd 64 5 m in the fourth quarter of 2009 from a,2
msci launches low carbon emission fossil fuel reserve indices,0
re nears 2 year high on strong fund inflow hopes,1
raymond slips post drop of 86 in q2 profit,2
interglobe aviation to list its shares tomorrow,0
aap effect ril slips below rs 800 expert gets bearish,2
india cements posts rs 31 crore net loss in january march quarter,2
charting technicals investors can expect a multi year bull run in wipro,1
london marketwatch nokia nok said it s won a five year services contract to run hutchison essar s network operations in nine locations in india,1
in the building and home improvement trade net sales totalled eur 1 173 mn down from eur 1 566 mn a year earlier,2
manpasand ipo hits market today should you buy what analysts say,0
city union bank q3 net profit up 4 54 to rs 89 09 crore,1
firm 28 october 2009 finnish lifting equipment maker konecranes oyj hel kcr1v said today it acquired us machine tool solutions unlimited in cincinnati ohio for an undisclosed sum,1
tax worries drag rupee to over one month low,2
28 january 2011 finnish technology center operator technopolis oyj hel tps1v said today it will invest eur22 5 m in the construction of the second phase of an office facility in tampere,0
vc pe firms line up 1bn for green energy,0
hdil md sarang wadhawan sells 26 lakh shares of company,2
auto majors will continue to outperform ashit suri,1
syngenta surges as european shares edge higher,1
ncdex to bring in differential transaction charges from february 19,0
kaveri seed shares up monsoon rain sparks sowing hopes,1
raffles equities ltd became a substantial holder in archer exploration ltd on january 12 with 11 7 million shares 18 2 pc,0
bengaluru broking firm zerodha scraps fee for cash trades rivals miffed by move,0
keralas 1 gram gold jewellery is to go places,0
infosys q4 results five things to watch out for,0
tough competition slow revival in domestic cycle make steel stocks avoidable ajay bagga,2
gold declines on sluggish demand global cues,2
mastek net up over two fold at rs 20 3 cr in jan mar qtr,1
fi is developing cooperation in keyword advertising with microsoft,1
markets may not move much in the next 8 to 10 sessions ashwani gujral,0
sebi seeks clarification from 3 firms on ipo plans,0
standard chartered rbs escape capital raising in stress test,1
sparsh bpo to delist from bse shares soars 10 pc,1
don t buy into telecom stocks utilise opportunity to book out ambareesh baliga,2
executive pay should reflect company performance sebi,0
iihfl to raise rs 200 crore through non convertible debentures,0
pending investor complaints against companies rise 8 5 in october shows sebi data,0
3 january 2011 finnish flag carrier finnair oyj hel fia1s said today it sealed a nine year sale and leaseback agreement for its newest airbus a330 aircraft for syndication into the japanese operating lease market,1
srei infra is moving sideways ashwani gujral market strategist,2
aapl good time to buy will the run come before earnings or after,1
wockhardt stock plummets 20 pc on bourses,2
asia shares mixed after new wall street record,0
keeping tab on funds entering market sebi on black money,0
castorseed futures rise on fresh buying,1
public offer discounts should be given at bidding time sebi,0
capman an asset manager has eur 3bn worth of assets under management in the nordic region,0
as a result the distribution companies will start to distribute in addition to their current product offering shimano reels rods and other shimano fishing tackle products on an exclusive basis,1
opportunity to buy in titan ashwani gujral ashwanigujral com,1
deposit credit growth lift hdfc bank,1
abbott q2 net rises 41 to rs 64 crore,1
cpse etf debuts surges over 11 pc,1
we are very excited working with maxis on this first commercial deployment of master of maya said joe doering head of the asia south region at nokia siemens networks,1
as rao to join rpg as chief financial officer,0
bhel rallies on strong order book rises 10 in two days,1
midcaps overvalued vulnerable to further correction neeraj dewan,2
we are delighted to announce our support for intel based handheld platforms the capabilities of which have made our development easier and faster,1
its board of directors will propose a dividend of eur0 12 per share for 2010 up from the eur0 08 per share paid in 2009,1
further concrete cooperation is also carried out through various projects doctoral theses and diploma dissertations,0
demand for fireplace products was lower than expected especially in germany,2
recast dehradun move help macmillan turn to profitability,1
10 year bond yield off 13 month low on profit booking,2
ifci slips over 14 after govt raises stake to 55 57,2
ten year t yields to stay at 2 5 3 pimco bill gross,0
demand for gold in india tepid despite fall in prices to a 5 year low,2
in a media advisory the ntsb said that after subsequent testing the train detection system intermittently failed,2
asset rejig tightening will have big impact on banking system ur bhat,0
erkki jarvinen president of rautakirja and the head of the sanoma trade division will leave his current tasks in spring 2009 for a similar position outside the sanoma group,0
mining stocks down as iron ore hits 5 1 2 year low,2
insider case sat rejects ril plea against sebi stock ends in green,1
in his turn fradkov said russia is interested in adopting finnish experience in forming technology parks in the framework of implementing the law on special economic zone,0
hero motocorp forms subsidiary in columbia stock gains,1
nflx 3 of the lows,1
the company operates worldwide and employs in total approximately 47 000 persons,0
interest in fmcg limited bias towards high beta stocks gautam trivedi,0
vijay kelkar appointed chairman of nbhc,0
atul auto strikes big with dream run in smaller cities,1
ukraine standoff threatens sensex index below 21k top stock bets,2
sebi proposes stricter rules for securitisation deal trustees,0
ramco systems surges on pact with australian firm up 100 ytd,1
dow has worst drop since february what happened,2
omaxe q3 net down by 20 7 to rs 22 57 crore,2
meher pudumjee is the new chairperson for cii pune,0
valuations of banking stocks looking decent dhiraj agarwal standard chartered capital markets,1
v guard rallies 12 as q4 net profit doubles to rs 20 5 crores,1
neutral on zee ambareesh baliga,0
oil at three month high on iraq anxiety stocks steady,1
rural electrification corp raises 15 15 billion rupees via 7 yr bonds sources,1
dollar stands tall on fed show of economic confidence,1
vishal retail posts q4 net profit at rs 10 47 cr,0
kwality among cheapest plays in dairy sector ashish maheshwari,1
it is a testament to the quality of our lte solution and our commitment to the japanese market he added,0
finnish bank alandsbanken said monday it will buy the swedish operations of iceland s troubled kaupthing bank for 414 million kronor 49 5 million in cash,0
the parties have agreed not to disclose the transaction value,0
gvk surges over 3 on 10 billion australian deal,1
hexaware technologies shares rally as q2 net soars 23,1
in finland the launch of tie in sales of 3g mobile phones did not cause a dramatic rush in mobile retail outlets during the first few days,0
dewan housing finance corporation aims raising 300 million via ecb set to launch mutual fund business,1
operating profit rose to eur 103 4 mn from eur 23 2 in the corresponding period in 2006,1
the energy shot is packed in a 100 millilitre bag with a screw cap,0
long position on ip scaling up,1
tcs q4 profit seen at rs 5 397 cr qoq,0
hind copper q2 net up 38 7 on higher sales,1
jp associates is a decent buy closer to 60 62 levels ambareesh baliga,1
shreejit mishra two others quit hul,0
layoffs will also take place at the suomussalmi and kuhmo plants this autumn as a result of codetermination negotiations held there,2
the group said it intends to initiate within this year the process of buyout of minority shareholders of ragutis with the aim of becoming the sole owner of the company,0
a high court in finland has fined seven local asphalt companies more than lion 117 million for operating a cartel,2
govt s boost to infra sector may auger well for road sector stocks hemindra hazari,1
rate sensitive stocks gain as retail inflation eases,1
don t recommend buying in it space at current levels sandip sabharwal,2
nucleus software s q3 net soars 90 at rs 23 38 cr,1
infosys settles higher ahead of q3 results,1
russia s sistema down 7 6 per cent after yevtushenkov house arrest ruling,2
groundnut oil now the most expensive cooking oil in india,1
jeera futures edge higher 3 20 on export demand,1
managing director s comments net sales for the first quarter were notably lower than a year before especially in finland russia and the baltic countries,2
he is a member of the board of numerous com panies and a shareholder of the boardman ltd board specialist net work,0
output not stretched says rubber board,0
gunit chadha deutsche bank india ceo to move as co head asia,0
volkswagen places shares at 191 euros each raises 2 billion euros,1
mphasis nose dives by 27 pc on weak numbers hits year low,2
network18 gets shareholder nod to raise up to rs 1 000 crore,1
jsw steel s crude steel production up 9 stock down,2
cardamom futures extend losses down 0 55 on adequate stocks,2
bel available with decent valuation of about 15 16 times hemang jani,1
goodyear india q2 net up 13 at rs 29 crore,1
britain s ftse gains land securities up after dividend hike,1
stockmann plc company announcement february 20 2007 at 13 40 an annual summary of stockmann s stock exchange and financial press releases in 2006 is available on the company s website at the address,0
aapl test the high today and probably go beyond after hours,1
raw material to cost ratio a key determinant for maruti suzuki s performance amit khurana,2
aapl short term fund redemption liquidations should have the channel cleared soon and on solid footing 520 is new floor come july,2
britannia stock may continue to return well despite expensive valuations rahul shah,1
kirloskar oil engines q1 profit jumps 35 to rs 52 89 crore,1
connectivity services include outsourced scan and capture which transfers paper invoices into electronic format and basware business transactions service enables the customer to receive and send invoices in an electronic format,0
breaking 52 week highs timing looks great now ahs baby post ige irdm ewbc phys ulta vnet biv,1
silver remains down in futures trade tracking global cues,2
china yuan steady on flat midpoint fix comments by forex regulator,0
the company initially estimated that it would cut up to 30 jobs,2
festive season likely to keep gold demand strong,1
bse sensex flirts with 25 000 levels top eleven stocks in focus,0
firstsource solutions q3 net jumps three fold,1
omc stocks not looking attractive ur bhat,2
nbcc ipo hits capital market to raise rs 120 crore for government,1
zinc futures rise 0 29 on global cues spot demand,1
this is a win for all oems targeting to develop wimax products,1
earnings per share eps in 2005 decreased to eur1 87 from eur1 89 in 2003,2
vodafone names philips chief kleisterlee as new chairman,0
asian paints q2 net at rs 347 30 crore,0
thermax slumps post weak q2 results,2
irb infrastructure q4 net down 28 to rs 109 crore,2
almost two thirds of olvi s net sales come from outside finland,0
gold futures plunge over 2 per cent on global cues low spot demand,2
sebi to discuss commodity market norms,0
kharif sowing expected to increase due to good monsoons sharad pawar agriculture minister,1
farm equipment push may fire up honda siel power,1
hitachi home life solutions fy 11 net profit down 36 at rs 29 crore,2
geojit posts rs 20 crore profit in q2,0
karur vysya bank q4 net up 17 pc at rs 115 cr,1
exel composites in brief exel composites is a technology company which designs manufactures and markets composite profiles and tubes for industrial applications,0
mundra port fy11 net up 35 82 at rs 918 14 cr,1
the power generated annually by loviisa covers about 10 of finland s electricity consumption,0
the company will make its marketing and sales investments initiated in 2009 even more efficient in 2010,1
rohwedder group is an automotive supplies telecommunications and electronics industry provider for customers in europe north america and asia,0
jubilant foodworks q4 net down 24 per cent at rs 25 cr,2
while i cant understand what theyre saying its impressive to watch him hit that ball at those speeds,0
fb big money is pouring into facebook from all directions,1
in q1 of 2009 bank of land s net interest income weakened by 10 to eur 9 1 mn,2
the 250 sq m 2 691 sq ft store in copenhagen s premier shopping district was inaugurated today further strengthening the company s presence in nordic capitals,1
upm kymmene produces magazine papers and newsprint as well as fine and specialty papers converting materials and wood products,0
iob q4 net profit declines at rs 58 60 crore,2
spy extreme win today 2 cents above 2009 low on 10 year and spy up 2 percent life is a bowl of cherries great short setting up,2
hot stock brokerages expect sharp gains in larsen toubro,1
supply of government bonds chokes growth of corporate bonds rbi deputy governor,2
megaas2000 aapl mcdonalds had a big growing success for years with the same bigmac and apple update and improbe iphone and ipad,1
we hope to clarify our policies to finnish businesses where there are any gray areas motlanthe said,0
renuka sugars board gives in principal nod for rights issue to raise rs 725 4 crore,1
ultratech cements profit declines 6 to rs 591 crore,2
m a buzz drawing interest to the pharma sector deven choksey,1
s korea won slips after 3 day gain shares flat,2
operating profit totalled eur 9 0 mn down from eur 9 7 mn in the first half of 2008,2
suzlon recovery on track costs competition may hurt company,2
l t trims its order book raises concern about its peers,2
gsk pharma open offer begins today stock hits 52 week high,1
sales for the department store division increased by 15 and sales for the clothing store subsidiary seppala increased by 8 meanwhile sales for hobby hall decreased by 12,1
the fair value of investment properties totalled eur 2 299 9 mn compared to eur 2 229 5 mn in the corresponding period in 2009,1
dhanuka agritech q4 net up 26 pc at rs 22 46 crore,1
state owned banks may have to shell out more on perpetual bonds,0
just dial rallies on launch of new search app,1
one of the headboxes will be equipped with a modern consistency control system to ensure cross machine profile of the plasterboard company said in a statement received by lesprom network,0
ceat q3 net profit surges three fold to rs 67 crore,1
metal stocks sink as china pmi data raises demand concerns,2
idfc s q3 profit rises 10 at rs 500 crore,1
festive seasonal buying pushes up sugar futures by 1 59,1
analysts surveyed by thomson financial expected revenue of 69 million for the quarter,0
rallis india shares tumble over 9 on weak q2 results,2
stole my tweet really wouldn t be surprised if we took out 423 and pinned around it rt totalguru we could possibly even see425 today aapl,1
shriram transport finance to borrow up to rs 3 000 cr via ncds,0
the last quarter was the best quarter of 2009 in net sales and the operating margin rose to 12 2,1
aapl long 630 91,1
fiis trim stake in fmcg companies during jan mar quarter,0
foreign investors scramble to buy indian bonds,0
indigo flies to mcap of rs 31 655 crore after listing at 12 per cent gain,1
january 15 2014 mecklai financial report on rupee,0
dollar climbs on yen boj passes baton to ecb,1
national spot exchange ltd settles rs 330 crore of rs 5 500 crore dues in 33 weeks,0
peroni and grolsch put up for sale as ab inbev plans acquisition of sabmiller,1
triveni engineering posts net loss of rs 29 74 crore in october december quarter,0
diluted earnings per share eps stood at eur 0 25 versus eur 0 42,2
sri lankan rupee forwards steady as central bank prevents fall,0
those uncertainties cloud the long term outlook,2
gold dips but malaysian plane downing seen aiding sentiment,0
multi top on mcd chart finally leads to a fall in price stability is questioned in the stock but coming weeks will tell,2
micromax goes public plans to raise 426 crore,0
liberty shoes logs 20 pc rise in june quarter net,1
sebi approves norms for research analysts,0
tsla bad day to short,1
fx traders to be interviewed as part of boe probe sources,0
infrastructure stocks will look up post elections harendra kumar,1
rupee seen lower on opening against dollar strength,2
hanung toys and textiles net q4 down 2 9 pc at rs 32 crore,2
companieskingfisher bid for mr bricolage runs into trouble,2
colgate approves third interim dividend for current fiscal,0
the platform is based built on intel s second generation mid platform called moorestown,0
marico q2 up 12 to rs 118 cr,1
recommend to stay in markets at this point of time tirthankar patnaik,0
tesla model x recall adds to reliability issues tsla,2
camlin is an outperformer deepak mohoni,1
syntel appoints nitin rakesh as ceo and president,0
rcom rallies 20 in april more deals will lead to re rating say brokerages,1
eps grew to 0 04 eur from 0 02 eur,1
j k bank nets rs 932 crore in nine months,0
blue chips lead from front on board rejigs,1
at the end of march 2007 the group s order book was at eur 39 6 mn up 42 from the corresponding period in 2006,1
the bank vtb24 provides mortgage loans to buy apartments in the complex at 11 13 per annum in rubles,0
mcp rolling over for a new intraday low bottom pickers continue to get destroyed,2
astrazeneca profit down as sales of stalwarts fade,2
debt heavy companies make the most of rate surprises stocks surge,1
mustardseed futures soften on profit booking,2
the incident happened at 2 30 p m on avenue 192 at road 196,0
crisil q4 net profit moves up 17 pc to over rs 45 cr,1
infibeam mulls filing draft red herring prospectus by december as it gears up for its ipo next year,0
religare enterprises raises rs 405 cr from preferential allotment,1
videocon industries net profit up 5 55 per cent at rs 18 61 crore in december quarter,1
finnish glass technology group glaston corporation omx helsinki gla1v reported on thursday 14 august an operating profit of eur6 5 m on net sales of eur201 5 m for the period january september 2008,0
sell voltas with a target of rs 149 prakash gaba,2
coca colas volume growth slows in january march quarter,2
central bank of india housing finance subsidiary eyes ipo,0
apparel maker kitex soars to all time high,1
jukka hienonen the current finnair ceo will step down at the end of january 2010,0
pgcil annual profit climbs 32 pc to rs 2 696 89 cr,1
fccbs weigh on subex as new orders raise hopes,1
eps dropped to eur0 2 from eur0 3,2
japan s recruit prices 2 billion ipo at top of range,0
sebi finalising new corporate governance code insider norms,0
sstl q4 net loss significantly narrows at rs 445 cr,2
augmentation of revenues for food security bill needs to be watched out for manish sonthalia motilal oswal securities,0
nifty to head towards 7680 if doesn t break below 7540 mitesh thacker,1
paper stocks like bilt do not make very exciting tradable bets vijay bhambwani,2
sks microfinance gains over 50 year to date can return up to 30,1
the final outcome of the rights offering is to be reported around 23 october 2009,0
government s decision on fdi positive for indian economy ajay bodke,1
china to start yuan trading on tuesday,0
mirc electronics net profit up at rs 9 71 cr in march quarter,1
wipro s chart is not looking very positive rajat bose,2
jyoti shareholders allege fraud company dismisses the charges,2
sell arvind ltd with a target of rs 135 mitesh thacker,2
mecklai financial report novermber 03 2014,0
bullya pollux654321 my 50 kors 80 calls are going to b a blessing for my daughters tuition,1
go short in metal stocks that are in green ashwani gujral,2
prestige estates projects q2 net jumps 70,1
oil prices fall stumbling emerging markets dent outlook,2
according to aktia asset management finnish analysts forecasts for 2009 are still too high,2
the german company has also signed a code share agreement with another oneworld member american airlines inc part of us based amr corp nyse amr,1
both operating profit and turnover for the nine month period increased respectively from eur2 4 m and eur43 8 m as compared to the corresponding period a year ago,1
low oil price strong rupee to reduce fiscal deficit deutsche bank,0
ind swift gets pmda approval from japan stk up,1
how to hedge yourself against ripples from asias biggest economy china,0
it appears from statistics of the technical surveillance authority that customers who switch service providers mostly transfer their numbers to elisa s network,0
nifty to trade in a range of 8350 8 550 ashwani gujral,0
nickel futures marginally up on spot demand,1
idfc slipped nearly 1 as it brings down fii limit to 48,2
rail stocks fall as sadananda gowda presents rail budget 2014,2
in accordance with our strategy we strengthened our local presence by establishing a representative office in south africa in october,1
the new structure provides better communication faster decision making and cost savings proha said,1
turmeric futures down 1 27 per cent on sluggish demand,2
update 1 lloyds to cut 945 jobs as part of 3 year restructuring plan,2
ajanta pharma shares surge 8 5 per cent on robust earnings,1
maharashtra sugar co ops in financial trouble as prices drop,2
sina even though the report is untrue and has been proven unture the damage is done no one wants to touch it now,2
ashok leyland slips nearly 3 as april sales dip,2
ccl products surges over 8 on q3 results strong outlook,1
as of july 2 2007 the market cap segments will be updated according to the average price in may 2007,0
the members of the management team will contribute to the adjustment measures with temporary salary cut of 5,1
the total value of the contract is some eur 8 million,0
paper company m real calculated that if 100 000 biscuit cartons are made using a 25gsm lighter board the co2 saved over the course of 12 months would be equal to that generated by driving 1 000 km by car,0
nse to launch trading in currency options on friday,0
whirlpool q3 profit doubles at rs 21 25 crore,1
commodities futures now part of supply chain,0
cardamom futures fall 0 40 on sluggish demand,2
symphony q3 net up 35 at rs 36 51 crore,1
usha martin zooms 20 on coal block win volumes up 23 times,1
the ministry of water in tanzania has awarded poyry a water and sanitation engineering assignment for the rehabilitation and extension of water supply and sanitation infrastructure in bukoba and musoma situated at lake victoria in northern tanzania,1
merger hopes trigger a rally in 3 associates of sbi,1
cil ipo in line with market expectations avinash gorakshekar,0
silver moves up in futures trade on higher global trend,1
billionaire john paulson retains stake in biggest gold etp,0
technical check not the time to log out of infosys stock can hit rs 1 600 in 1 year,1
too early to buy banking stocks deepak mohoni,0
finnish investment group panostaja oyj said its net profit went up to 8 6 mln euro 11 4 mln in fiscal 2005 06 ended october 31 2006 from 2 8 mln euro 3 7 mln in the same period of fiscal 2004 05,1
hrl ready to pop,1
le lay succeeds walter g nter and will be based in finland,0
deutsche bank shares leap 8 after co ceos quit,1
deliveries of nokia 1112 nokia 2310 and nokia 2610 are expected to start in the second quarter of 2006,0
a maximum of 20 employees who work in karttakeskus and are responsible for producing geographic information services will be affected the company added,0
the sale of the healthcare trade business supports oriola kd s strategy to focus on pharmaceutical wholesale and retail businesses,1
pound in pain as cuts push uk to print cash,2
in finland sampo bank now part of the danske bank group will lay off staff from the administrative and support functions,2
under the plan which cses worked out together with public policy management institute ppmi and other partners buildings with a total area of 10 000 square meters should be built on the territory in the first phase,0
ipfs of commodity bourses not to have fmc official as trustee,0
unichem laboratories q1 profit rises 112 per cent,1
be cautious on amount of stock you buy into beml devang visaria,2
nifty s worst new year start since 1996 what experts are betting on,2
the facility consists of a seven year bullet term loan of 200 mln euro 292 4 mln and a 150 mln euro 219 3 mln five year revolving credit facility,0
calculus new management s focus on earnings bodes well for crompton greaves,1
festive season to bring traction for auto space deven choksey,1
nri company files criminal complaint against baring asia,1
hexaware shares tank 11 on disappointing results,2
dish tv q3 loss at rs 38 25 crore,0
net sales surged by 18 5 to eur167 8 m teleste said that eur20 4 m or 12 2 of the sales came from the acquisitions made in 2009,1
the margarine business has been put into good shape in the last two years making it a natural addition to bunge which is looking to leverage its position in the central and northern european markets raisio ceo matti rihko said in a statement,1
sell asian paints ltd with target price of rs 450 mitesh thacker,2
talbros auto top bet from auto componenet space p phani sekhar,1
arbitrageurs building positions in natural gas counter on mcx,0
altogether finnair has canceled over 500 flights because of the strike,2
oil near 9 month high as iraq battles for refinery,1
googl gets an upgrade price target 970,1
residents access to the block is planned to be from aleksandri street,0
sandeep batra may go back to icici prudential life insurance,0
high valuations keeping investors away from fmcg counters deven choksey,2
cost control gives orient cement the edge during slowdown,1
pil expands capacity to take advantage of growing demand,1
nifty may retest levels of 8000 mitesh thacker,0
press release 9 october 2009 ruukki has signed a contract to deliver and install the steel structures for a bridge over the kyronsalmi strait in savonlinna finland,1
suuti stake sale won t have a significant impact on the long term profile of axis bank vijai mantri,1
monnet ispat energy records 23 y o y revenue growth in june quarter input costs squeezes ebidta margins,1
balrampur chini net losses narrows to rs 63 90 crore in q2,1
philips was not available to comment on the report,0
tza is a rocket ship,1
hexaware higher order inflows step up expectations,1
world oil prices sink further on mounting us supply,2
tcs shares gain over 1 per cent post earnings,1
adp news nov 6 2008 finnish retail software developer aldata solution oyj omx ald1v said today that it swung to a net profit of eur 2 1 million usd 2 7 m for the first nine months of 2008 versus a net loss of eu,1
players can borrow against corporate bonds,1
jyothy lab q3 profit soars 63 1 per cent at rs 27 4 crore,1
ebbing global cues weak domestic demand bring down lead futures,2
nikkei falls to 1 week low abe plan gets muted reaction,2
promoters take biggest hit of rs 5 500 crore in dlf share plunge,2
according to arokarhu some of the purchases that had been scanned into the cash register computer disappeared when the total sum key was pressed,2
bharat forge looks rich in valuations further corrections likely sudip bandopadhyay,1
shareholding norms l t finance holdings explores various options,0
the company s consolidated operating profit amounted to eur 15 86 mn up from eur 4 14 mn year on year,1
european shares hit 13 month low on growth deflation worries,2
zylog systems q2 net loss at rs 91 63 crore,2
where are markets headed 6080 is the new magic number,0
raymond stocks end 5 down market capitalisation erodes by rs 146 crore,2
omcs brave market volatility surge to 52 week high on positive outlook,1
jindal stainless rejig shareholders creditors meet on may 16,0
earnings per share eps for the first quarter 2007 amounted to eur0 07 up from eur0 04,1
mentha oil futures up 0 55 per cent on strong demand,1
martela said plans to expand its recycled furniture business elsewhere in finland too,1
ptc india fin plunges on disappointing q4 results ends 19 down,2
hong kong shares close down on china global jitters,2
parabolic drugs ipo fully subscribed,1
railway expansion plans bound to benefit titagarh other big players deepak shenoy,1
lower subsidy burden to boost omcs growth,1
wall street takes opposite paths,0
sebi may seek relief for commodity exchange warehouses,0
smh got a sell signal on 6 4 and needs to take out 39 28 to go higher otherwise headed lower than 37 60 gap below at 35 38,2
the stock price rose 70 0 ores or 0 9 to close at sek77 65 ending a two day streak of losses,1
operating profit totaled eur 3 8 mn down from eur 4 5 mn in the corresponding period in 2005,2
future retail shares tank 5 6 on bourses,2
russia micex falls below 1 400 points lowest since mid may,2
cox kings q3 net grows over ten fold at rs 31 crore,1
more than a third of the original participants dropped out due to nausea and other side effects,2
infra stocks a good buy from a long term perspective sudip bandyopadhyay,1
prabhat dairy to list shares tomorrow,0
cash flow from business operations totalled eur 0 4 mn compared to a negative eur 15 5 mn in the first half of 2008,1
recommend looking at telecom stocks from long term view anand tandon,1
cummins india new facilities in sezs debt free books to add more value,1
dcm shriram inds posts rs 6 8 cr net profit for march quarter,0
falling trade deficit better rain prospects boost markets,1
the company s previous estimate was for a lower revenue than the year ago eur 93 9 million,2
3 promoters sell 54 lakh db corp shares for rs 159 57 crore,2
bosch ltd posts q2 net profit of rs 305 crore,0
enter hpcl on dips vinith jain siddh capital,1
nestle india shares down almost 2 after earnings disappoint,2
european shares hit 4 1 2 month low on concerns over iraq,2
airlines surge over 6 on new draft civil aviation policy,1
infosys leads cnx it rally ahead of q1fy15 results,1
tsla recalls 2 700 model x vehicles shares volatile tsla tech stockmarket,2
volatile astrazeneca pharma rallies nearly 9 on de listing plans,1
finnish bank of land landsbanken has issued a profit warning,2
britain s ftse falls election jitters dampen sentiment,2
cost cuts reworked deals boost siemens margins,1
wfm bought a little yesterday hoping for an earnings pop,1
also the city s insurance company if p c insurance has said it will not pay compensation,2
gmdc standalone net profit falls to rs 82 crore in december quarter,2
manufacturing stuns markets with best show,1
eriikka s derstr m has previously held several positions in finance and control at nokia networks including acting as the business group controller and having the corporate controller position at nokia siemens networks,0
hong kong shares fall again financials down,2
here come the shorts marchin in gmcr lovin it,2
care reports flat net in q3,0
india likely to issue new 10 year bond in june sources,0
you will hear the latest insights and updates on citycon s strategy as well as the latest news from all the business units,0
finnish sports equipment company amer sports said it has decided to lay off 370 workers from its salomon division in france,2
infosys marginally in red as bpo unit sacks cfo abraham mathews,2
rumour of split with starbucks holding down tata global beverages ambareesh baliga,2
have notified that as a result of the company issuing 14 432 000 new shares in the directed offering the joint holdings of pequot has decreased below 1 10 to 9 63 of total number of shares and votes in the company,2
tsla recalls 2 700 model x cars stock dropping hard,2
thermax posts q4 net profit at rs 126 50 cr,0
amtek auto fallout are rating agencies slow to raise alarm on possible defaults,2
gold climbs above 1 320 oz ahead of us federal minutes,1
australia shares close 0 3 lower at two week lows retailers lift,2
they re in a race with google to get lots of users onto their service as social networking creates new business models said martin garner a london based analyst with ccs insight,0
nsel scam unfolds the forces that caused jignesh shah s abrupt arrest,2
talvivaara is listed on the london stock exchange main market and nasdaq omx helsinki and is included in the ftse 250 index,0
component suppliers to india mars mission in focus,0
power grid out of psu etf finmin files offer document,2
delayed monsoon low acreage may push cotton prices further up warns fitch,1
iot infrastructure energy services raises rs 3000 crore from domestic investors,0
it grew in finland norway denmark and the baltic countries,0
local cos eye aim listing to gain from india craze,1
qe fears resurface markets crash heres what experts are betting on,2
guargum futures fall on weak overseas cues,2
cashew prices rise on fresh buying,1
volatile markets end higher sensex closes higher by 185 points,1
mt educare ipo subscribed 65 pc on day 1,1
pratibha industries q1 net up 22 at rs 23crore,1
godfrey phillips india q4 net down 35 94 pc,2
indian oil profit drops 35 per cent as refining margins shrink,2
rubin says he expects capman to announce 1 2 additional transactions in 2009,0
nordea pankki suomi oyj according to previously announced has made forward contracts on alma media corporation shares,0
indigo s rs 3 018 crore ipo three times oversubscribed,1
global stocks lackluster after tech tumble,2
ennore port launches rs 500 crore tax free bond sale,0
escorts rallies over 30 in six sessions more upside seen,1
short interest increases yet again via ryandetrick spy,2
oil gas stocks up 2 per cent on bse,1
uninor ceo yogesh malik quits sigve brekke made interim ceo,0
the combined value of the planned investments is about eur 30mn,0
pulses prices end steady in tight movements,0
icici securities launches e voting facility for shareholders,0
olvi which controls a 94 percent stake in ragutis through a le coq said in its annual report published earlier this year that the lithuanian brewery s sales reached 15 04 million euros last year a rise of 20 4 percent from 12 49 million euros in 2004,1
lyka labs to raise up to rs 100 crore via securities,1
fiis put 1 3 bn in indian equities in april,0
levels of 1000 possible for bata india ashwani gujral,0
biohit said that it will reduce the number of leased personnel by 10 and lay off 10 of its own personnel,2
broad based rally begins nifty may retest 8 350 8 400 ashwani gujral,0
amfi forms panel to decide stance on shareholder votes,0
guarseed futures hit daily upper limit,1
as danish bond market dries up investors look for more liquid assets,2
crude palm oil futures up on spot demand,1
finnish forest industry group stora enso oyj issued on thursday 20 march a profit warning for the first quarter 2008,2
glenmark q3 net up 16 45 to rs 109 55 cr,1
sensex slips nearly 200 points as us fed sticks to tapering,2
nifty to stay stock specific mitesh thacker,0
psbs a good bet from a 2 3 year perspective angel broking,1
growth more promising in midsize it companies deven choksey,1
puravankara projects q4 net jumps 71 per cent,1
oil s 45 rebound could be testing nerves of markets and policymakers,1
infosys implied volatilty hits 5 year high as buyers queue up to puchase options ahead of results,1
spot demand lifts lead prices by 0 69 at futures trade,1
european stocks fall back as ukraine tension grows,2
nifty likely to test 7 500 7 600 levels mehraboon irani,0
gold purchases to resume with mid aug festival demand,0
bhp billiton share price brazil to sue samarco for 3 5bn,2
dollar supported by ecb talk japan election speculation,0
department store sales improved by 14 to eur 1 070 6 mn,1
fiis pour in over rs 1 000 crore in equities,1
there will be return flights from stuttgart every morning as well as evening departures on thursdays fridays and sundays,0
the company operates through four principal divisions consumer packaging office papers speciality papers as well as market pulp and energy,0
rubber prices slump to 2009 lows,2
bond funds worldwide attract 204 billon inflows beat stocks bofa,0
oil prices mixed in asian trade,0
the inventor was issued u s patent no,0
no financial detail were available,0
revenues at the same time grew 14 percent to 43 million euros,1
oil prices at a 13 month low slips to 102 per barrel,2
greater yuan volatility a boon for china,2
icra q2 net rose 16 to rs 15 57 crore,1
capacity addition to help apl apollo,1
barley futures spurt on fresh buying,1
indiabulls fin services q3 net drops 5 98 per cent to rs 63 99 cr,2
europe shares dip on report of stress test failures,2
get ready to test 8 650 8 700 on nifty sandeep wagle,0
housing lender indiabulls plans up to 600 million share offering,0
indraprastha gas gains 2 as govt defers gas price hike,1
refined soya oil futures fall 0 87 per cent on weak demand,2
mr ashley deputy executive chairman of sports direct sold a 43pc stake in the company for more than pounds 900m at the time of the float,0
sell reliance power ltd with a stop loss of rs 69 sandeep wagle,2
gillette india s sale offer subscribed 14 stock surges,1
operating loss totaled eur 25mn compared to a profit of eur 63mn in the corresponding period in 2005,2
sunteck realty building a solid foundation,0
uninor q4 operating loss widens to rs 276 crore posts annual gain,2
cyclical stocks come full circle ride high on earnings upgrades,1
rolta india going through downtrend ashwani gujral,2
prestige estates projects ipo what experts say,0
emerging market assets get respite as dollar pulls back,1
we were the lowest bidders and now the final approval is awaited,1
exporters worry as rupee breaks free further strengthening could spook exporters,2
amrutanjan healthcare q4 net up 89 pc to rs 5 59 cr,1
hong kong stocks flat at lunch wall street leads offsetted,0
at 58 apollo tyres becomes a buy ashwani gujral,1
broking firms revive expansion plans,0
strategic and operational business information is objectively reported,0
the total number of filling stations has been on the decrease recently,2
pimco slashes holdings in flagship fund by 15 braces for fed rate hike,2
aspocomp group headquartered in helsinki finland develops interconnection solutions for the electronics industry,0
interim budget impact markets get a boost ratings cut worry ebbs,1
avoid getting into justdial even as the stock continues to fall ashwani gujral,2
epfo wants funds to lower fee for investing in equity via etfs,0
sanghvi movers a turnaround story ifb inds to see festive boost kunj bansal,1
kesoram promoters infuse rs 200 cr to raise stake to 49,1
it stocks also crack experts say markets may slip 15 from here,2
sci soars 8 pc in early trade on bse,1
india bond yields fall on arun jaitley comments,2
operating loss of the pulp paper machinery unit was over eur 3mn in september 2007 august 2008 compared to a profit of eur 3 7 mn a year earlier,2
rad i would consider this opportunity to add my position because the company is on the right track they are still improving sales,1
in the baltic countries sales fell by 40 2 and in russia by 23 2 in terms of euros and by 10 7 in terms of local currency,2
networkplays ceo ampreet singh quits,0
canara bank q4 profit down 16 at rs 611 crore,2
beaten down brokers revive business as stock markets rally on new government optimism,1
tata power rs 2 000 crore rights issue to open on march 31,0
current market rally led by large caps ashwani gujral,1
decent upside left for idfc prakash diwan,1
astrazeneca pharma plunges 9 as board defers delisting offer,2
glaxosmithkline pharmaceuticals q1 net dips 43 to rs 96 5 crore,2
kemira headquartered in helsinki finland is an international chemicals group comprising the business areas kemira pulp paper kemira water kemira specialty and kemira coatings,0
finnish metal components supplier componenta on december 26 2006 applied for approval with the turkish capital markets board to launch a mandatory offer for the remaining shares in iron and aluminium castings producer doktas dokumculuk,0
bhel plunges over 4 as q2 results disappoints,2
all power stocks are looking weak rajat bose,2
bullish on cairn india could head towards as high as 355 360 mitesh thacker,1
market taking cues from global factors and quarterly results sudip bandyopadhyay,0
australia shares end flat ahead of bank results,0
sistema shyam teleservices ltd reports a narrowed loss of rs 400 4 crore for the first quarter,1
gold rises above 1 200 shrugs off rising equities,1
there is great opportunity and great future for power grid sudip bandyopadhyay,1
revenue for the quarter totaled 27 4 billion down 2 percent from 28 1 billion in the fourth quarter in 2008,2
up based sugar firms gain on sp win in state polls,1
wayne greensmith fiskars brands uk senior brand manager said we have launched this as we want to give something back to the community,0
basf india new plant boosts valuation,1
commex intra day turnover slips as commodity transaction tax comes into force,2
uti mutual fund appoints suraj kaeley as group president sales marketing,0
earnings per share eps amounted to a loss of eur0 05,2
tax free bonds are back be an early bird to gain advantage,1
dewan housing finance q4 net up 40 pc at rs 59 cr,1
last year finnair recorded a 32 6 percent growth on the asian sector carrying more than 1 10 million passengers between the two continents,1
at first solteq s services to companies operating in the st petersburg area will include maintenance and material management systems and data collection solutions,0
dollar steadies in asian markets despite weak gdp data,0
pretax profit totaled eur 4 9 mn compared to eur 5 2 mn in the first quarter of 2005,2
delta corp will have sustainability only after 65 levels vijay bhambwani,0
homebuilders ryl breaking below support watch this one spy,2
hcc rallies 5 on completion of first tunnel for kishanganga project,1
google shares tumbles 2 3 per cent as profit dips,2
info edge a great investment story says prakash diwan,1
michael mayer appointed director of volkswagen passenger cars in india,0
jeera futures fall 0 66 on low spot demand,2
iron ore steadies at highest level on decline in raw material stocks,0
overseas funds plug into power gear makers,0
industry today needs simple de jargonized products tapan singhel bajaj allianz general insurance,0
the total need for staff cuts corresponds to about 300 man years,2
union bank q4 net drops 23 on higher provisioning,2
markets can correct between 8300 8400 range ashwani gujral,0
nifty might consolidate between 8950 8980 levels mitesh thacker,0
late rains in rajasthan improves pulses acreage,1
headquartered in this city the company is nearly 75 years old and focuses on science based innovation and technology for environmental measurement,0
com and we are constantly planning new ways to serve our customers online on a more comprehensive basis says matti leminen president of anttila oy,1
sector watch cement outlook improves prices rise in north,1
the fair value of the company s investment properties went down to eur2 769 bn at the end of september 2009 from eur2 878 bn a year earlier,2
ttk prestige q1 net down 17 per cent to rs 22 crore,2
finnish construction group lemminkainen oyj hel lem1s said today it has won a contract to provide technical services for the nevsky centre shopping mall to be opened in november in st petersburg russia,1
lead futures down 0 48 per cent on sluggish spot demand global cues,2
10 takeaways from the second quarter results of infosys,0
rupee slightly weaker fund flows watched for cues,2
manoj vaish new ceo of mcx bourse to trim stake by january 18,0
extremely positive on ril stock may see rerating mayuresh joshi,1
rashtriya ispat nigam ltd posts 25 growth in fy14 turnover,1
finnish silicon wafer technology company okmetic oyj omx helsinki okm1v reported on thursday 7 august an operating profit of eur5 3 m for the period january june 2008 up from eur3 3 m in the corresponding period in 2007,1
nifty to hit 8 450 by expiry of june f o series mitesh thacker,0
tcs strong q3 results fail to cheer street stock down over 4,2
gold demand falls in q2 as jewellery bar sales slide wgc,2
operating loss totalled eur 5 2 mn compared to a loss of eur 3 4 mn in the corresponding period in 2008 2009,2
astrazeneca wins fda approval for key new lung cancer pill,1
previously the company had guided for ebit and sales growth of 20 pct and 10 pct respectively for this year,1
dgh to question ril on falling kg output stock falls,2
our customers now have the chance to make bookings for all the services they want at one location said mikko tuomainen in charge of finnair s internet sales,1
mtnl raises rs 3 768 97 crore through bonds this fiscal government,1
green shoots of economic recovery visible nifty seen at 8 000 levels,1
exl beats profit estimates cuts sales outlook,1
australia shares slip on rising bond yields down 1 2 for week,2
nalco reports record turnover in 2012 13,1
gtat will re enter short on bounce,2
this beauty is an updated version of her chichi loop shade launched in 2001,0
wonderla holidays debuts on nse at rs 160 apiece 28 higher than its issue price,1
fears of regulatory checks drag sks micro down,2
nestle q3 net up 9 22 at rs 311 29 crore,1
trying to find where weakness is coming from in financial space jitendra mehta edelweiss,0
small stocks give better returns to investors so far this year,1
energy development company seeks shareholders nod to issue shares worth rs 44 crore,0
eur 152 4 mn of this was net interest income,0
yes bank q4 net up 33 pc at rs 362 15 cr declares 60 pc dividend,1
medium term prospects of it sector encouraging nitin raheja,1
sales in finland decreased by 2 0 and international sales decreased by 9 3 in terms of euros and by 15 1 in terms of local currencies,2
sensex retreats from all time high ends 190 points lower,2
the buildings with about 40 condominiums each will be built in 4 or 5 stages,0
ozone pharma planning for ipo in the near future,0
dollar wilts in wake of downbeat us gdp revision,2
adobe receives new rating from top analyst adbe,1
oberoi realty q4 net up 30 pc at rs 136 66 cr,1
sector wide consolidation and improving fundamentals will boost shoppers stop s valuation,1
abhay kumar singh is new ceo of sbi cards,0
chana futures soften 0 31 on weak demand,2
investors cheer portuguese bank rescue,1
amzn new hod with conviction keeping 570 on watch for resistance,1
uti appoints leo puri as managing director after more than 2 year search,0
brent steady under 109 set for second weekly loss,2
eros international holds high potential but need some clarity deven choksey,0
the announcement pushed freenet shares down 6 3 or eur0 71 in frankfurt trade to eur10 65 as investors gave up hope united internet ag and drillisch would pursue their own takeover and breakup of freenet,2
the reductions will be implemented immediately beginning in october 2009,0
kirloskar brothers posts rs 19 7 crore profit in december quarter,1
jspl surges as delhi hc stops auction of two coal blocks,1
irfc may raise rs 6 300 crore via rupee denominate bonds abroad,0
narendra kothari takes over as new chairman and managing director of nmdc,0
report otc trades in corporate bonds within 15 minutes sebi,0
puravankara s real estate scheme not a cis sebi,2
abb relying on short term orders to lower risk,0
rane holdings q3 net up 13 74 per cent at rs 11 42 crore,1
delhaize le lion has selected the aldata g o l d vocal pda solution on the motorola wt4090 pda terminal,0
buoyed by infosys results brokerages raise target price,1
corrections in market will be shorter than rallies ashwani gujral,0
in return the new york based private equity firm will receive a 51 stake in the latvian it and telecom group,0
d street fears a volatility spike on uncertainty over fed heavy fpi selling and weak rupee,2
seafood exports up on better demand,1
the extraordinary general meeting is expected to take place no later than 18 february 2011,0
sebi to tweak employee stock option norms,0
consider tata motors from an investment perspective deven choksey,1
improving macros add to bullish sentiment,1
patni computers zooms 8 pc on stake sale buzz,1
an error in updating shareholding pattern costs tata group firm rs 2 28 lakh,2
nickel futures down 0 27 per cent on overseas cues low demand,2
raghuram rajan wins in sydney but indian markets don t care,0
iifcl fy11 net rises by 61 pc to rs 262 28 cr,1
duncans surges after 50 stake sale,1
therefore the company s 2005 result will remain weaker than that of 2004,2
divya gupta appointed ceo of dentsu media,0
investors remain skeptical about shell bg deal,2
taro contributed one third of sun pharma s consolidated net sales,0
the passenger tunnel is expected to be put into operation in 2009,0
morgan stanley india head steps down,0
axp looking for continuation with volume increase,1
markets ahead is it lull before the storm on dalal street,0
oil prices mixed ahead of us stockpiles report,0
operating profit excluding restructuring costs grew to eur 44 5 million from eur 31 7 million while operating profit including restructuring costs showed even larger growth to eur 38 5 million from eur 7 4 million,1
isolationism another sell rating sell ratings on spy qqq iwm and several companies aapl apple axp bac,2
prime broking to move supreme court against nse arm,0
it does not make sense to go in for buying in the current environment hemang jani sharekhan,0
oil dives to new depths rush to safety aids yen,2
nsel investors forum to appeal against high court order,0
britain ftse resumes slide hit by emerging market exposure,2
for the new shares subscribed with stock options all shareholder rights commence from the date on which they are entered into the trade register,0
scopi chief business excellence officer eng,0
fed decision unlikely to calm markets fund managers,0
bhp billiton drags ftse lower after slashing dividend,2
gsfc rallies 40 in two days more steam left say brokers,1
profit after taxes totaled eur 12 1 mn,0
bajaj auto net zooms three fold to rs 475 crore,1
november 27 2013 mecklai financial report on rupee,0
economic survey india inc average ipo size 31 up at rs 827 cr in april november,0
fii inflows slowing tough times ahead for dalal street,2
eveready industries india q2 net profit rises over four fold to rs 17 64 crore,1
vmware appoints arun parameswaran as india md,0
copper futures decline 0 15 pc on global cues,2
ipca laboratories q1 net up 67 per cent at rs 71 77 crore,1
f secure appoints adarsh kaul as india director for sales and marketing,0
8 056 on nifty could be an invitation to initiate fresh shorts ashwani gujral,2
production capacity will increase from 36 000 to 85 000 tonnes per year and the raw material will continue to be recycled paper and board,1
xerox and stora enso have teamed up to tailor the igen3 to the short run on demand packaging market,1
8 160 8 250 on nifty could be a good region to sell into markets ashwani gujral,2
the market value of one crane is some usd6m reported the finnish news agency stt,0
china stocks end mixed after one child policy reform,0
in the end of 2006 the number of outlets will rise to 60 70,1
praj industries order booking is picking up substantially sandip sabharwal,1
sri lankan rupee falls to near record low shares weaker,2
yen plunge hurting but more still to come,2
following the demerger the vice president of the group s pharmaceutical trade in finland jukka niemi will be appointed managing director of oriola in addition to his current responsibilities,0
falling crude prices may adversely impact india global markets,2
astrazeneca and daiichi sankyo to jointly commercialise movantik in the us,1
videocon appoints sanjeev bakshi as coo,0
pistachio up on fresh buying,1
sistema shyam q2 loss widens rs 1 180 crore on weak rupee,2
top 5 sensex companies lose rs 65 570 crore in market cap tcs drags,2
first pharma ipo in 5 years syngenes debut offer subscribed 32 times,1
yes bank a good stock to invest rajesh jain market strategist,1
revival of the hydropower sector to bode well for nhpc,1
operating profit declined mainly due to the increased cost of wood and recycled fiber and the strengthened euro,2
advisory firm asks investors to reject indiabulls real estate s preferential issue,2
rapala estimates its net sales for 2008 will increase by between 8 0 pct and 12 pct assuming 2007 exchange rates,1
import duty on wheat likely,2
smaller real estate stocks look good ashwani gujral,1
higher inventories and capex took a toll on tata steel dipen shah,2
somany ceramics posts 32 profit growth in q4 net profit rises to rs 15 crore,1
indian market retains trillion dollar tag for now,0
mcx may be restrained from launching fresh contracts,2
icici bank gains over 1 after board approves 1 5 stock split,1
dishman pharma hits 52 week high as drug maker gets licence to manufacture tb medicine,1
exide is a good long term investment stock deepak mohoni,1
bond yields largely unchanged in range bound trade,0
over 5 6 stake in dish tv pledged,2
daily mail parent company in talks with potential partners about joint bid for yahoo s internet assets yhoo,1
sell dish tv ltd with a target of rs 51 prakash gaba,2
outokumpu s steel mill in tornio in finland is the suspected source,2
oracle worth watching over next few days deepak mohoni,1
federal bank q1 net profit rises 30 to rs 190 35 crore,1
the hosting mobile terminal guides information flow between itself the participating terminals and optionally with network servers that may assist the hosting mobile terminal,0
walter investment management corp receives a sell from compass point wac,2
medium sugar recovers on fresh demand,1
hydropower companies look sluggish deepak mohoni,2
mphasis no major turnaround for the company in the near term,0
essar oilfields ropes in ankur gupta as new ceo,0
hexaware s q2 revenue rises 5 6 helped by growth in europe us,1
calculus recovery in china new models may help tata motors,1
near term trajectory of psu banks shaky but buy stocks on dips parag thakkar,1
three chinese asset managers commit funds to stock purchase plans,0
really surprised by how much fb has now fallen thought there d be some support around the 50d but i guess not,2
oriental bank of commerce q1 net profit rises 3 to rs 365 crore,1
mastek shares surge 9 5 ahead of buyback proposal,1
tube investments climbs 11 on stake sale in insurance jv,1
the company which makes garden tools scissors and other consumer goods said earnings were boosted by 6 9 mln eur of income it received from its 16 7 pct shareholding in finnish engineering group wartsila,1
bharat forge s q3 net soars 98 to rs 94 crore,1
sensex rangebound on the first trading day of 2015 top twelve stocks in focus,0
the report will be emailed within 2 business days of an order,0
exports of goods fell by 59 and imports by 16 7,2
rt alphatrends vmarkets are still acting weak spy qqq xlf smh iwm,2
mf investors may face service tax whammy,2
mmtc q3 net rises 12 8 pc to rs 28 10 crore,1
man industries surges over 19 intraday on rs 510 crore export order,1
sell lic with a target of rs 385 prakash gaba,2
in finland insurance company pohjola and the finnish motorcyclist association have signed an agreement with the aim of improving motorcyclists traffic safety,1
what investors should expect from state bank of india q1 results,0
mangalore chemicals shares tank over 9 on stake sale reports,2
dalal street experts see sensex sinking 1 000 points more,2
telenors india performance beats street expectations,1
cyclicals will lead the next phase of rally ashwani gujral ashwanigujral com,1
germany dax latest market to strike record high,1
8600 8620 levels to be key support area for nifty in the coming days mitesh thacker,1
south korean won hits near six year high after may current account data,1
punj lloyd rallies on reports of medanta medicity stake sale,1
the company reports a loss for the period of eur 0 4 mn compared to a loss of eur 1 9 mn in the corresponding period in 2005,1
tough times ahead for investors arvind sanger geosphere capital management,0
demand pick up stable prices help hexaware post rs 42 crore net,1
radico khaitan q2 net up 94 02 to rs 18 84 crore,1
qihu totally missed this one was about to jump in on that 60 break test but didn t congrats shorts,2
fii stake in sks microfinance soars to record high of 44 61 in april june quarter,1
dubai nokia has announced the launch of comes with music its ground breaking service which introduces a new way for people to enjoy music,1
jimmy choo ipo pricing values firm at up to 1 1 billion,0
implementation of new securities lending and borrowing norms will be informed later nse,0
catch the glow of gold,0
may 29 2014 mecklai financial report on rupee,0
why you should buy l t at lows despite weak earnings,1
grapevine city officials in september approved 35 million in tax rebates and grants for the expansion,1
dheeraj hinduja appointed chairman of ashok leyland,0
mentha oil falls 0 58 per cent on profit booking,2
companies to see ratings upgrade in next 8 12 months moody s,0
momentum upbeat expect nifty to hit new highs soon ashwani gujral,1
nifty likely to trade in 7500 7700 range,0
according shipping company viking line the eu decision will have a significant financial impact,0
mecklai financial report september 29 2014,0
sebi announces new corporate governance norms mutual fund policy,0
bnp paribas fine shows dollar key role in global markets,0
midcaps bubble or multibaggers in the making,0
idea subscribers growth fails to boost numbers,2
pretax loss totalled eur 162 3 mn compared to a profit of eur 253 5 mn in 2007,2
nhpc q3 net profit drops 31 per cent to rs 180 crore,2
groundnut oil prices decline on lower demand,2
group ebit for the first half was eur13 6 m us 17 8 m falling short of the eur22 5 m it posted for the same period of 2009,2
ftse 100 falls as china devaluation hits burberry mining stocks,2
investors may not gain much from new structure of crompton greaves,0
huge activity in nifty december series surprises market,1
deccan chronicle holdings limited q3 net loss widens to rs 3 65 crore,2
5 tips on how to act in rising markets,0
tantia constructions bags rs 45 cr stock up,1
the largest construction company in finland yit corporation is to acquire 70 of the shares in the slovak construction company reding bratislava,0
parsvnath developers rallies 5 on fund raising plans,1
mm forgings reaps twin benefits on record us sales and india demand rev up,1
sebi announces new set of esop regulations,0
wockhardt s stock plummets 8 today not an opportunity to buy,2
the company said that 80 of the shares of the holding company will be sold to meadville holdings limited a hong kong listed parent company of the meadville group,0
sector watch better times ahead for power t d stocks,1
suzlon energy rallies 20 in two sessions as q4 net loss narrows,1
tata steel to pay rs 193 34 crore as bonus,0
deepak fertilisers q4 net profit jumps over 3 fold to rs 91 44 crore,1
cost imposed on sebi not warranted supreme court to the securities appellate tribunal,0
nflx small pos short 180 wkly puts,2
amazon has been selling surveillance cameras infected with malware amzn amazon,2
crude oil futures plunge 2 57 on weak asian cues,2
brent crude slips back towards 97 set for third monthly drop,2
nsel scam borrowers routed rs 4 000 crore loot into real estate,2
nalco stability in aluminium prices favourable rupee dollar ratio make it a good buy,1
wall street ends near flat as russia concerns linger,0
palmolein oil edges up on retailers demand,1
in the first nine months of 2010 the company s net loss narrowed to eur415 000 from eur7 4 m for the corresponding period of 2009,1
eicher motors q2 net profit rises 41 per cent to rs 222 crore,1
biocon q2 net profit up 20 pc at rs 89 cr,1
rimm spx nya compq djia all going down,2
hindalco slumps over 6 on coal block woes,2
sat rejects gillette india appeal in shareholding norms case,2
rice bran oil associations campaigning hard to increase consumption,0
psu banks showing some signs of life ajay bodke,0
the measures result from decreased demand in technical design and product information,2
furthermore sales of new passenger cars and light commercial vehicles in the country declined by 5 4 year on year last month,2
in the autumn it plans to expand service to st petersburg and moscow and launch service to yekaterinburg russia flying there three times a week,1
ruukki forecast a 15 20 annual sales growth and a positive pretax result for 2010,1
chkp abc bullish pattern targets,1
the finnish company is building a 800 000 mt year biodiesel plant in singapore,0
it has been agreed with the company s board of directors that she will be available in an advisory role,0
levels of 15 16 coming on ashok leyland ashwani gujral,2
however the rapidly increasing costs and the strengthening of the euro were challenging for the whole industry and they impacted on our results,2
guidance framework soon for companies to make right disclosures bse,0
piramal healthcare profit jumps two fold to rs 136 cr,1
cardamom futures fall 0 46 on profit booking,2
fundamentally markets are fairly priced angel broking,0
chessnwine iwm 30 minute chart small caps threatening descending triangle breakdown under 110 20,2
adp news nov 28 2008 finnish power supply solutions provider efore oyj omx efo1v announced today the launch of opus dc the latest power system in its opus product line,1
gillette india net profit up 11 9 to rs 42 89 cr for sept quarter,1
cerberus capital management lp backed printing paper maker newpage corp has posted mixed second quarter results casting a cloud over its planned initial public offering,2
cement shares fall after freight rate hike,2
the service is intended to allow the people of thirteen mediterranean countries to reach the baltic more rapidly with a single carrier,1
three factors that hit markets sensex ends 240 points down,2
beyond the improved voice capabilities customers now have a streamlined way to comply with recalls and other traceability requirements providing them with a competitive advantage,1
abn amro ipo values bank at 17 9 billion,0
finnish talentum reports its operating profit increased to eur 20 5 mn in 2005 from eur 9 3 mn in 2004 and net sales totaled eur 103 3 mn up from eur 96 4 mn,1
xl energy bags rs 130 mn solar power contract stk up,1
fb tsla cracking lower early short correction stocks,2
pulses remain steady in thin trade,0
rupee to stay in 60 62 band till election results are out,0
the deal means that ten persons in three countries will transfer to tieto,0
the serial bond is part of the plan to refinance the short term credit facility,0
tcs new layer to oversee verticals stock down,2
crude palm oil futures up on rise in spot demand,1
l t finance q4 net up 21 8,1
munich 14 january 2008 bavaria industriekapital ag closed the acquisition of elcoteq communications technology gmbh in offenburg germany with the approval of the,0
copper futures fall 0 16 per cent on weak global cues,2
companies put debt over equity raise rs 1 33 lakh crore from markets,0
omnitech charts high growth curve,1
nokia shares hit 13 21 euros on friday down 50 percent from the start of the year in part because of the slow introduction of touch screen models,2
both operating profit and net sales for the nine month period increased respectively by 26 6 and 3 4 as compared to the corresponding period in 2006,1
it will combine and renew the contents and functionality of the current systems for funding and online service as well as their maintenance,1
sebi meet from january 27 to discuss risks of algorithmic trading,0
gspl surges hits 52 week high on better than expected q1 numbers,1
havells is a bt st call with a target of rs 300 mitesh thacker,1
onion prices down 10 15 in maharashtra on better supplies,2
muthoot finance net profit falls 28 per cent to rs 194 crore,2
ten key takeaways from infosys first quarter results,0
immediate target in m m seen at rs 730 745 nirmal bang,0
heard on the street idfc mfs star picks and discussion on gift,1
sterling heads towards first week of gains in 8 against dollar,1
mutual funds exposure to it stocks hit 5 month high in july,1
directors and shareholders alike should ask why these practices were allowed to continue,0
hdil q1 net down 44 to generate 2 million sq ft tdrs in next one year,2
heidelberg cement india to raise rs 370 cr through ncds,0
neuland q2 profit increases 11 68 to rs 3 44 cr,1
ipo of four companies to hit stock markets this month estimated rs 1 800 crores to be raised,0
nokia multimedia s net sales totaled eur 5 7 bn up 45 from the corresponding period in 2005,1
the sales price was not disclosed,0
okmetic s products are based on high tech expertise that generates added value for customers innovative product development and an extremely efficient production process,1
bunzl lifts dividend again as acquisitions continue to boost profits,1
poyry s net sales in 2007 amounted to about eur 720 million and it employs 7400 experts,0
sonc amazing run since middle of march obvious that the quality tastiness of their burgers is not being factored into this price advance,1
what brokerages are expecting from infosys q4 results,0
benefon a wireless and gps technology company will supply karputer with its twig navigation platform a gps satellite navigation and voice guidance service,1
shareholders give lse green light for 2 7 billion frank russell deal,0
finnish software developer done solutions oyj said its net profit increased to 3 5 mln euro 4 6 mln in 2006 from 2 3 mln euro 3 0 mln in 2005,1
in finland op pohjola s staff union is boycotting the group s insurance sales tasks because the company has refused to take the sale of insurance into account in determining wages,2
colgate attractive on hopes of higher payout ad spend cut,1
saudi aramco shell plan to break up motiva divide up assets,2
have stock specific view on consumer durables space hemindra hazari,0
helsinki afx metso said it will upgrade one of upm kymmene s four paper machines at the latter s mill in jaemsaenkoski with a new coating color supply system machine and process controls and quality measurements,1
former fmc executive director pk singhal to lead mcx management team,0
bill gates dumped a huge amount of microsoft stock this year,2
growth concern for bajaj electricals is going to slip on to the next couple of quarters gaurang shah,2
commodity bourse icex plans rights issue as part of revival plan,0
glenmark pharma posts fy11 net at rs 457 83 cr,0
rupee falls 17 paise against dollar in early trade,2
joint procurement will be later extended to the factories in the baltic countries,0
nse issues guidance for companies to make right disclosures,0
go short on bank nifty as it still looks weak mitesh thacker,2
should investors subscribe to shemaroo entertainment ipo,0
exide industries shares tank over 6 as q3 net dips,2
and u s energy executives say high steel prices are threatening energy exploration,2
ajay piramal to buy 20 in shriram capital for rs 1 900 crore,1
core bonds to get adb cover wider reach,1
kirloskar electric surges 17 on block deal,1
larsen toubro s q1 net profit soars 111 on sale of assets and stake,1
fb i guess they want it down look at the those sell orders,2
finolex industries falls over 12 on weak results,2
i m trying to deal with slavery from a different perspective to balance the story says deramus formerly a writer at the detroit free press and the detroit news,0
aluminium futures weaken as traders reduc exposure amid weak global cues,2
5 factors indicating the tide is turning for banking sector,0
china s cicc investment bank set to open up in hk debut,0
sebi proposes restrictions on wilful defaulters,0
favour private sector banks in the banking space deven choksy,1
the government started the sell off last month putting an 8 percent stake in teliasonera on the auction bloc,0
the aim is to convert the plants into flexible manufacturers of new and technologically demanding products,1
a quick one stop shop to understand the company,0
nomura pegs india s q2 gdp growth at 5 9 top 10 stocks that can return 24 in a year,0
ioc investor roadshows in singapore hong kong this week,0
barley futures slip further on renewed selling,2
operating profit was eur 11 4 mn up from eur 7 5 mn,1
the competition was received with great enthusiasm by the employees he goes on,1
idfc bank debuts on bourses lists at rs 70 50,0
brent crude drops below 98 weak demand outweighs geopolitical worries,2
10 yr bond retreats from one year high on profit taking,2
cement got its quota of allocation sudip bandyopadhyay,0
finance ministry sets ball rolling for listing of uti amc,0
cash rates stabilise after rbi s msf auction,0
after the transaction tikkurila has no powder coatings related operations the company said,0
companiestesco off to a bad start over xmas kantar,2
overseas bonds a better tool to salvage rupee says barclays,0
rbs will reportedly appoint howard davies as its next chairman,0
sc dismisses dalals plea in the ipo fraud case,0
veidekke headquartered in oslo norway is a scandinavian construction and property development group with some 6 350 employees in norway sweden and denmark with an annual turnover of nok16 4 bn,0
tulip telecom shares hit lower circuit down 20 in 4 sessions,2
mentha oil remains down on low demand supply pressure,2
apple shareholders do not panic,0
nokia controls more than 50 percent of phone sales in india and africa and has a strong prosition on most other emerging markets,1
commexes turnover up by 41 per cent in september,1
bt st sbi with a target of rs 2560 mitesh thacker,1
commexes told to make base metals delivery based,0
markets seems to be getting into budget trade mode ashwani gujral,0
fancy dans on the move fab glasgow gift and interiors store fancy dans is moving,0
crunch time in bond market this week,2
nhai tax free bond closes tomorrow grab a share now,0
hul needs to up the game to sustain growth emerge favourite among investors,0
small caps bear the brunt as wary investors head to exit,2
rajni razdan chosen new upsc chief,0
changes in the market situation and tougher price competition have substantially reduced demand for bread packaging manufactured at the kauhava plant according to the company,2
bovine slaughtering and cutting at the kuopio facility will be transferred to the kauhajoki slaughterhouse,0
iggesunds bruk in sweden is one of the most advanced fully integrated pulp and paperboard mills in the world,1
only the driver was left in the car with the suspect who was kidnapped and forced at gunpoint to drive to durham,2
piramal healthcare is in a range kunal saraogi technical analyst,0
omc should be a part of an investors portfolio mehraboon irani,1
axis bank foreign shareholding crosses 49 per cent limit,0
profit for the period increased from eur 2 9 mn to eur 10 5 mn,1
the fine print is here,0
mustardseed futures slip on weak trend in spot market,2
pharmaceuticals netherlands this brand new market analysis gives a clear overview of the actual situation and future outlook of the pharmaceutical market in netherlands,0
ranbaxy laboratories settlement takes away gains from lipitor launch,2
stora enso r shares rose 1 20 pct to 11 84 eur upm kymmene was also dragged higher rising 1 68 pct to 17 56 eur and m real b added 2 38 pct to 4 30 eur,1
wockhardt has been going up steadily deepak mohoni,1
mid and small cap stocks soar after aggresive mutual funds go on year end shopping spree,1
helsinki afx outokumpu said its technology unit has won a 28 mln eur contract from bosnia herzegovina s aluminij dd mostar to upgrade an anode plant,1
trading code eli1v number of shares 99 483 price share gratuitous after the transfer elisa holds a total of 10 435 023 own shares,0
the company reported net sales of 302 mln euro 441 6 mln and an operating margin of 16 pct in 2006,0
v guard q4 profit soars 129 on cost cutting,1
our superior customer centricity and expertise in digital services set us apart from our competitors,1
minority shareholders challenge bombay high court order on cadbury india s buyback offer,2
manavigator september 7 2010 kemira unveils indian jv with ivrcl finnish chemicals group kemira hel kra1v on tuesday announced it has inked a deal to form a joint venture in india with local construction firm ivrcl infrastructure and projects ltd bom 530773,1
net sales increased to eur193 3 m from eur179 9 m and pretax profit rose by 34 2 to eur43 1 m eur1 usd1 4,1
egypt suez canal may revenue rises,1
emcure pharmaceuticals withdraws proposed ipo,0
through this transaction we are able to participate in developing the industry,1
torrent power gains on hopes of cheap gas,1
information system supplier sentera up 24 51 pct was the next most heavily traded share after sysopen digia a software house acquired 77 4 pct of the company this morning for just under 33 mln eur,0
pretty steady accumulation off support today purdy agu,1
shell share price standard life announce position against bg acquisition,2
pre rbi policy here how bonds and rupee react,0
india inc raises rs 4 lakh crore from markets debt preferred,1
finnish raute precision that supplies weighing and dosing systems and plants is changing its name to lahti precision,0
the most loyal customers were found in the bank of land with an index of 8 0,1
citigroup joins foreign brokerages in cutting year end target for indian stocks,0
anant raj to sell stake in greatway estates for rs 304 crore stock gains,1
brent dips toward 107 as ample supplies weigh,2
retail investors should assign 60 weightage to large cap stocks in their portfolio experts,0
when janet yellen said confidence in global financial markets extremely fragile,2
aluminium futures weaken on global cues,2
the company s equipment rental portfolio consists primarily of tools for small and mid sized customers in the construction industry,0
earnings leading rally for it stocks harendra kumar,1
court issues fresh summons to sahara its chief subrata roy,2
weak demand and tariff war weigh on hotel stocks,2
pfc tax free bonds oversubscribed 12 09x on the first day,1
the omx nordic 40 omxn40 index comprising the 40 most traded nordic stocks on the nasdaq omx exchange closed up 0 43 at 1 138 84 points on wednesday,1
discom loan recast to power up shares of psu banks,1
delhi poll results shaky earnings among top five factors weighing on sensex,0
rupiah leads asia fx losses after solid us data weekly slides seen,2
maintain limited investment in real estate stocks neeraj deewan,0
the building complex consists of high quality office and retail space totalling 49 200 square metres the company said,0
powergrid pat up 41 62pc at rs 651 4 cr in july sep,1
bet on technocraft for strong export play cheap valuations,1
you know that back seat don t sit in it tsla tesla recalls 2 700 model x cars,2
sstl net loss widens to rs 391 cr in q1,2
atul ltd is the best bet among the chemical stocks avinnash gorakssakar,1
mnc stocks tumble as sebi s stiff delisting norms hit home,2
australian shares falls on china s economic worries losses dipping iron ore prices,2
jindal stainless q3 net loss at rs 301 crore,0
nasdaq sets up for breakout part ii via allstarcharts goog amzn qcom,1
promoters debts investors lose rs 50 000 crores,2
caution advised for tata elxsi at current levels sudip bandyopadhyay,2
forward markets commission to hire 20 experts on contract basis to ease staff crunch,0
also bmo had just initiated incy with an outperform yesterday while several other firms all reiterated buy ratings,1
the disposal of autotank will also strengthen aspo s capital structure commented gustav nyberg ceo of aspo,1
however the total orders received will still be above last year s levels,1
cadila stock touches 52 week high after gettting usfda approval for two generic drugs,1
pepper futures up on output concerns,1
industrial oil prices drop on weak demand,2
textiles competition high input cost to hit cos hard,2
tim cockroft brings with him an excellent track record having more than 18 years experience moreover tim has successfully developed the capital markets operations at kaupthing singer friedlander involving corporate finance and broking with a focus on mid market companies,1
concerned over grey market growth sebi calls for one regulator,0
the acquired plant has an annual capacity of some 300 000 tonnes and most of its production is sold to domestic customers,0
lse says receives 97 per cent take up for rights issue,0
kajaria ceramics q4 net up 37 at rs 42 11 cr,1
fiskars the world s 1 scissors brand tm recently won learning magazine s 2011 teachers choice award for the classroom,1
short sell reliance capital in case of a sell off deepak mohoni,2
hindalco q2 profit rises by 31 to rs 103 27 crore,1
in 2008 kemira recorded revenue of approximately eur 2 8 billion and had a staff of 9 400,0
bajaj electricals reports rs 10 65 crore loss in q4,2
in addition to fireplace exports demand for lining stone has exceeded the level of the earlier part of the year and will continue to be clearly brisker for the remainder of the year,1
the company is in charge of all natural gas storage activities in france great britain and germany,0
expect nifty to trade in 8 100 8 300 range sandeep wagle,0
jeera futures rise 0 40 on export demand,1
the operating profit for grain trading increased to eur 2 0 mn from eur 1 4 mn in 2005,1
amer which bought salomon from adidas in october said the job cuts are aimed at boosting competitiveness,0
sell dr reddy laboratories ltd with a target of rs 2 388 vijay bhambwani,2
chime communications set to be acquired by wpp and providence,1
26 november 2010 finnish sports equipment maker amer sports oyj hel ameas said today it has obtained a eur30m schuldschein note loan from a pool of international investors,0
21 october 2010 finnish fishing tackle company rapala vmc corp hel rap1v said today its net profit rose to eur18 9 m for the first nine months of 2010 from eur15 1 m for the same period a year earlier,1
brent falls to 27 month low under 91 on global growth oil glut concerns,2
operating result including non recurring items rose to eur 146mn from a loss of eur 267mn in 2009,1
narayana hrudayalaya grey market premium falls by 50,2
volatility of earnings stream is lower in large cap it prateek agarwal,2
mixed trend prevails at commodities market,0
finnish financial software solutions developer basware oyj said its net profit fell to 884 000 euro 1 2 mln for the first quarter of 2007 from 2 0 mln euro 2 7 mln a year earlier,2
britain ftse touches 12 month low as global growth concerns gnaw,2
beml q3 net dips 21 pc to rs 46 cr,2
rose export market gives good returns to growers ahead of valentines day,1
dojiknows th sp and the potential of qnx bes10 and bbm cross platform will bring good news in time bbry,1
the agreement includes the entire process of managing mercator s supply chain in all regions where the company is currently present,0
wl ross asks ocm to wipe out losses by march 2013,0
yuan little changed on pboc guidance seen trading narrowly,0
goa carbon ltd posts rs 670 89 lakh net loss in q1,2
arss infra gets rs 114 49 cr order stock jumps by over 7 pc,1
finnish software and hardware developer elektrobit oyj hel ebg1v or eb said today it will temporarily lay off up to 200 people for a maximum of 90 day in finland aiming to achieve cost savings of eur 1 7 million usd 2m in the second half of 2010,2
metso said it has won an order worth around 40 mln eur to supply a kraftliner board machine to china s lee man paper co,1
finnish airline finnair has won a deal with the uk public sector to be the official airline for flights from london heathrow to osaka in japan as well as flights between manchester in the uk and helsinki in finland,1
the company expects meat purchases to remain at about 8mn kilos in 2011,0
last week the finnish metals and technology group announced plans to sell more than 80 percent of its technology unit to further the company s strategic goal of becoming the world s largest stainless steel maker,1
upl q2 net jumps 11 to rs 185 crore,1
fiis to pump 2 55 billion into indian debt market rupee set to strengthen further,1
the group intends to relocate warehouse and office space in loudeac and saint marcel to morvillars in the east of the country where it already operates a hook manufacturing and distribution unit,0
rail stocks plunge upto 20 for second day in a row,2
defence related stocks rally on indo us nuclear deal,1
sgx india office to woo fund raising corporations,0
there is still lot of interest in it stocks anil manghnani,1
share repurchase 11 01 2008 in the helsinki stock exchange on behalf of sampo plc danske bank a s helsinki branch,0
pratibha industries bags rs 57 cr contract stock up,1
the aim is an annual improvement in ruukki construction s operating profit of more than eur 3 million usd 4 1 m starting in 2009,1
estonian telecoms company elisa s customer numbers cross 400 000 tallinn oct 22 bns the estonian telecommunications company elisa won approximately 50 000 new clients in the nine months of this year bringing the number to 401 800 by the end of september the company said,1
the group aims to increase its net sales and comparable operating profit in 2006,1
greeks brace for stock market carnage after five week shutdown,2
same time next year sensex may be at 29 000,0
gur prices ends quiet on scattered buying,0
whirlpool riding on robust figures,1
what s stopping rupee from appreciating beyond 60,0
comparable operating profit totaled eur 4 7 mn down from eur 5 1 mn in the corresponding period in 2005 representing 7 4 of net sales,2
vipul prakash to be pepsi co marketing head in india,0
as a part of the plan the board of directors decided to transfer a maximum of 330 000 shares held by the company in a share issue against payment directed to aspo management oy a holding company acquired by the management,0
selects third party logistics leader transplace for best in class technology procurement capabilities leading specialty packaging manufacturer employs complete 3pl solution for supply chain visibility and transportation efficiency to increase service levels and on time deliveries,1
hopes of policy clearances by government driving metal stocks arindam ghosh,0
ultratech cement numbers not that good p phani sekhar,2
kapas futures fall 2 pc on weak global cues,2
softer oil prices boost expectations of an earnings growth recovery,1
intel reports lower 1q net income higher revenue,2
this one was at one time targeted for june 5 but if we had to guess it s been pushed back maybe we re crazy but we feel like it has n t leaked enough to meet that date at this point,0
stora enso s business in north america has annual capacity of about 3 million tons and employs about 4 350 people,0
nakoda increasing cotton yarn prices sustained demand result in encouraging q1 results,1
century textiles industries ltd reports net loss of rs 4 90 crore in fourth quarter of fy 14,0
both operating profit and net sales for the 12 month period increased respectively from eur4 7 m and eur26 7 m as compared to 2004,1
elcoteq expects its net sales for the last quarter of 2010 to be on the level of the third quarter,0
adpnews jun 30 2009 finnish stainless steel maker outokumpu oyj hel out1v said yesterday it signed a three year eur 900 million usd 1 3 bn revolving credit facility,1
cosmo films q1 net up 4 folds to rs 18 42 crore,1
china stocks end firmer as investors switch into tech from property,0
select base metals fall on lower global trend,2
the building will house for example respecta oy s jyvaskyla premises as well as other companies to be announced later says samuel koivisto director of technopolis operations in jyvaskyla,0
preview axis bank likely to report 22 rise in q4 nii,1
markets to remain in an uptrend mitesh thacker,1
godaddy s ipo to value web hosting company at up to 2 87 billion,0
as a result the company has decided it will implement fixed term temporary lay offs,2
sebi to consider new corporate governance code tomorrow,0
european stocks get second half of 2014 off to steady start,0
according to latest information benefon will launch its twig device on 20 september 2006,0
the sale comprising the margarine business in finland and poland follows the approval of the polish competition authorities earlier in october,0
karachi sept 14 ixonos a world leader in the development and integration of solutions for handheld devices announced that it is implementing a touch screen mobile user interface solution for the intel atom processor z6xx based smartphones,0
infosys stock to really pick up post restructuring manish sonthalia,1
amzn rejected that 604 to the penny weak open and it goes r g within first 30 mins could have 8 10 points in it,2
moil q2 net down 17 at rs 90 56 cr,2
in july september 2008 yit s net sales increased to eur 970 8 mn compared to eur 906 8 mn in the corresponding period in 2007,1
taiwan to tap 15 3 billion stocks stabilisation fund,0
pre market nifty seen opening flat economic survey eyed,0
assocham urges government to probe price manipulation at ncdex,2
the platen edges in contact with the band are provided with a seal having a protrusion directed towards the middle area of the platen and means are provided to exert and maintain a pressure in the volume defined by the platen the band and the seal,0
another 50 60 points down on nifty can t be ruled out prakash diwan,2
the maximum obligated total trades per day is isk 400 000 000 market value,0
key support level for nifty seen between 8000 and 8050 mitesh thacker,0
pre market nifty likely to open flat may retest 6 500 levels,0
royal mail share price rallies amid positive broker comments,1
aspokem posted an operating profit of 2 7 mln euro 3 5 mln and net sales of 89 1 mln euro 116 8 mln in 2006,0
target of rs 268 for lic housing finance rajat bose,0
soyabean oil edges up on retailers demand,2
day after stake sale ongc shares slip 4 per cent,2
record rally in midcap stocks may be heading towards a crash,2
leakgate sebi says probing complaints of insider trading,0
etfs outpacing retail stock funds by wide margin,1
it is also 7 7 pct above the 12 month volume weighted average price of the stock,1
tsla weakest in todays dt watchlist,2
tata motors shareholders approve pay proposals of 3 executives,0
gmcr with the way this has been acting it may fall to 65 today horrible action since it hit 70 yesterday,2
stay away from power companies for now deven choksey,2
the name of the buyer was not disclosed,0
rbi s monetary policy global cues may decide direction of stocks,0
it would be premature to talk about dates volume and the investment procedure he said,0
the idea of saving electricity in data transfer is still a new one,0
sebi lets idr holders convert 25 into equity,0
really like the new start up spaces says deepak shenoy capital mind,0
it is also set to launch a messaging service in the next few days which would enable users to access their e mail accounts on ms exchange,0
bse currency derivatives turnover tops rs 4 000 crore,0
vote on account 2014 jewellery stocks plunge upto 11 as fm disappoints with no duty cut on gold,2
sandhar tech seeks sebi nod to raise rs 300 cr via ipo,1
a new kveyt light variety of suomalainen pekoni marketed under the atria brand name is now available to consumers in finland,1
new delhi july 17 sahlberg teppo kallio timo and mustonen tuomas of m real oyj espoo finland have developed novel markings and methods of producing the same,0
finnair s tallinn based subsidiary aero as carried 23 335 passengers a decline of 60 8 on routes between helsinki and the baltic capitals and within southern finland,2
quality stocks will lead the rally vijai mantri pramerica mf,0
speculation over welspun gujarat msk projects buy,1
economy revival in sight here s why you should invest in banking stocks,1
dalal street may get bumpy in new financial year likely to be challenging for equities,2
lithuanian beer makers sold 256 88 million liters of beer in 2005 a rise of 4 5 per cent from the year earlier figure of 245 92 million liters,1
nifty to hit 8080 8150 in next few days mitesh thacker,0
ntpc among 9 cos set to lose coal blocks stock up,1
reliance will participate in a bigger way kunj bansal,0
qcom chart qualcomm short 61 8 retracement trendline and resistance,2
edible oils fall on sluggish demand global cues,2
brent slips near 110 after ukraine election,2
as modi government first anniversary approaches are markets headed for an inflection point,0
the authorization is in force for a period of 18 months from the resolution by the general meeting,0
the contracts of the employees 96 of whom are blue collar workers will be ended between march and august 2011,2
infosys consolidated q2 net profit at rs 3 398 crore above estimates,1
in addition the contract includes modification of the effluent treatment plant at follum,0
rbi monetary policy review to dictate trend on bourses,0
finlan s listed food industry company hkscan group controlled companies in the baltics improved revenues by eur 3 5 mn to eur 160 4 mn in 2010 from eur 156 9 mn in the year before,1
goodbye fy14 sensex up 19 big stocks that returned upto 75,1
amrn got sell signal 7 1 14 still in force with target below 1 50,2
long term gains in metals depend on us taper chinese reforms ur bhat,0
bse to launch irf trading from january 20,0
reject tata motors fd plan global proxy firm tells shareholders,2
imfa q3 net declines 27 to rs 11 crore,2
ingenious hsbc ubs and coutts sued by tax avoidance clients,2
psus need to operate on economic principles to perform dipan mehta,0
they are responsible for their own operations customer relationships and the development of these,0
rupee trims losses against us dollar still trading 2 paise down,1
house committee may meet before submitting final report on fcra bill,0
gold s longest run in a year ends as us inflation picks up,2
can buy yes bank ashwani gujral market strategist,1
on day of bajrangi bhaijaan release eros international shares rally,1
strides arcolab sept qtr net up 84 per cent to rs 41 cr,1
the company also said that the deployment of the danish 4g network continues and it expects to cover 75 of the danish population in 2011,0
hindalco plunges as q1 net profit shrinks 67,2
birla corporation q3 net falls 50,2
royal mail chairman donald brydon set to step down,2
shalimar paints trims early gains stock ends over 2 up,1
uk data gives battered sterling some respite,0
sustained growth makes kajaria ceramics a good long term bet,1
maruti suzuki q2 net surges 42 to rs 1 225 crore,1
bpcl hires four banks for us dollar bond offering,0
aussie dollar bears emboldened by china data others calmer,1
sovereign wealth funds sell chunk of indian stocks oil rich countries among top sellers,2
mexico very unlikely to reopen 1 1 billion oil hedge program source,2
dabur india shares down nearly 5 on profit booking,2
shanghai stocks reverse losses to close in green,1
bill gross love for mexico stays unchanged despite his exit from pimco,0
support seen at 6000 levels on nifty bounceback,0
brokerages lower nestle indias target price on disappointing results,2
tube investments declares 75 pc interim dividend,0
uk s sarantel to outsource part of its processes to elcoteq plant in estonia london oct 13 bns the british miniature antennas maker sarantel has signed an agreement to outsource its assembly test and supply chain processes to the plant of elcoteq in the estonian capital tallinn,0
jsw steel standalone net profit at rs 2011 cr stock down,2
gmr infra stock up over 2 per cent on bourses m cap up by rs 157 crore,1
now open narayana hrudayalaya ipo likely to cross the line today,0
tiimari operates 194 stores in six countries including its core finnish market and generated a turnover of 76 5 mln eur in 2005,0
saria prices edge up on scattered demand,1
city cu welcomes dart members dallas city cu welcomes the members of dart fcu as they merge with city cu,0
mindtree board accepts sootas resignation,0
return on equity stood at 18 3 compared to 15 4 in the third quarter of 2005,1
gold trades near 4 month low before european central bank decision us data,2
outlook for auto stocks a mixed bag at the moment rajat rajgarhia motilal oswal securities,0
birla shlokas valuations look expensive,2
nifty might resume upward trend after 2 3 days mitesh thacker,1
finnish industrial group ruukki group plc omx helsinki rug1v said on friday 14 november that its furniture business segment incap furniture has concluded personnel negotiations that were started at the end of september,0
pulses prices likely to go up around diwali study,1
super religare laboratories withdraws draft ipo prospectus to resubmit again in next 4 6 weeks,2
nano price hike a good news for the company fayeza hafizee intime spectrum securities ltd,0
electronic versions require 24 48 hours as each copy is customized to the client with digital controls and custom watermarks,0
eps from continuing operations came in at 0 30 eur up from 0 17,1
welspun corp spurts over 12 on big order win,1
50 day moving average of 7820 7850 on nifty not out of question ashwani gujral,0
british american tobacco first half sales hurt by currency moves,2
loha ispaat s rs 210 crore ipo to hit market on tuesday,0
unwinding of longs key feature of the stock market in june,0
bric markets appear disunited to stock investors,0
controlling shareholders to sell 300 mn of shares in hero motocorp,2
nifty once again fails to get pass 6350 mark mitesh thacker,2
andhra bank net jumps 2 fold at rs 144 crore in july september quarter,1
pharmaceutical market in italy global research data services published recently a market analysis about the pharmaceutical markets in italy,0
target for nifty future seen at 9180 9200 ashish chaturmohta,0
soyabean futures decline on global cues,2
prospects of a bjp led government at the centre prompt buying in psu stocks,1
steel prices remain quiet in thin trade,0
commexe turnover dips 70 per cent,2
titan industries high gold prices slowing demand slow down firm s revenue,2
s p downgrades barclays and rbs on government bailout fears,2
apple 3 8 loss leads us stocks sell off,2
city union bank q4 net rises 1 to rs 83 34 crore,1
ford india appoints vinay piparsania as the new executive director marketing sales service,0
current market situations point to a mixed bag in it deepak mohoni,0
in 2009 comptel slipped to a net loss of eur2 1 m from a profit of eur6 6 m in the previous year,2
coaching institute resonance eduventures plans rs 500 crore ipo,0
the eu commission said earlier it had fined thyssenkrupp united technologies corp s otis schindler ag and kone oyj a total of 992 3 mln eur for alleged cartel activity in the lift market going back twelve years,2
amzn long into earnings looks good over 600,1
temporary lay offs affecting the entire workforce will also be implemented,2
bond yield slips below repo may herald a rate cut,2
harsha lal to head dell s public large enterprise business in india,0
pipavav defence tanks as open offer price lower than cmp,2
the aforementioned shareholders have informed that they will propose to the annual general meeting that the number of members of the board of directors shall be five and that besides the present members of the board of directors also mr lassi noponen shall be elected to the board of directors,0
auto stocks fall on fears of hike in excise duty,2
operating profit decreased to nearly eur 1 7 mn however,2
margin call of zanadvorov has given the chance to make such purchase under the credit of deutsche bank for usd 560 million,0
recommend hold for hdfc bank gaurang shah,0
geneva feb 10 tero aaltonen finland has developed a radio resource control method,0
the ebitda was eur116m compared to eur115m corresponding to an ebitda margin of 33,1
scotts garments ipo skip the issue and wait for listing,0
niit technologies q3 revenue in line with expectations,1
altona stated that the private company of altona chairman kevin maloney tulla resources would take up its entitlement in full,0
on dalal street midcaps are the new bluechips to gain most in case of recovery,1
pivotal research upgrading googl to buy stocktrading,1
installation of the automatic varnishing line is an important part of the company s strategy in the region of central and eastern europe said jozef misurec the director of ruukki slovakia,1
increased trust of our clients in yit can be seen as apartment sales accelerated,1
railway stocks derail ahead of the budget wagon makers in focus,2
production will expand to other of elcoteq s locations including mexico and hungary during 2010,1
sales are expected to increase in the end of the year 2006 however,1
barmer pumps up cairn india q3 23 per cent,1
the company feels these leases are prime locations due to several producing formations in the immediate area,1
syndicate bank can be bought at around 137 prasad kushe technical analyst,0
pick m m at a target price of rs 1 470 pankaj pandey,1
spice mobility to raise rs 300 cr merge two group firms,0
expect maruti stocks to hold up with upcoming product launches pramod gubbi,1
shriram city to launch rs 200 crore ncd on april 16,0
government of singapore hikes stake in phoenix mills,1
last year the firm also acquired realprojekti oy a real estate development company to advise capman on its property activities,0
finnish high technology provider vaahto group reports net sales of eur 41 8 mn in the accounting period september 2007 february 2008 an increase of 11 2 from a year earlier,1
oil prices edge lower as iran talks extend beyond deadline,2
til limited can open up for rs 900 1200 ventura,0
liberty shoes q3 net up 30 76 at rs 3 40 crore,1
gold jumps 1 5 pct overnight after airliner downed,1
acc net profit dips 31 pc to rs 1077 53cr in 2010,2
low valuations price corrections make jubilant life sciences a good stock pick,1
profit making psus may be asked to submit ipo plans to centre,0
power finance q1 net up 42 to rs 972 crore,1
however the production is almost entirely very labor intensive and based on small investments only,0
defence a long term story says prakash diwan,0
farmers in distress as rubber prices languish at 5 year low,2
ashok leyland shares surge over 9 per cent after strong sales in december,1
danske bank a s danske dc jumped 3 7 percent to 133 4 kroner rebounding from yesterday s 3 5 percent slide,1
bafna pharmaceuticals proposes to raise funds,0
steady growth signs lift european stocks and bonds,1
the fourth quarter saw rapala swing back to a pretax profit of 1 5 mln eur from a year earlier loss of 1 2 mln on the back of a 30 pct uplift in sales to 44 8 mln eur and a stronger performance in north america,1
ultratech jun qtr net dips 14 to rs 673 crore on lower sales,2
electrolux q1 profit tops forecast stands by market outlook,1
silver futures hit four year low on global cues,2
sterlite electricity biz likely to pack a power punch,1
chennai petroleum q2 profit soars 2 fold to rs 120 34 crore,1
currently glaston employs approximately 1 500 persons,0
select base metals spurt on stockists offtake global cues,1
kolkata it expert bikram dasgupta appointed world bank advisor to bangladesh,0
camt looks like might break down i m out,2
ht media q4 consolidated net down 13 07 at rs 34 84 crore,2
ftil board meeting on nov 29 to consider revised audit report,0
day traders raise bearish bets on gold,0
silver falls 0 36 in futures trade,2
finnish office supplies and computer accessories dealer beltton group plc said its net profit rose to 1 3 mln euro 1 7 mln in 2006 from 1 13 mln euro 1 5 mln in 2005,1
kesko food ltd press release 04 01 2006 at 13 00 kesko food ltd is launching a major tv campaign to recruit as many as one hundred new k food retailers,1
after the takeover cramo will become the second largest rental services provider in the latvian market,1
kalpataru power ongoing correction gives a good entry point,1
new govt should implement policies to revive the banking sector amit shah,0
oka specialises in new construction renovation work of residential and non residential building as well as premises for industrial and logistical use,0
elcoteq has a proven track record in electronics manufacturing services ems and a global factory network coupled with modern manufacturing equipment and consistent systems and processes,1
in finland martela offers a comprehensive service that can cover the entire process of change from initial inventory and design to removal and maintenance,0
micromax plans rs 426 crore ipo,0
10 yr bond yield stays down friday s debt sale watched,2
a plumbing business has announced it is sponsoring a professional darts player,0
sudal industries forms subsidiary in uae stock up,1
fully committed to reforms in otc derivatives rbi,0
downgrade wipro to hold says edelweiss,2
drug makers slump us fda scrutiny weak earnings weigh,2
we respect their decision the discussions are now closed said kai telanne alma media s ceo,0
april 16 2014 mecklai financial report on rupee,0
mercator lines rises on plan to invest in indonesia,1
buy bank of india with a target of rs 245 prakash gaba,1
under a memorandum of understanding mou the parties will collaborate in preparing and implementing joint projects in the fields of combined power and heat generation environmental protection and energy efficient technologies,1
persistent systems strong momentum in the software services augurs well,1
the total value of the project is valued at sek 30bn eur 2 83 bn usd 3 81 bn,0
techno electric s q1 fy13 pat at rs 40 7 crore up 24,1
the transactions would increase earnings per share in the first quarter by some eur0 28,1
ess dee aluminium surges on promoters stake sale buzz,1
hc refuses to stay fmc order asking ftil to cut stake in mcx,2
ftil brokers fight to tell their side of the story,0
put 40 of your capital in a gilt fund sandeep j shah sampriti capital,0
standard chartered india s h1 2014 operating profit down 10 per cent to 395 million,2
tekla group s net sales for 2006 were approximately 50 million euros and operating result 13 6 million euros,0
adequate stocks drag down sugar futures by 0 51,2
india infoline finance appoints rajashree nambiar as ceo,0
pesticides issue cleared tea exports to iran will rise this year,1
optimistic on the acquisitions made by aurobindo pharma mayuresh joshi,1
glenmark pharma hits 52 week high analysts recommend buy,1
sterlite industries has upside potential deepak mohoni,1
rakesh kumar upadhyay is new cmd of bsnl,0
metso foundries jyvaskyla inc will begin personnel negotiations on temporary lay offs and personnel reductions in jyvaskyla finland,2
smallcap capital goods players stare at big opportunities look attractive bets harendra kumar,1
refinery stocks becoming hot picks due to improving gross refining margins,1
uninor appoints grameenphone cto as new india coo,0
net interest income totaled eur 15 9 mn compared to eur 15 6 mn a year earlier,1
ajanta pharma q3 net profit rises 38 to rs 85 crore,1
idea kicks off no deal road show for rs 3 000 crore qip,0
the growth of net sales has continued favourably in the middle east and africaand in asia pacific,1
ebay e bay bay working on a couple daily dojis should continue to the downside,2
nitin vaidya quits zee,0
sebi chairman uk sinha expects healthy ipo market in 2016,0
brent could be headed towards 80 a barrel in near term trend wise,0
international operations accounted for over 80 of net sales,0
commodity exchange april november turnover drops by 48,2
once above rs 5130 bosche can touch rs 5400 sandeep wagle,1
our strong company brands esl shipping leipurin telko and kaukomarkkinat aim to be the market leaders in their sectors,1
iifcl launches infrastructure bonds,0
rbi s rupee management undermines hedging push,0
facebook stock up over 4 on zuckerberg s no sale pledge,1
kesoram industries q3 net loss narrows at rs 88 crore,1
a euro 4 8 million investment in 13 6 of lewa netted deutsche beteiligungs euro 21 million,1
the contract value amounts to eur 2 4 million,0
watch out for the banking space angel broking,0
spy could the pride of social media be gettin ready to fall fb chart rolling over,2
abb india shares jump over 12 on good results,1
tcs shares end lower ahead of earnings announcement,2
godfrey philips rallies over 6 as idfc mf buys 2 5 lakh shares,1
cottonseed oil weakens on subdued demand,2
advertising and circulation revenues grew by 3 4 and by 0 4 respectively,1
sebi to issue details of corporate governance norms,0
orion pharma s operating profit increased by 42 5 from 2004,1
titan aggressive expansion plans to boost volumes,1
the webcast may be followed online on the company website at,0
crude palm oil futures soften by 0 16 per cent on sluggish demand,2
we warmly welcome him to satama states jussi lansio chairman of the board,1
evening trading for agricultural commodities to help farmers traders,0
the transaction is in line with aspo s strategy to expand in the baltic sea region and in the eastern markets,1
kinder morgan and bp form joint venture limited liability company to purchase,1
aptechs performance a bit of debacle gaurang shah geojit bnp paribas financial services,2
srs ltd posts 54 rise in quarterly income,1
gold imports down in december says trade body,2
sugar turns bitter for india mills as losses mount,2
net sales in 2007 totalled eur 329 million and the operating margin was above 19,0
sell voltas with target of rs 255 sandeep wagle,2
via the takeover panostaja further expands its business area specialising in digital printing which since previously consists of the subsidiaries kopijyva oy and sokonet oy,1
november 28 2013 mecklai financial report on rupee,0
aapl beat the estimates will still go down on lack of new products,2
10 year yield to fall to 8 8 25 after fii limit rejig bofa,2
in food trade sales amounted to eur320 1 m a decline of 1 1,2
elections results to influence gold prices study,0
spicejet extends monsoon offer stock gains,1
the value of the order is about eur 30mn,0
alkem laboratories eyes 210 million ipo in december sources,0
oil marketing companies to procure rs 97 crore litre ethanol,0
finnish property investor sponda said it has agreed a 100 mln eur five year mln credit facility with swedbank and a 50 mln eur seven year facility with oko bank,0
asia shares slip on greek default fears fed meeting awaited,2
oil prices hit new multi year lows in asia,2
3 5 per cent correction unlikely to affect markets p phani sekhar,0
open offers worth rs 1 007 crore made in apr aug sebi,0
finnish suominen corporation that makes wet wipes nonwovens and flexible packaging is starting employer employee negotiations at its tampere plant in finland to lay off about 25 employees,2
mahindra holidays q2 net profit drops by 35 1 pc,2
jp morgan elevates nandkumar surti as ceo,0
sales improved to sek 1 553 mn compared with sek 1 408 mn,1
365 days of modi govt global funds seen increasing india weightage hsbc,0
for vnoto74 to follow after a sell signal by ndx internals 06 23 technical sell qqq 06 25 down,2
development credit bank s q1 net soars to rs 43 cr,1
spices hold steady in mute trade,0
brokerages have mixed views on wipro post q4 results,0
raw materials prices have surged in the past year fueled in part because of the rapid industrialization of china india and other developing nations,2
in finland the corresponding service is alma media s etuovi com finland s most popular and best known nationwide online service for home and property sales,0
hewlett packard co shares up after report it will split in two,1
update 1 eu regulator backs approval for gsk injectable asthma drug,1
japanese messaging app line files for ipo valued above 10 billion,0
following the acquisition relacom will strengthen its presence in finland serving operators and office market with mobile and fixed networks construction installation and maintenance services,1
lulu bounced off support early in week now indicators turning up rsi macd smi worth a look,1
safe haven bids keep gold above 1 300 physical demand eyed,1
lloyds banking group s share price lifts amid reports bank is poised to axe hundreds of uk jobs,1
finnish elevators and escalators maker kone corporation said on tuesday 18 march that it has received a major order from sir robert mcalpine to supply all elevators and escalators for the watermark place project in the city of london,1
gunneflo will be responsible of oriola kd s pharmaceutical trade business in sweden,0
kansai nerolac q2 net climbs 33 to rs 97 crore,1
the parties have also agreed that l nnen tehtaat has the right to sell the remaining shares in suomen rehu to hankkija maatalous 15 months after the purchase of the majority holding at the earliest,0
maran makes open offer for spicejet,1
if global markets fall 5300 on nifty would be difficult deepak mohoni trendwatchindia com,2
business model for m m is extremely robust avinnash gorakssakar,1
decision to seek shareholder nod for gujarat plant lifts maruti stock 8,1
growth worries grip stock markets crude oil,2
carborundum universal q1 net down 25 at rs 28 78 crore,2
stop depending on rating cos for risk assessment sebi to mfs,0
jignesh shah s arrest nsel investors forum hopes to get back money,0
with auto sales gaining pace brokers say auto ancillaries can give over 20 returns,1
logistics firm gati q1 profit jumps over two fold to rs 15 crore,1
gujarat apollo locked in upper circuit on delisting buzz up 20,1
novartis india q4 net profit up 22 30 at rs 34 crore,1
puravankara q4 net up 71 at rs 79 crore interim dividend 50,1
just dial plans to raise rs 1 000 crore as e commerce marketplace rolls out,0
also ruukki construction rautaruukki s construction division is initiating employer employee negotiations at its sites in alaj rvi vimpeli and per sein joki in finland,0
cantabil retail q4 net profit slips 48 19 pc at rs 2 58 cr,2
philippe divry appointed as volvo india md,0
berger paints q2 up 33 at rs 89 crore,1
sanjiv singh takes over as iocs director of refineries,0
we see that the market continues to be tight in magazine papers and our target is to close the deals by the end of the year,2
crude oil futures fall 0 49 on asian cues,2
tata motors rallies over 3 to fresh life high on growth plans top sensex gainer,1
sebi studies its own regulatory impact u k sinha,0
austin texas sept 6 texas department of transportation awards contract for teleste video compression and distribution equipment,1
markets should be range bound between 7950 8050 ashwani gujral,0
as part of its new strategy finnish biohit is planning to incorporate its diagnostics business into a separate limited company,0
expect markets to be range bound going ahead mitesh thacker,0
nifty still choppy might hit 7960 on the upside mitesh thacker,2
also lemmink inen s profit for accounting period went up to eur 3 1 mn from eur 24 5 mn a year ago,1
fpi inflows hit rs 11 lakh crore mark,0
hindalco gains upto 6 on value buying,1
the payment of 2 779 million litas in interest on a long term loan provided by ragutis majority shareholder estonia s a le coq also added to the losses,2
nhai bond issue to raise up to rs 3 698 crore opens today,0
ilmn piper jeffries raises pt i remain long,1
the orders are part of a long term development plan of latvijas finieris,0
information technology stocks drag sensex down,2
even if india grows at 7 it will be fastest growing major economy ahead of china adrian mowat,1
president pranab mukherjee clears re promulgation of sebi ordinance,0
oil prices mixed after saudi king death,0
two other sites will be included later on,0
adjustment to the fall in price level in contrast has been less effective,2
changes in fundamentals makes tata motors sustainable prakash diwan,1
tajgvk hotels resorts q3 net up at 12 91 crore,1
motherson sumi systems q4 net down 2 pc at rs 138 90 cr,2
applying for summer work is seen as laborious and stressful,2
netapp downgraded by macquarie to underperform 22 00 pt ntap ntap via ratingsnetwork,2
their offering also covers localisation services related to production transfer to the finnish company s customers that already have production in asian market or have made the decision to transfer production there,0
earnings preview cement biggies earnings belies expectations,1
in july september 2009 konecranes sales decreased to eur 368 7 mn from eur 520 4 mn in july september 2008,2
the shops are located in the capital region and the paijat hame region,0
century textiles rallies on board rejig restructuring of cement paper biz reports,1
menthol declines on reduced offtake,2
image data produced by the browser at the phone server is converted into a bitmapped image that is sent to the handset for display,0
firstsource solutions q3 net up 5 pc to rs 35 crore,1
spicejet posts rs 171 crore loss in q3 on forex loss atf spike,0
excluding non recurring items pre tax profit surged 45 to eur80m,1
the dividend is payable on february 1 2010 to shareholders of record on january 19 2010,0
sri lankan rupee falls on importer dollar demand,2
sebi working on guidelines to check wilful defaulters u k sinha,0
f o tracker 6 150 key support level for nifty,0
right time to enter into it stocks prakash diwan,1
cesc q2 standalone net profit jumps 25 7 to rs 171 cr,1
fastjet slams easyjet founder stelios for going public is taking legal advice over letter about contractual,2
flipkart names rajnish baweja as its finance controller,0
analysts see over 20 upside in cadila healthcare after strong q3 show,1
jewellery stocks glitter rally 20 as rbi eases gold import curbs to boost exports,1
bse resumes trading post tech glitch traders arbitragers hit most,0
key price to watch in nflx off the previous double top reject 218 23,2
the company s profit totaled ls 134 700,0
sail in talks to acquire mines abroad stock up,1
demand seems to have hit bottom now and some signs of improvement can be seen,1
westpac banking corp eyes china india for commodities trade growth,1
4 january 2011 finnish media company alma media corporation hel aln1v said today its online recruitment service monster oy will partner with local newspaper publisher suomen lehtiyhtyma in listing job advertisements,0
dollar shines stocks on edge on us rate prospects,1
gold silver price ratio may fall as gold cools faster,2
incap and lankapaja aim to enter into actual agreement to transfer the sheet metal production to the buyer in february in order to complete the transfer on 1 march 2011,1
co founder pv ramaprasad reddy becomes billionaire as aurobindo triples to record,0
finnlines will announce in week 17 of 2006 what measures it will take to tackle the situation,0
sebi cautions against illicit high return schemes,0
govts decision to increase import duty on natural rubber will hurt make in india initiative tyre makers,2
bhushan steel rallies lenders approve loan restructuring,1
the group s cash flow from operations will be positive,1
global cues making sensex move and fiis getting bearish a worry,2
euro resilient near highs to test ecb threat on currency,1
force motors doubles in 2 weeks vrooms 400 in 1 year should you buy,1
midcap it space insulated with domestic uncertainties prakash diwan,0
rise in subsidy burden may hit ongc fpo,2
the veneer and plywood industry in sweden is quite small despite the raw material resources,0
vrl logistics ipo over subscribed 1 1 times,1
ptc india seeks shareholder nod to pay 22 dividend,0
bata india ltd is a buy call with a target of rs 1260 mitesh thacker,1
operating loss amounted to eur 0 7 mn compared to a profit of eur 0 8 mn in the second quarter of 2005,2
dr lal pathlabs ipo oversubscribed,1
uninor suffers rs 134 crore operating loss in q1,2
nfl back in profit posts rs 23 02 crore net for q3,1
wall street finishes flat deal news offsets housing data,0
infinite computer to enter market,0
osur up 33 since 6 25 buy signal resistance 5 33 expect 1 pullback 2nd half of day or 2 break abov 5 33 continue rally for 4 5 days,1
ncdex introduces forwards contracts segment agrim sauda,0
barley futures slip on profit booking,2
interim budget 2014 oil subsidy payments postponed to next fiscal investors should keep a watch on lowering of subsidies,0
mouli raman quits as ceo of onmobile,0
alkem labs may inspire other pharma cos to take ipo path,0
corporation bank net profit rises by 21 per cent in q2,1
4 february 2011 finnish broadband data communication systems provider teleste oyj hel tlt1v saw its net profit jump to eur2 1 m for the last quarter of 2010 from eur995 000 for the same period of 2009,1
bond yields fall slightly liquidity in focus,2
finnish consumer packaging manufacturer huhtamaki oyj said it swung to a net profit of 84 1 mln euro 105 6 mln in the first nine months of 2006 from a net loss of 2 6 mln euro 3 3 mln in the same period of 2005,1
how to play tata consultancy services stock ahead of q4 results,0
mid sized banking funds deliver returns of 50 84 over six months,1
ipca slips over 2 as july september profit lags some estimates,2
tallink claims the watertight doors of both vana tallinn and regina baltica including their electrical systems are fully in working order,1
international business likely to weigh on bharti airtel for some time nitin raheja,2
phoenix mills improved sentiments make the stock a good buy,1
syndicate bank profit drops by 31 in q4 on npa provisions,2
sebi asks bourses to move 36 companies to normal trading category,0
divi lab shares down over 4 post earnings,2
apart from nordea also ergo is competing for the position among the top three pension funds providers in estonia,0
icici bank q2 net profit up 15 to rs 2 709 crore beats estimates,1
ea points to the two facebook games and accuses znga of copyright infringement,2
sharekhan picks top investment ideas as market fall makes valuations reasonable,0
rec board approves raising rs 3 000 cr through tax free bonds,1
opportunities still ripe for traders in the power space harendra kumar,1
ioc reports rs 961 crore net loss in december quarter,0
kndi let s see some higher highs and higher lows rest of the day slow and steady,1
l t others in the infra sector to do well in the medium term ajay bodke prabhudas lilladher,1
nifty to remain sideways around 8290 levels mitesh thacker,0
vaisala s expertise in lightning data and information systems is based on extensive experience and investment in r d,0
acquisitions have been made and businesses have been well integrated,1
shilpi cable hopeful to launch rs 56 cr ipo in january,0
operating cash flow after investments totalled eur 61 3 mn compared to eur 75 3 mn in the corresponding period in 2007,2
the soapstone deposits in the medvezhyegorsk area are expected to increase tulikivi s current reserves considerably,1
centre asks rubber industry to work out details of national rubber policy,0
shareholders have a right to put on the agenda of the agm items that are within the competence of the general meeting,0
pe entry to help himadri fund expansion,1
low demand pulls down crude palm oil futures,2
rajesh exports surges 6 bags rs 125 crore export order,1
supply crunch import curbs up arecanut prices,1
m s banga joins pe fund cd r,0
vodafone india logs 16 5 pc growth in first half revenue,1
yuan holds steady seen capped at key 6 20 dollar level,0
rail stocks jump 5 12 per cent on fdi buzz,1
whirlpool india q1 profit grows 18 per cent at rs 98 1 crore,1
update 1 bhp billiton s credit ratings fragile in fy16 agencies warn,2
in the second quarter of 2010 the group s net profit rose to eur 3 1 million from eur 2 5 million in april june 2009,1
technicals point to increasing probability of 7 000 on nse,0
the value of the contract is in total usd12m,0
petronet stocks undergo lots of fluctuations recommended only for traders g chokkalingam,2
the aim is to develop open source application solutions,0
gdx gdxj jnug strong move today for the junior gold miners keep an eye out for a gap fill,1
19 may 2010 finnish company lemminkainen oyj hel lem1s said today that it will construct an office building at toolonlahti in downtown helsinki without disclosing financial details,0
polaris financial zooms 17 on board demerger approval,1
hcl technologies plunges nearly 9 post q1 results,2
cardamom futures rise 0 56 on spot demand tight supply,1
however the suspect stole his burgundy nissan altima,2
viking line and stx finland said on monday that there were plans to build a 240 million euro ferry that would be launched on the turku stockholm route in spring 2013,0
tulip telecom promoter pledges 23 lakh shares,2
strong demand lifts cardamom futures by 1 48,1
affecto expects its net sales for the whole 2010 to increase from the 2009 level when they reached eur 103 million,1
skf profit increases 50 32 to rs 48 39 crore in oct dec,1
aluminium futures down on overseas trend,2
two promoter entities of irb infrastructure sell shares worth rs 147 crore,2
other north rhine westphalia is to issue a benchmark 5 year fixed rate deal in euros,0
adpnews dec 1 2009 finnish cutlery and hand tools maker fiskars oyj abp hel fisas said today that it will make redundant a total of 18 office and management staff members of its subsidiary iittala group ltd,2
helsinki afx kci konecranes said it has raised its stake in mmh holdings inc the owner of us based morris materials handling to 90 9 pct from 74 5 pct,1
analysts recommendations on banking stocks,0
marginal revision in lupin s target price expected pankaj pandey,0
hong kong stocks close flat profit taking offsetted,0
tokyo stocks close 0 93 higher,1
castorseed futures slip 1 54 on weakening trend,2
bgr energy systems reports 100 per cent growth on pat,1
mascot powersys to expand nine fold to 74 outlets plans ipo,0
rashtriya chemicals gains over 4 on expansion plan,1
net profit fell by almost half to 5 5 million from 9 4 million at the end of 2007,2
daimler india cv rejigs top management aydogan cakmaz to head r d for trucks in asia,0
fortis healthcare december quarter profit at rs 389 09 crore,0
rupee swings hand arbitrage advantage to day traders,0
the ongoing project where tekla structures is being used is the vashi exhibition centre being developed by insteel engineers pvt ltd iivrcl infrastructures projects ltd cidco,0
cognizant q2 revenue up 16 5 at 2 52 billion expects fy15 revenue growth of at least 14,1
sbi growing loan book expected to boost margins,1
srf ends fy15 with 86 profit growth,1
psu banking stocks likely to break down mitesh thacker,2
hathway cables surges 7 on fdi reforms boost,1
apple up almost 20 from its february lows with very little fanfare aapl,1
securitised debt must be settled via clearing houses sebi,0
5 year ois rate at 16 month low on early rate cut hopes,2
sspdl subsidiary bags rs 28 cr orders stock up,1
aapl wants lower up waves getting smaller on the 2 min,2
kesoram industries net loss widens in january march,2
however he expects banks to provide alternative financing,1
isrg isrg short,2
telecomworldwire 7 april 2006 tj group plc sells stake in morning digital design oy finnish it company tj group plc said on friday 7 april that it had signed an agreement on selling its shares of morning digital design oy to edita oyj,1
operating profit was eur 1 6 mn in 2005 compared to eur 5 9 mn in 2004,2
the broker has initiated both palfinger ag and konecranes oyj with buy recommendations with 51 and 42 eur price targets respectively,1
gsf accelerator inducts two partners nishkaam mehta and sanjay jain,0
copper futures fall 0 32 per cent on weak global cues,2
cos with high ipo grades have higher pe multiples crisil,0
pepper futures down 1 pc on profit booking,2
also westpac is to issue a benchmark 18 month frn deal in euros,0
the company expects its net sales in the first half of 2008 to reach the previous year s level,1
clariant india a defensive bet shahina mukadam,1
china shares in april post biggest monthly rise for the year,1
sebi brings more stocks under price band net,0
nalco can offer a good upside avinnash gorakssakar,1
cag report may impact power utilities by 18 20 in the worst case bofa ml,2
selling pressure hits adag stocks,2
finnish electronics manufacturer pkc group oyj omx helsinki pkc1v said on wednesday 31 december that it has completed the acquisition of man nutzfahrzeuge ag s cable harness business from man star trucks buses spolka zoo in poland,1
sebi asks listed firms to appoint women directors by month end,0
lule municipality has awarded yit a 2 year contract for property management of about one third of the municipality s properties with a total area of 140 000 sq metres,1
jaiprakash associates dips over on dismal q1 earnings,2
the group s business sectors are building construction infrastructure construction technical building services and building products,0
first time buyers discounts offered boosts maruti suzuki s performance,1
spicejet to issue 6 4 crore warrants to promoters,0
the innova 2 building will be located close to downtown in the immediate vicinity of paviljonki and the travel center and within walking distance from the heart of the city thanks to the trade fair bridge,0
gcpl an undervalued stock outlook positive prakash diwan,1
balrampur chini q3 net profit sweeter by 40 per cent,1
sectors stocks that are likely to be impacted due to euro fall,2
nothing has changed for real estate sector structurally pramod gubbi,0
maintaining a neutral stance on the entire aviation space mayuresh joshi,0
indian hotels company q1 net loss widens to rs 34 82 cr,2
analyst positive on ril post 41st agm see stock rallying up to rs 1200 in a year,1
the combined capital of these funds is expected to be eur 100mn 150mn,0
just dial shares rally 8 per cent on expansion buzz,1
fiis sovereign funds to keep india mkt full of liquidity rbs,0
nickel succumbs to profit booking global cues,2
premium drive new bike key to bajaj s momentum,1
larsen toubro 4q profit rises 69 per cent beats estimates,1
pc jeweller q1 net up 18 50 per cent at rs 82 47 crore,1
top 6 blue chips add rs 38 362 cr in m cap tcs biggest gainer,1
they can be used to control the speed of electric motors used by industry and municipal engineering and in power generation using renewable energy,0
hinduja global solutions q1 net declines 13 6 per cent to rs 32 49 crore,2
academics claim google android two factor authentication is breakable security authentication hacking goog,2
cv cycle recovery will lead to re rating for jamna auto parag thakkar,1
auto sales will continue to remain lacklusture for some months prashasta seth,2
bbry actually lost 03c per share if u incl vz as no debt and 3 1 in cash,2
tornio works employs 2 300 of whom more than 1 800 have been in the scope of the fixed period or part time temporary layoffs in april october period,2
conagra names former hillshire farms ceo connolly to top post,1
apple s stock dips over 4 as concerns mount about iphone shipments,2
small investors have voiced fears that the shares will end up with risk investors,2
aspo s group structure and business operations are continually developed without any predefined schedules,0
the circuit s overall production rate on a weekly basis is now in excess of an average of 40 000 tonnes per day with volumes in excess of 50 000 tonnes per day being reached on individual days,1
2g effect telecom stocks edge higher auction on,1
srf december quarter net profit drops 19 per cent to rs 72 crore,2
vijaya bank reports rs 161 46 crore q1 net profit,0
it allows the young child to move forward with his life,1
aspo plc stock exchange release february 11 2011 at8 45 a m esl shipping ltd part of aspo group has signed a new long term contract with rautaruukki corporation for the marine transport of raw materials on the baltic sea,1
iffco acquires 1 12 per cent stake in ncdex for about rs 10 crore,0
havells india q4 net up 5 at rs 69 04 crore,1
nda may give psu stocks a fillip narendra modis gujarat success spurs hope,1
jyoti structures rallies over 13 on order win for transmission lines,1
prestige to raise rs 216 cr from anchor investors,0
decision on cut in government stake structurally positive for dena bank amit khurana,1
does india s warren buffett rakesh jhunjhunwala see a burlington santa fe in tata motors,0
aapl clearing this descending trend line buy area now,1
five things to watch out for from wipro results and commentary,0
finnish talvivaara mining co hel tlv1v said thursday it had picked bofa merrill lynch and jpmorgan nyse jpm as joint bookrunners of its planned issue of convertible notes worth up to eur250m usd332m,0
tieto in latvia is represented by it services companies tietoenator alise and tietoenator which has operations in the industries of financial services cards retail and logistics and it outsourcing and managed services,0
cil ipo priced ar rs 245 per share,0
s korean shares pare losses after dipping to 2 month low won firmer,2
bpo hinduja global q1 revenue rises but profit halves,1
nokia corp of finland tuesday said it has received a unified device managment contract with finnish operator elisa oyj,0
south korean shares briefly dip to 2 month low,2
aapl bounces off support it seems,1
ten key takeaways from wipro q1 results,0
chances of a pullback likely on nifty in near term mitesh thacker,2
rbi s steps to curb rupee fall spook markets tirthankar patnaik,2
all is not lost for investors it is analysts best bet,1
police nsel investors spar over filing cases,2
its total annual revenue comes up to about 160 mln zloty 56 9 mln 42 3 mln euro,0
tata chemicals restructuring efforts yielding results debt reduction may trigger re rating,1
q1 nos by it firms fail to justify present valuations deepak shenoy,2
nestle net drops 60 to resume maggi noodles sales after second round of tests,2
powergrid corporation of india scraps rs 3 500 crore bond sale over pricing,2
spicejet is a buy ck narayan sharyans resources,1
economic growth worries hit emerging stocks,2
wipro q2 pat at rs 2085 crore ten key takeaways,0
the subsidiary will be responsible for filter sales local assembly of filters and after market services in china,0
the segment has an annual revenue of approximately eur400m the company said,0
iron ore eyes longest weekly losing streak since 2012,2
us oil dives below 100 on kansas refinery outage equity drop,2
it was decided that the auditors are reimbursed according to invoice,0
sell bank of india with a target of rs 247 sandeep wagle,2
fortis q2 net loss at rs 58 crore ceo resignation accepted,0
supreme industries q3 net up 38 67 at rs 75 83 crore,1
emami delayed monsoon to benefit the company,1
leased line users get nse fee waiver,0
hdfc third quarter net rises 12,1
nsel scam investors want action against brokers defaulters,0
goldin stocks rise after hong kong collapse,1
things to get better for oil space after government reforms prateek agarwal,1
edu bouncing nicely after add on posted,1
thomas cook india pat for 2013 grows by 36 to rs 68 7 crore,1
crude oil futures up on global cues,1
institutional buying necessary for markets to move higher focus on smallcap stocks ashwani gujral,1
db realty may find bank loans drying up stock falls,2
according to acnielsen s scantrack study for the period week 10 of 2005 to week 9 of 2006 coca cola is the market leader in soft drinks in finland,1
shoppers stop q2 net jumps to rs 16 crore,1
irfc tax free bond issue subscribed 0 55 times within an hour,0
cardamom declines 0 60 in futures trade on low spot demand,2
avgo great growth stk also raised dividend clearly a great investment,1
chana futures extend losses down 0 59,2
bombay high court denies relief to brokers on regularization of illegal structures at bse building,2
her last position in nokia siemens networks was head of business human resources nsn global it,0
shree cement net profit surge by 537 on better realisations operational efficiencies,1
deliveries will start in the second half of 2007 and the start up of the mill is scheduled for 2008,0
mcleod russel q1 net up 36 at rs 26 21 cr,1
operating profit totalled eur 83 0 mn up from eur 23 5 mn year on year,1
euro zone yields bounce after fed officials play down minutes,2
ecb lifts european shares towards eighth straight weekly gain,1
bharti s investors may have to get ready for a long haul,2
india alkem labs to launch 210 million ipo in december sources,0
overweight on cement sector at current juncture bp singh,1
usfda reports no observations in granules india plant stock surges,1
outperformance trend would continue in it mitesh thacker,1
snapdeal to go public in 1 2 years co founder kunal bahl,0
tesco sales rise shows tentative recovery continues,1
credit suisse to wind down commodities trading,2
in the fourth quarter of 2009 atria s net loss shrank to eur 1 2 million from eur 5 9 million and net sales contracted to eur 340 4 million from eur 361 1 million,1
the interim report for the first quarter is published on may 8 2009,0
novartis india denies delisting plans stock plunges over 13,2
thereby the company will expand its offering to north central and south america,1
syngene listing sparks kiran mazumdar shaws r d dreams,0
court order on nk proteins mds bail plea today,0
tremendous value in midcap companies top 5 wealth creating ideas for next 6 12 months,1
helsinki afx outokumpu technology said it has signed a 3 5 mln eur agreement with mongolia s erdenet mining corporation for the engineering of the first hydrocopper plant to be built at the erdenet mine site,1
operating profit totalled eur 9 6 mn down from eur 42 0 mn the year before,2
swedbank s shares have been hardest hit of the swedish banks by the ongoing international financial crisis,2
8000 on the nifty is coming and coming pretty fast manish sonthalia,0
sonoco products co a u s packaging company said friday it bought the 75 percent of italy s demolli industria cartaria spa it did not already own,0
jignesh shah aide shreekant javalgekar held in rs 5 600 crore nsel scam,2
indraprastha gas ltd s q2 profit dips 7,2
continuing operations turned an operating loss of eur 0 1 mn a slight improvement from a loss of eur 0 2 mn a year earlier,1
markets might test 7130 mark again mitesh thacker,0
bonds pare losses after arvind mayaram comment on consumer price index,1
banks a bit dicey exercise caution and be stock specific daljeet singh kohli,2
latvia s stockmann shopping mall is a subsidiary of finland s stockmann plc,0
rbi moves to curb novel bond structure,0
jaypee infra ventures sells 3 53 crore shares stocks of other group companies crash by upto 20,2
apollo tyres q1 net rises 37 36 to rs 227 94 crore,1
rupiah scales two month high after jokowi wins presidential election,1
ecb says forex benchmark rates compiled on too narrow basis,0
election results sebi market entities up vigil on stocks,0
lok sabha passes sebi bill to check fly by night schemes,0
sebi issues norms for sharing kyc details with financial regulators,0
network 18 media plans to raise funds via public deposits,0
shell and bg shareholders to vote on deal at end of january,0
choppiness to reduce after nifty goes past 8700 levels mitesh thacker,1
in its financial report published on friday seb said its net profit soared to sek6 745 bn in 2010 from a year earlier sek1 114 bn and proposed a 50 dividend increase to sek1 50 per share,1
tea prices likely to rise 15 35 post elections on low offerings at the auctions,1
abn amro capital has agreed to sell its helsinki based designer homeware producer iittala oyj to crosstown consumer products group fiskars corp for eur230 million to eur235 million 310 million to 316 million,0
whirlpool of india records highest ever net profit,1
financial technologies slips nearly 5 on delay in mcx stake sale,2
old mutual first quarter sales up 18 buoyed by emerging markets,1
the studies are expected to start in 2008,0
re emergence of equity investors in 2014 baroda pioneer mf,0
nordstjernan has used its option to buy another 22 4 stake of salcomp s shares and votes,0
retail stocks take a hit as aap says no to fdi funded stores in delhi,2
the product advisory does not apply to any other nokia branded battery the company said,0
technopolis has finnish operations in oulu vantaa espoo lappeenranta jyvaskyla and tampere and is also preparing to expand its operations to russia,0
both companies will keep their commercial independence and continue to market their traditional products individually,0
export of oilmeals from india down by 4 pc between april 2013 to january 2014,2
ceat q4 net down 3 86 per cent at rs 62 42 crore,2
hexaware growth to remain low for another quarter,2
of course you ll have direct access to nokia s ovi store so you ll have lots of fun downloading your favorite media,0
gulf markets edge up on positive q4 bank results dividends,1
sebi to hire two executive directors in 2014,0
farmer bodies likely to lock horns with sugar mill owners in maharashtra,0
european stocks lower on russia data bonds prices up,2
crash in crude prices sectors and stocks that will be affected,2
renewed ab inbev bid for sabmiller ups stake in beer battle,1
vishal retail q4 loss widens by 12 pc to rs 129 cr,2
gold barely changed on mixed economic signals,0
repeats sees 2008 operating profit down y y reporting by helsinki newsroom keywords tecnomen results,2
bond yields edge down at open tracking oil us peers,2
rxii tang really is toxic they keep bringing the share price down at least they could let it climb a little before dragging it down,2
the company s market share is continued to increase further,1
in february the elcoteq group sold its st petersburg facility according to unconfirmed information the reason could have been supply problems because of the russian customs service,2
puravankara projects gives 70 dividend to non promoters,0
mentha oil futures edge higher by 0 22 as demand picks up,1
silver plunges over 2 per cent on global cues,2
igate stock gallops despite warnings,1
the floor area of the yliopistonrinne project will be 7 900 sq m 85 030 sq ft and the building s gross area will total 12 800 sq m a total 25 1 of the facilities have been let,0
gateway distriparks gains over 4 5 earnings beat estimates,1
bse revises equity transaction charges,0
new biz model big clients turn it around for blue star infotech,1
zeel q3 up 44 48 per cent to rs 308 61 crore,1
rs 2 000 cr sbi bond issue to hit markets next monday,0
dgi technical alerts gilligan s island buy setup stochastic buy signal lizard bullish hammer candlestick wid,1
deceleration in the consumption growth taking toll on the fmcg sector dipen shah,2
cipla s attractive valuation post 8 fall in a month makes it a good long term buy,1
day trading guide from edelweiss securities,0
mphasis looks positive mitesh thacker,1
commexes turnover jumps by 53 pc in 1st fortnight of april,1
gcpl is a good defensive stock deepak mohoni,1
voltas on a bullish trend deepak mohoni,1
6500 to 6800 is now the range for the nifty sandeep wagle,0
both operating profit and net sales for the three month period increased respectively from eur16 0 m and eur139m as compared to the corresponding quarter in 2006,1
following last year s good profit development we have entered the current year in a good position,1
man jit singh named president of sony home entertainment division,0
stakes high for astrazeneca heart drug facing tough competition,2
astrazeneca to pay inovio up to 700 million for cancer drug,1
mphasis stock falls after disappointing q1 show,2
obc q4 profit rises marginally to rs 310 cr,1
irb infras subsidiary ties up for rs 831 cr debt stk up,1
sharp upmove in reliance expected above rs 1065 iifl,1
sjvn quarterly net profit jumps to rs 424 cr,1
the order also includes extensive maintenance work of a shoe press delivered by vaahto in 2001,0
jet airways top pick in aviation stocks pankaj pandey,1
finnish vacon has signed significant deals with norwegian scandinavian electric systems ses on the supply of ac drives,1
solar power stocks rally upto 11 on indo us partnership on clean energy,1
sensex falls in line with emerging markets feels selling pressure,2
ifc raises rs 1 000 crore via masala bonds,0
finnish konecranes is again trying to acquire italian fantuzzi a manufacturer of gantry cranes and reach stackers,0
se investments net profit up two fold at rs 61 crore,1
the finnish company sold its uk operation consisting of 50 staff in offices in london birmingham and manchester as part of a deal with hampden in july 2001 for its european wide property and casualty arm sampo industrial,0
would not want to buy nifty for a target of 6750 sandeep wagle,2
tbwa rejigs india top management appoints vineet bajpai as ceo,0
crucial support at 7 800 for nifty50 bulls to take charge if it holds,1
operating profit was eur 9 8 mn compared to a loss of eur 12 7 mn in the corresponding period in 2009,1
stock to watch accs q1 pat seen 40 down at rs 238 crore,2
essar steel algoma posts 21 million net income in october december quarter,0
hit by another high profile exit infosys drops 7 slips below rs 3 000,2
possible personnel reductions concern approximately 104 people,2
expect nifty to be rangebound between 8420 and 8530 mitesh thacker,0
european stock markets flat as glum outlook weighs,0
cardamom futures decline 0 53 on subdued demand,2
alexandria va oct 6 united states patent no 7 804 288 issued on sept 28 was assigned to vacon oyj vaasa finland,0
indusind bank can slide down to levels closer to 423 prakash gaba,2
va tech wabag q4 net profit remains flat,0
see nifty heading towards 5180 5150 levels ashwani gujral,0
gateway distrparks reports 5 year on year growth in net profits,1
rapid currency trades may kill arbitrage,2
in the meantime the ceo s duties will be assumed by outotec s deputy ceo seppo rantakari,0
guruvayur temple to buy 10 kg saffron every month,0
asia seen buying more black sea wheat as rain boosts yields,1
asian currencies mixed await us jobs data,0
balmer lawrie company q1 net up 2 pc at rs 45 63 crore,1
mtnl cmd sinha quits controversy rages on,0
profit for the period was eur 10 9 mn down from eur 14 3 mn in 2009,2
blackstone believes in india blockbuster to invest over 2 billion in india over the next 5 6 years,1
structurally negative on it sector girish pai,2
revenue from july to september grew 21 percent to euro 2 3 billion the finnish company said thursday,1
the final price will be specified by 14 may 2010 the acquiring company said,0
the summer collection 2008 will be joyfully fresh like a vitamin injection said h m s head of design margareta van den bosch,0
the company turned to earnings per share eps of eur 0 03 versus loss per share of eur 0 01,1
analysis of the performance of mid sized banks in q1 fy13,0
mentha oil futures fall 1 59 on profit booking,2
exit from suzlon as the stock has gone down rajat bose,2
us based cgap elects indian as chairman of executive committee,0
furthermore efficiency improvement measures initiated earlier are now bearing fruit ceo jan lang said,1
cadila healthare shares surge nearly 6 on smart earnings,1
breaking tesla recalls all model x cars details on show now tsla,2
cargotec s business areas also include the container handling solutions business area kalmar and the marine cargo handling and offshore load handling solutions business area macgregor,0
cabinet decides on rupee sign today,0
kalnapilio tauro grupe kalnapilis tauras group which is owned by denmark s royal unibrew raised its market share to 25 18 percent from 23 74 percent as beer sales for the seven months jumped by 14 5 percent to 40 5 million liters,1
thomas cook can return well over the next 1 2 years neeraj deewan,1
okmetic s silicon wafers are part of a further processing chain that produces end products that improve human interaction and quality of life,0
the tecnomen convergent charging solution includes functionality for prepaid and post paid billing charging and rating of voice calls video calls raw data traffic and any type of content services in both mobile and fixed networks,0
bse midcap index hits all time high,1
city union bank to raise up to rs 350 cr from qip,0
supply not aggressive host of problems in sugar industry says vinay khattar,2
hdfc rate increases falling demand may hit show,2
whitbread boss andy harrison defends sales fall as just a blip,2
packaging cos plunge on plastic ban for gutka products,2
parabolic ipo gets 76 demand by day 2,1
tallink silja attributes the significant drop to problems with the booking system that was taken into operation in october the sale of trailer ferry sky wind and the route between stockholm and riga which has won passengers from the helsinki stockholm route,2
shrinking bond spread to benefit psus,1
festival season to rev up gold jewellery business,1
korhonen was dismissed from her post of editor in chief of the group s newspaper lapin kansa in december 2008,2
court freezes rs 126 crore assets of nsel defaulting firm,2
at some point it will spread also to iran and iraq,0
commodity market can create additional 5 mn jobs in 5 years,1
gammon infra jumps icici prudential mutual fund buys,1
voltas rises post q4 results net profit up 17 55 to rs 118 04 cr,1
real estate sector has moved forward over last 5 7 years rajiv anand,1
yit lodged counter claims against neste oil totaling some eur25m primarily based on work carried out under the contract and additional costs incurred due to prolongation of the project,2
avoid bank stocks prateek agarwal ask investment managers,2
bbcn bancorp to buy wilshire bancorp in 1 bln deal,1
3 firms approach sebi with rights issue offer in january,0
finnish vaahto group that provides paper making technology and process machinery is starting negotiations concerning the temporary lay offs of all 140 employees at the company s plants in hollola and tampere in finland,2
australian dollar drops to 5 5 year low after ecb move,2
sbi life insurance appoints arijit basu as md and ceo,0
forestries were also higher driven by yesterday s bullish analyst comment on stora enso in dagens industri dealers said,1
wheat prices strengthens on increased offtake,1
soyabean futures advance on global cues,1
idbi bank q1 net down 28 pc at rs 307 crore,2
the repo rate will gradually reach 2 at the end of 2010 according to nordea s economic outlook,0
the value of orders on hand totaled eur 237 1 mn,0
videocon d2h likely to bring ipo this fiscal,0
cash flow from operations totalled eur 7 4 mn compared to a negative eur 68 6 mn in the second quarter of 2008,1
rakesh jhunjhunwala s sale of holdings in praj industries surprise many on d street,2
pressure on market until fed meets prateek agarwal ask investment managers,0
runway visual range is a calculated assessment of the distance that a pilot can see down a runway,0
it is a disappointment to see the plan folded,2
commexes turnover up 55 pc till oct 15 this fiscal,1
trust equities this samvat wealth creating opportunities available now,1
15 december 2010 finnish german telecoms equipment maker nokia siemens networks said today it won a contract to upgrade the radio network of home based telecommunications company elisa oyj hel eli1v,1
angel investors promoters not happy with new itp guidelines issued by sebi,0
net sales went up by 1 year on year to eur 29 million affected by the business acquisitions realized during the previous financial period the effect of which was eur 5 1 million on the review period,1
cgrantwsj i think this tsla bubble might go on for some time so long as ppl love the cars they might keep getting funding,1
the borrower was happy to do the roadshow and this paid off as the hit ratio from it was high,1
panacea to launch breast cancer drug stock down,2
the newspapers of alma media and arena partners will enter a cooperation agreement on using alma s marketplace services in their respective regions,0
by implementing the software the finnish army aims to unify and improve its operations in these application areas qpr software stated,1
day trading guide by edelweiss securities,0
in parallel teliasonera has decided to conduct a compulsory acquisition,0
p notes investment rises to rs 1 84 lakh crore in october,1
midcap pharma a robust story gajendra nagpal,1
pnc infratech ipo to resume tomorrow,0
cut long positions if nifty50 falls below 7 820 mitesh thacker,2
escorts posts 77 pc jump in q2 net profit to set up new plant,1
secure your files online like filling out a tax return making a backup is boring,0
diversification is key for success of epc business m goutham reddy ramky infrastructure,0
hindalco rising input costs a worry but buoyant demand may help,0
as a result of these negotiations the company has decided to make 45 people redundant on financial and production grounds,2
nothing more than crr hike likely edelweiss,0
operating profit excluding non recurring items increased by 27 to eur 81 9 mn from eur 64 4 mn in the corresponding period in 2008,1
finnish newspaper publisher sanoma of media group sanomawsoy is merging its free sheets uutislehti 100 and metro as of mid september 2008 to form a new free sheet to be named metro,0
copper rises 0 94 on global cues,1
last month outokumpu sold more than 80 percent of its technology unit outokumpu technology oyj to further its strategic goal of becoming the world s largest stainless steel maker,1
search panel recommends s s mundra for rbi deputy governor s role,0
update 1 engineering firm smiths group confirms ceo appointment,0
dlf ltd slips as high court cancels 300 acre land allotment,2
in finland s hobby hall s sales decreased by 10 and international sales fell by 19,2
cautious even at current levels on omcs ing investment management,0
hexaware technologies rides high with big orders focussed strategy,1
koutons retail high debt inventory to weigh on co,2
astrazeneca teams with daiichi sankyo to sell movantik in us,1
australia shares rose nearly 1 percent despite us uncertainty,1
airlines down on jet fuel price hike,2
assets under gold etf decline 14 in one year 35 in last 3 years,2
rupiah gains on boost to jokowi s election campaign intervention drags on won,1
sun tv falls over 10 a day after ed questions maran brothers in aircel maxis deal,2
net sales in 2008 are expected to be on the same level as in 2007,0
sebi notifies rules for using ipef for refunding investors,0
the fuel purchase contracts have been signed with three months delivery from this september to november,0
several small caps trading at eye popping valuations,0
in the first quarter of 2010 the mark to market result was a pretax profit of eur 133 million versus a loss of eur 32 million in the same period last year,1
wagon supply delay drags texmaco into rs 3 5 crore loss,2
puma india head rajiv mehta quits,0
edserv q3 net up over two fold to rs 11 54 cr,1
investors can give a miss to edible oil company ncml industrie ipo,2
balance sheet oriented news driving telecom stocks nitin raheja,2
exchange ratio of 2 17 positive for tech mahindra analysts,1
government rbi working in tandem positive for banking sector dipan mehta,1
adani port q1 net up 13 per cent at rs 641 crore,1
the group s turnover in 2006 was eur 39 2 million and operating profit was eur 3 9 million,0
household sectors will be market outperformers in quarters to come sandeep shenoy anand rathi financial services,0
s k nationwide s profit soars 44 5 to rs 33 09 cr,1
investors on sidelines ahead of us holiday ecb meeting,0
meltdown in china has metal stocks sinking in india,2
texmaco rail on fast track as wagon demand picks up,1
of course we are in talks with all those coming up with new projects that involve material handling konecranes president and ceo pekka lundmark said when asked whether it was talking to reliance industries for supplying equipment to its upcoming refinery in jamnagar,0
narendra kumar takes over as igl managing director,0
dollar firm as fed minutes likely to highlight policy divergence with peers,0
the stock is trading above both its maps and the 50 day map of sek72 983 is higher than the 200 day map of sek70 283 a bullish indicator,1
nifty50 seeing strong support 7 820 expect volatility to rise on f o expiry,0
q1 numbers crude oulook midcap rally lifting tyre stocks harendra kumar,1
the company also said that its board of directors has proposed a profit distribution of eur0 92 per share,0
aanjaneya has been rising steadily deepak mohoni,1
guargum futures decline as participants trim positions,2
take solutions slips 3 on revenue loss due to chennai floods,2
religare health to raise upto rs 2 373 crore in singapore ipo,0
gsk announced in november 2008 that it would close its operations in dartford,2
recommend wait and watch for midcap it stocks dipan mehta,0
cse index gains 93 points,1
david lau appointed gm of singapore airlines in india,0
barjeel geojit securities launches brokerage services for qfis,0
trend will firmly remain on the upside as long as nifty maintains 8050 8060 levels mitesh thacker,1
bp statoil to withdraw staff from algeria following rocket attack,2
nokian tyres tyres are considered genuine winter tyres in russia,0
upbeat earnings lift european shares china still a drag,1
cyclicals have disappointed the investors time and again harendra kumar,2
federal bank q3 net up 9 per cent at rs 230 crore on improved assets,1
go long on metal space ashwani gujral,1
sainsbury s says to outperform rivals in tough market,1
dollar mixed in asia trading,0
arvind saxena appointed as md of volkswagen passenger cars in india,0
gold hovers below 3 month high us jobs data ecb eyed,1
organic cotton loses premium on demand supply mismatch,2
continue trading with long side bias with stop at 8450 levels on nifty mitesh thacker,1
expect choppiness on nifty to continue mitesh thacker,2
the additional flight linking mumbai with helsinki was dictated by the strong traffic demand between asia and europe,1
the new b shares carry the right to dividend and other shareholder rights with effect from today,0
kalnapilio tauro grupe kalnapilis tauras group which is owned by denmark s royal unibrew raised its market share to 25 2 percent from 23 91 percent as beer sales for the nine months jumped by 11 4 percent to 52 99 million liters,1
traders make a killing by selling nifty options,0
uninor operating loss narrows down to rs 70 cr in second quarter,1
nifty may hit 8000 in the near term mitesh thacker,0
rapala said it estimates it will make savings of 1 2 mln eur a year by centralising its french operations at one site,1
india s lalita gupte finds place in alstom s board,0
hong kong shanghai stock link officially opens,0
fullerton appoints rakesh makkar as executive vice president,0
you think the stock market is crazy look at oil prices,2
all of raisio s divisions recorded an operating profit,1
hul at fresh 52 week high stock outperforms peers fmcg index,1
base metals rise on global cues,1
as the largest elevator market in the world chinese output of elevators continued to rise to 262 000 units in 2009 up about 5 yr on yr,1
little sign of election nerves as sterling hits 2 month high,1
negotiations with representatives of the personnel regarding the restructuring process have now been ended,0
mtnl fails to deliver every time hemen kapadia,2
jpmorgan shuffles cfo other execs,0
brent steady below 60 heads for 4th weekly decline as oversupply persists,2
gspc raises rs 3 000cr through bond markets to meet capex need,1
ashok leyland reports rs 25 crore loss in q2,0
tsla looking good i d love to see a basing action here letting the rsi take a breather,1
tyrv inen is of the opinion that the airline has been repeating this for some time already however,0
karnataka bank net profit during october december up 33 at rs 106 crore,1
iaci looks good on the weekly chart,1
casinos red before the bell lvs 0 75 wynn 0 47 wynn 0 47 unusual comibinations of what s running what s red before the bell,2
the company said that its comparable operating profit for the january june period fell short of last year s corresponding performance,2
battered sensex loses 630 points corporate india doesnt see any signs of a pick up,2
biotie north american licensing partner somaxon pharmaceuticals started a phase ii iii clinical study in patients suffering from pathological gambling and a pilot phase ii study in nicotine addiction smoking cessation,0
sensex under pressure here what experts are betting on,2
npcil rides corporate bond wave to raise up to rs 2 500 crore,0
scottrade why is tsla not available for shorting at this time same for w,2
saudi market opens may affect global fund flows,0
bse sets circuit limit of 10 for united breweries scrip,0
aluminium futures rise on global cues spot demand,1
brent steady above 108 as russia libya support,1
n k verma is new ongc videsh ltd managing director,0
rupee ends day at 59 27 against us dollar,0
it companies will continue to deliver says dipan mehta,1
alexandria va dec 22 united states patent no 7 854 608 issued on dec 21 was assigned to outotec oyj espoo finland,0
profit before taxes amounted to eur 56 5 mn down from eur 232 9 mn a year ago,2
evening trades improve co relation with global markets ncdex,0
hold on to asian paints deven choksey,0
you have to be stock specific in current market situations sandeep wagle,0
morrisons finance chief to fill gap as ceo leaves early,2
essar shipping falls 2 5 as delisting price at discount to cmp,2
usha martin gains 18 per cent on coal block wins,1
arun katiyar joins one97 mobility fund as venture catalyst,0
we are pleased with the efforts of both negotiating teams and look forward to a productive four years ahead,1
update 1 astrazeneca buys zs pharma for 2 7 billion pips actelion,1
it is vital for the rupee to stabilise prateek agarwal ask investment manager,0
the lay offs will affect 240 people out of the total 320 okmetic employees in finland,2
the sale which will result in a gain of some eur 60 million in the second quarter of 2010 for oriola kd supports the finnish company s strategy to focus on pharmaceutical wholesale and retail operations,1
prefer bpcl among oil marketing companies gaurang shah,1
suzlon shares rise on rs 10 000 cr debt payment report,1
the order includes a steel frame load bearing roof structures and partition wall elements and rautaruukki said it expects to complete installation as early as may next year,0
7000 plus levels on nifty possible going ahead mitesh thacker,1
marimekko operates in an industry in which changes in the business climate are reflected in consumer demand,0
tsla wish had my puts back but see if we can find support around 243 39 and pop up so that i can get back in,2
f o volumes plunge as vix sinks to new low,2
indian rupee edges lower state run banks buying dollars,2
for 24 hour news try icis news click trial then icis news,0
jyoti structures zooms 10 on order win,1
jp associates q2 profit nearly halved at rs 68 crore,2
real estate to remain under pressure for long iifl,2
5 pharma stocks that propelled bse healthcare to lifetime high,1
one attractive factor about the tablets for media companies is that they provide a new way of making money,1
flash boys book on high frequency trading becomes the talk of wall street,0
zensar q4 net jumps 41 3 to rs 55 25 crore,1
ultratech sep quarter net slumps 54 pc,2
sales at the unit slumped last year after the industry was hit by poor snowfall in the major resorts in the winter of 2006 07,2
gold futures decline 0 23 on profit booking global cues,2
markets hit all time high levels profit booking likely now,1
nifty witnessing sideways consolidation ashwani gujral,0
ivrcl rallies 5 as cdr approves rs 7 000 crore debt recast proposal,1
comex gold prices inch lower in early noon trades,2
innoventive industries makes weak debut on bourses,2
finnish financial group aktia reports operating profit of eur 44 4 mn in january september 2009 up from eur 37 3 mn in the corresponding period in 2008,1
sbux downgraded to neutral at deutsche bank price target reduced to 64 from 70,2
ecommerce players find more value off the street,1
brent holds above 109 on outlook for us oil stocks ukraine crisis,1
awr standard poor s affirms a credit rating at american states water company and golden state water company,1
rio tinto swings to loss drops dividend policy,2
franklin templeton buys record rs 16 000 crore government securities in a day,0
thanks to sebi shareholders will have access to critical information from the next fiscal,0
aapl 131 rally mode,1
dug weekly stochastics finally starting to turn up after long consolidation buying here,1
rapala vmc corporation stock exchange release october 10 2008 at 11 45 am kaupthing bank oyj kapthing has informed rapala vmc corporation rapala that it has interrupted the liquidity providing for rapala s share for the time being,2
pipavav defense likely to restructure rs 7000 cr debt via cdr stock up,1
why hemang jani is not bullish on banking stocks,0
re use back into pet bottles has also steadily increased and the rate of use in strapping tape has picked up again after a dip in 2005 petcore said previously,1
companies thetrainline com announces arrival of london ipo,1
nifty turns choppy after hitting 7 700 top 20 bets,2
the product range includes marinated olives cold cuts and pates for example,0
monsanto india posts rs 26 crore loss in september quarter,2
godrej properties q4 net profit down 9 to rs 48 34 crore,2
castorseed futures slip 2 41 per cent to rs 4 204 per quintal,2
ongoing correction in china markets does not mark the end of bull run chris wood clsa,0
experts see sensex at 24 000 well before elections,0
mrpl records rs 406 crore net profit,0
insurance stocks surge up to 15 rally to not sustain as positives of bill priced in,1
operating profit for the three month period increased from eur1 2 m while revenue increased from eur20 2 m as compared to the corresponding period in 2005,1
samsung electronics jumps over 4 per cent on restructuring speculation,1
the finnish supplier of bss oss and vas for telecom operators tecnotree has received expansion orders worth a total us 7 3 mn for its convergent charging and next generation messaging solutions in latin america the company announced without specifying which operators had placed the orders,1
imported apple prices crash in domestic market due to huge imports,2
dcb bank to raise upto rs 275 crore via qip stock up,1
refinery stocks go up during downtrends fall during uptrends deepak mohoni,0
650 660 levels likely for ril in near term rajat bose,1
look out for opportunities in midcap companies tushar pradhan hsbc amc,0
finnish food industry company l nnen tehtaat is planning changes to its fish product business,0
larsen toubro infotech set to hire top executives ahead of ipo,0
tremendous value in jet airways says jagdish malkani,1
bajaj electricals q2 net loss at rs 14 21 crore,2
a total of 15 000 new citycon shares with a nominal value of eur 1 35 per share were subscribed between 17 and 23 march 2006 exercising the a b c options based on the company s stock option plan 1999,0
sstl q3 net loss widens to rs 760 crore,2
jewellery stocks under pressure down up to 3 5 per cent,2
this could be us,0
industrial oils ease on lower offtake,2
the other seats would go to edgar edmonds an american with experience of the clothing and retail industry and christian fischer an austrian with experience in the winter sports goods business,0
mecklai financial report september 26 2014,0
steel prices end quiet in thin trade,0
lupin s strong product pipeline likely to drive growth,1
jspl shares tank over 8 5 mcap down rs 1 482 crore,2
interim budget 2014 excise duty cuts across auto segment roll in but investors still wary,2
vrl logistics sets rs 195 205 price band for ipo,0
street s optimistic on texmaco growth prospects,1
cyclicals to wait for concrete fundamentals nitin raheja,0
amara raja batteries slips over 5 post q3 results,2
keep punjab national bank on radar devang visaria,1
groundnut oil strengthens on seasonal demand,1
ecb qe what markets expect and what it might mean,0
cimmco surges 10 here s what the management says,1
nifty50 may not break 8 000 in hurry sandeep wagle,0
nifty looks set to touch 6420 in next few days mitesh thacker,0
plug closed short position small gain not interested in options expiring worthless,1
uflex shares rally nearly 9 post good q2 show,1
britannia fy 11 net profit up 30 19 at rs 134 34 crore,1
nse to auction limits in bonds for foreign investors,0
lots of metal stocks look like a 5 10 run awaits long ssri paas and nem but most high quality names should go if metal prices cooperate,1
china to let banks with offshore yuan business do domestic repos,0
m real corporation press release on 3 november at 10 35 am m real corporation was the second best company in the materials sector including e g forest industry companies in the carbon disclosure leadership index cdli nordic report 2009,1
bonds yields ease on renewed risk aversion in global markets,2
r neelakantan returns to spicejet as chief financial officer,0
ntpc files for fpo,0
prefer balkrishna industries among tyre stocks deven choksey,1
cil workers that struck out on ipo may get chance to buy stake,0
the building will house product development and test laboratories,0
yes bank wrangle may be solved out of court,0
is wall street set to witness deal making rivaling the dot com bubble time,0
vinita bali steps down as britannia managing director,0
indo rama synthetics q2 net loss at rs 61 36 crore,0
popularising g secs among retail investors,0
dalal street plays smart as may 16 draws near,0
british american tobacco drops and sues pwc over pollution scandal,2
strong german retail sales keep european shares near 7 year highs,1
rental of building equipment accounted for 88 percent of the operating income,0
five reasons why rupee may not appreciate much,0
fci buys paddy from farmers amid protest,0
media space looks more promising than last year taher badshah,1
diageo sales disappoint as currency and comparatives leave bitter taste,2
commodities pare 40 billion of hedge funds wealth since 2008 report,2
in q1 of 2009 the company s operating loss totalled eur 0 3 mn compared to a profit of eur 3 6 mn in q1 of 2008,2
renuka sugar is the pick of the sugar stocks deepak mohoni,1
senior bse veterans head for exit,2
time for cnx it to hit a new high ashwani gujral,1
neste oil is working with over 20 research communities in europe america africa asia and australia to develop and introduce new raw materials,1
kai tulonen chief technology officer sysopen digia says we have been using corporate phonebook inside sysopen digia extensively since last fall and we have been very satisfied with the results,1
like jp associates at current levels devang visaria,1
pharmaceutical giant sun pharma likely to take huge stride,1
bse currency derivatives volume at rs 2 000 cr mark,0
vistaar finance raises rs 160 crore in fresh funding,1
coal india board appoints m viswanathan as company secretary,0
ashwani gujral s top picks good time to look at beaten down mid caps,0
the agreement will provide the switch with double the converter capacity whilst opening up further manufacturing locations in china,1
rinl ipo will depend on market conditions steel secretary,0
telcos surge as brokerages turn bullish post spectrum auction,1
chinese insurers banned from demanding repayment from brokerages ahead of deadline,2
water treatment products in australia today global research data services is going to publish a market analysis about the market for chemical water treatment products in australia,0
ultratech cement high costs mar show but future prospects bright,0
dont be surprised to see rupee fall to 70 per dollar say experts,2
australia shares end a shade firmer china flash pmi eyed,0
copper softens in futures trade on weak global cues,2
rbi tightens norms for nbfcs heres how it impacts different stocks,0
spot demand lifts chana futures by 1 20,1
sebi to make share trading cheaper and simpler,0
what should investors expect from reliance industries 40th agm,0
profit before taxes was eur 5 4 mn up from eur 3 6 mn a year earlier,1
jyothy labs q3 net up by 27 9 per cent,1
news feedftse 100 movers ashtead jumps on strong interims glencore bp in,1
divisional sales demand in the half remained inconsistent it added,2
sebi slaps rs 42 50cr fine on 21 entities for fraudulent trade,0
monster rally on the cards post elections sensex seen at 26 27k by 2014 end,1
tv today network q3 jumps 34 46 per cent to rs 20 64 crore,1
mpwr ceo sells 450k april 15th meh,2
exporters slump on rupee strength,0
according to finnish metso minerals the value of the company s orders has gone up to eur 1 9 bn in 12 months,1
aldata solution oyj stock exchange release 11 august 2006 at 11 00 am aldata shares subscribed for with 2003 stock options a total of 95 000 new shares of aldata solution oyj have been subscribed for with the company s 2003a stock options,0
the ipad application joins the iphone app as part of monster s range of mobile applications for job hunting,0
nmdc q2 net up 81 pc at rs 1 518 crore,1
mrf q2 net dips 19 at rs 171 crore,2
puravankara projects cracks 13 post q1 results,2
this is a repeat order to follow successfully installed 159 elevators in the same delhi metro system kone spokeswoman told thomson financial news,1
the earnings per share for the quarter came in at 0 25 eur up from the 0 20 eur of the same quarter a year earlier,1
jsw steel q4 net profit up 29 88 at rs 793 63 crore,1
china eyes gold market clout with new exchange,0
the business is organised as of february 1 2011 in a way that production of design services is combined into one entity etteplan operations,0
sanofi india q1 net up 11 pc at rs 44 cr,1
can t take more than 200 points view on the nifty ashwani gujral,0
top 5 reasons why street is cheering infosys results brokerages up target price to rs 1 300,1
nq got hit hard lower this am looks like it has found support a 18 89,2
kesko agro eesti the retailer and wholesaler of grain agricultural and warehousing machinery and accessories had net sales of 81 million euros in 2007 an increase by one tenth over the preceding year,1
nirma bid to unlock value via delisting,0
refined soya oil futures weaken on low spot demand,2
prime focus tech raises rs 45 crore to fund expansion,1
longed amzn 300 189 82,1
future prices of agriculture commodities tumble on rumours of trade ban,2
rapala aims to move the distribution unit ragot from loudeac in bretagne and the distribution unit waterqueen and the fishing line supplier tortue from saint marcel in central france to morvillars,0
insurance stocks pare gains after 7 gains here s why rally couldn t sustain,1
iifl holdings surges on open offer hits 52 week high,1
sensex can correct max by 5 10 uptrend remains intact analysts,1
people who enjoy mobile games are often the same customers who enjoy experimenting with new mobile services and content,0
corrected shire to buy dyax for about 5 9 bln,1
markets on edge ahead of janet yellen testimony,2
eur928 000 in q1 2010 6 may 2010 finnish textile and clothing design company marimekko oyj hel mmo1v said today its net profit rose to eur928 000 in the first quarter of 2010 from eur13 000 in the corresponding period a year earlier,1
kohinoor foods posts rs 188 cr profit for fy 12,1
syngene international makes stellar debut ends day up 24 over issue price,1
the secondary antenna can also be used for reception of the high power signal of the radar to calibrate the transmission channels of the radar,0
ackman in email says supports valeant ceo pearson,1
10 year bond yield hits 16 1 2 month low on rate cut hopes,1
rubber imports to jump 10 15 on falling prices,2
the planned ethanol and energy production plant can operate in correlation with a waste treatment unit or a paper mill,0
buffett s company reports 37 percent drop in 2q earnings,2
temptation foods q3 net declines 55 53 at rs 7 87 cr,2
pre market nifty seen opening flat may trade around 8050 levels,0
ravindra pisharody satish borwankar in race for tata motor new md post,0
investments through p notes into indian markets rise to 26 billion in august,1
sbi appoints b sriram vg kannan as managing directors,0
looks like a big feb 18 22 put spread on cree last quarter 0 yoy rev growth trading 24x earnings i may try a short,2
two of these contracts are for turntable anode vibrocompactors that will be delivered to gansu hualu aluminum co ltd and another unnamed costumer,0
euro steadies after slumping on dovish draghi comments,0
markets at new record levels on fii flows global trend,1
tribhovandas bhimji zaveri q2 net plunges 82 to rs 3 51 crore,2
lemiste city is the environment for a knowledge based economy providing work for 3 300 people with the total turnover of its companies amounting to eek 5 4 bn said lo p rnits chairman of the supervisory board of lemiste city and mainor,0
cag report macro indicators to keep investors on the edge,0
textile stocks likely to remain under pressure vijay bhambwani,2
u s billionaire wilbur ross cashes out bank of ireland stake,2
sun pharma tanks nearly 9 in two sessions on usfda import alert,2
put oi concentration at 6000 shows support,0
helion co founder kanwaljit singh moving out as vc firm names two new partners,0
china agricultural bank sells 1 billion debut green bond in london,2
hopes of greater government focus lift defence stocks,1
the electricity requirement of networks will grow with the new mobile generation,0
morgan stanley sees return of retail investors,0
suggest to wait till nifty hits 8330 mark mitesh thacker,0
rcf q3 net falls 28 to rs 52 90 crore,2
the lithuanian beer market made up 14 41 million liters in january a rise of 0 8 percent from the year earlier figure the lithuanian brewers association reporting citing the results from its members,1
tribunal asks sebi to select sro afresh for mf distributors,0
vijaya bank look okay in the psu banking space devang visaria,1
wockhardt surges 12 as hp drug controller revokes drug suspension,1
whirlpool q3 net up 49 13 to rs 24 10 cr,1
wealthy investors exit stocks get debt for safety,2
abg shipyard may move up in near term avinnash gorakssakar,1
a year on from record low optimism abounds about rupee,1
m real s sales are expected to have increased by 4 year on year to eur609m in the second quarter of 2010,1
finnish construction company yit is reducing the number of start ups of market financed residential units in 2007 to about 2 300 from the previously announced 2 700,2
nbcc fixes ipo price band at rs 90 106 per share,0
the new agreement is a continuation to theagreement signed earlier this year with the lemminkainen group whereby cramo acquired the entire construction machine fleet oflemminkainen talo oy ita ja pohjois suomo and signed asimilar agreement said tatu hauhio managing director ofcramo finland,0
why not subscribe to the magazine,0
westpac banking corp is to issue a benchmark 3 year frn deal in euros,0
stora is due to release its fourth quarter and 2009 full year earnings on feb 4,0
end of day scan stochastic overbought jdst free blrx lpg afsi dvax hdge aht alr asmb,2
power stocks may suffer in shorter term avinnash gorakssakar,2
because we re a pension insurance company we re required to diversify and not put too much in one asset class,0
fertiliser companies gain as cabinet approves gas pooling,1
elcoteq se is europe s largest contract electronics maker and has set up a unit in bangalore in association with avista advisory of mumbai,0
looking into the future of sensex,0
yuan falls to 4 1 2 year low traders unsure how far central bank will let it go,2
finnair believes the strike will cause it daily net losses in excess of eur 2mn due to canceled reservations and passenger re routing,2
broker guotai junan soars in debut after china s biggest ipo since 2010,1
rupee recovers 7 paise against the us dollar,1
existing investors should hold on to eicher motors stock for long term gains mayuresh joshi,1
sbi q3 profit down 10 per cent at rs 3 354 94 cr,2
policy makers looking to allow fis to buy government bonds from sovereign wealth and pension funds,0
at the same time i am delighted by the fact that we were able to accomplish the organization with our own team members,1
nse group firm launches quality 30 index,0
caustic soda prices decline on reduced offtake,2
markets may correct 5 6 in the near future edelweiss,0
medium sugar drops on stockists selling poor demand,2
diis likely to lap up rs 1 lakh crore bonds uday brings cheers to pf insurance funds,1
crompton greaves december quarter net up 27 67 per cent,1
outotec oyj press release february 19 2008 at 11 00 am outotec has won two large minerals processing technology orders from mirabela mineracao do brasil ltda brazil and from cumerio med jsco bulgaria,1
uponor improved its performance in spite of the decrease in residential construction in the us,1
other carriers and handset makers spin it as a positive event that will raise interest for higher end phones and pricier data plans,1
ceat shares up over 4 after workers call off strike,1
natural rubber prices have plunged to five year low,2
jpx nikkei 400 futures debut amid growing return on equity interest,0
ndtv q2 consolidated net loss at rs rs 15 26 crore,2
bharati shipyard s q3 net profit down 30 to rs 23 16 cr,2
dabur q1 net up 13 33 per cent at rs 210 81 cr,1
the plant will collect raw material from the baltic sea region,0
stora enso said delight was suitable for a wide range of applications including food cosmetics home decoration and leisure products,0
lead futures extend losses on sluggish demand,2
earnings per share eps amounted to eur0 98 up from the loss of eur0 02,1
grasim looks good but range of growth not much sudip bandyopadhyay,0
state run banks rally after rbi extends basel iii deadline,1
sell divi laboratories ltd with a stop loss of rs 1711 vijay bhambwani,2
tbz q3 net dips 23pc to rs 19 07 crore,2
26 october 2010 finnish environmental management company lassila tikanoja oyj hel lat1v or l t said today its net profit declined to eur20 9 m for the first nine months of 2010 from eur27 6 m for the same period a year earlier,2
in no hurry to recommend buy on coal india mehraboon irani,0
nifty stuck in a range focus on individual stocks mitesh thacker,0
mukund abhyankar has been elected as chairman of nafcub,0
dhanlaxmi bank on downtrend ashwani gujral,2
experts call on oil marketing companies,0
financial technologies rises 2 83 on fccb redemption,1
sensex may touch 28 000 mark in 2014 15 financial year deven choksey,0
stellar debut sh kelkar lists at rs 222 a 23 premium to issue price of rs 180,1
companiesfresnillo shares jump 8 as silver price breaks 21,1
dalmia bharat group appoints ajit menon as executive director group head of hr,0
the announced investment of the carmaker hyundai for example sounds optimistically for us as of course new cars mean new tires,1
soybeans rise to 10 month high after record crush in us mills,1
persistent system s three way strategy likely to improve profitability,1
performance in 2006 was impacted by the consolidation trend in the telecom sector and the overall and structural changes in the contract manufacturing market in telecommunications technology and industrial electronics,2
tcs among top picks in it sector dipen shah,1
onmobile q1 net soars 48 pc to rs 14 06 cr,1
its raining good news for turmeric producers,1
icicidirect centre for financial learning launches stockmind season 4,0
arthveda capital to launch smart alpha indices,0
restructuring helps bata india stay a step ahead,1
gillette to get costly not a standard bt st call in long term jagdish malkani,2
earlier today geberit s finnish rival uponor oyj cut its full year sales growth forecast to 6 pct from 10 pct blaming tough conditions in germany and the us as well as currency factors,2
however its market share shrank to 47 59 per cent from 48 per cent a year earlier,2
one price category is for calls on the preferred operator s network and another for calls on other operators networks,0
p madhusudan assumes charge as new cmd of rinl,0
coriander futures up 3 73 per cent on surge in demand,1
otis elevator appoints sebi joseph as md of india biz,0
eveready q4 net dips 96 per cent to rs 3 86 cr,2
emsa deputy chairman of the board juri lember told bns on wednesday that this was the first time he heard about the strike as the swedish side had not informed the estonian union yet,2
gold dips for sixth day on sustained selling global cues,2
hdfc bank q4 net up 30 per cent at rs 1890 crore meets forecast,1
sandip bansal joins religare capital markets,0
readers view near 40 bbl but crude oil prices yet to see bottom,0
iran deal fires sensex 388 points how it benefits india,1
joerazorback this time i think aapl will miss again generally speaking market is near top when everyone thinks that market goes only up,2
sainsbury sells unit to lloydspharmacy,1
jsw energy q2 net up 54 at rs 492 crore,1
omc stocks may continue to perform well in next 3 6 months harendra kumar,1
titan cracks over 3 as rakesh jhunjhunwala cuts stake,2
manpasand beverages plans ipo to raise rs 500 crore,0
stick to regional players in cement sector jagdish malkani,0
gsfc s net up over 2 folds to rs 207 cr in q2,1
decoding the cryogenic engine used in isro s launch,0
media form db corp s q4 net profit falls about 16 to rs 64 crore,2
cooking oil price may rise on low production,0
in finland snow storms brought trees down on power lines cutting off electricity for some 2 000 households,2
recap msft rumor this morning had them spinning off xbox unit stock grinds up all day to close on highs,1
submit associate member details by february end nse to brokers,0
there are near term issues with infosys iv subramaniam,2
iifcl too boards infra bond wagon to raise rs 1 200 cr,0
the deal includes all rental equipment and related merchandise the rental contract of the depot and two employees the company said,0
sstl q3 net loss narrows at rs 437 9 crore,2
m m farm equipment division may be a growth driver,1
2g auction will not impact idea cellular,0
brokerage stocks looking good hemen kapadia,1
reforms overdrive may cheer stocks amid greece worry,1
anil ambani owned reliance communications files for 1 billion ipo in singapore for undersea cable business,0
saraswat bank posts 78 growth in net profit at rs 212 27 cr,1
five things to know about kyc registration agency,0
dynamic bond funds a good bet in falling interest rate scenario,1
vk sharma tipped to be rbi deputy governor,0
india inc taps into corporate bond market to fund expansions,0
andhra bank q3 net profit rises to rs 275 crore,1
westbridge to buy 1 74 sks stake to emerge second largest holder,1
manappuram up on dividend payout,1
illiquidity a concern for stc deepak mohoni,2
symantec appoints adrian jones as asia pacific and japan senior vice president,0
helsinki thomson financial shares in cargotec fell sharply in early afternoon trade after the cargo handling group posted a surprise drop in april june profits which overshadowed the large number of new orders received during the three months,2
dollar sinks deeper in asia on low us bond yields,2
grey ipo market shows signs of revival with sensex scaling new peaks,0
deal more favorable for sun pharma shareholders,1
chambal fertilisers and chemicals q1 net profit up 21,1
heidelberg is an interesting stock deepak mohoni,1
nhpc reports rs 719 cr net profit for q1,0
dth industry early lead on volume front to decide winners,0
torrent power rallies as q2 net profit rose to rs 246 27 crore,1
nickel futures down on subdued spot demand,2
stretched valuations likely to keep emami stock under pressure,2
ap caterpillar posts 60 percent jump in 4q profit on steep global sales increase tops wall st view cat,1
one can expect markets to go high sudip bandyopadhyay,1
jagran prakashan a value pick may offer 15 20 on upside avinnash gorakssakar,1
entire midcap it sector would underperform hemang jani sharekhan,2
sterlite gains as sc sets aside madras hc order on tuticorin plant,1
oberoi realty q4 net up by 30 16 at rs 136 7 crore stock down,1
pre market nifty seen opening lower inflation data eyed,0
nokia oyj s production site at bochum germany posted profit before interest of 134 mln eur for 2007 capital reported in an excerpt of an article to be released tomorrow citing internal documents,0
sebi allows 100 alternative funds to operate in india,0
mcfl q3 net jumps over three fold to rs 27 95 crore,1
adpnews dec 30 2009 finnish investment group neomarkka oyj hel nembv said today that it will furlough employee in its unit reka cables ltd for less than 90 days starting in january 2010,0
london metal exchange to continue with face to face bidding lines up 1 7 mn for technology upgrade,0
nbhc appoints vijay kelkar as chairman,0
sainsbury s asda tesco and morrisons will all cut petrol prices as oil falls,2
european shares fall for fourth session in a row,2
sugar companies investors get the sweet smell of revival,1
emami drops after amri hospital fire incident,2
what to expect from icici bank q3 results,0
strides arcolab may see some more downside if the mylan deal does not come through avinnash gorakssakar,2
long sdlp cpgx twtr bita labu fb tsla ete sdrl autocharts,1
there has been some recovery of the base metals prices and increased demand for metals in china however,1
productional situation has now improved,1
the subscriptions increase cargotec s share capital by 36 780 euros,1
educomp may see levels of 255 260 mitesh thacker,0
forex gains during august on hopes of ecb easing,0
return on capital employed roce was a negative 2 3 compared to 11 3 in 2007,2
finnish pharmaceuticals company orion s net sales rose to eur 190mn in the first quarter of 2009 from eur 180mn in the first quarter of 2008,1
millercoors delivers 2 9 underlying net income growth for 2014,1
like chambal fertilisers ambareesh baliga karvy,1
sbi stock split fails to lift sentiment stock falls over 3,2
investor flight from us stocks fails to lift bond market,2
mep infrastructure s rs 324 crore ipo opens tomorrow,0
market may retest 5600 level in next few weeks ashwani gujral,0
ancillary stocks like ashok leyland set to gain from rise in mining activity in coming years,1
brace for further fall nifty likely to slip below recent low of 7 997 mitesh thacker,2
the first four of the new shop in shops will be opened this spring on madison avenue in new york as well as in chicago los angeles and san francisco,0
these share transactions are part of the company s strategy of relinquishing assets that are not part of its core business,0
refined soya oil futures weaken as demand decline,2
bjp manifesto fails to lift street sensex records triple digit cut,2
both operating profit and net sales for the 12 month period increased respectively from eur20 8 m and eur177 7 m as compared to the financial year 2004,1
first leasings agm venue irks minority shareholders,0
indigo s ipo set to fly should you book a flight,0
action by sebi under ordinance to remain valid government,0
heidelberg cement a good long term buy,1
also a six year historic analysis is provided for these markets,0
1nvestor soda has a 42 71 float short lol,2
videocon industries q4 net down 47 at rs 86 42 crore,2
dewan housing shares surge 10 after earnings,1
srs ltd income surges by 19 per cent to rs 3439 38 crore in fy14,1
sesa sterlite results fail to surprise street stock down 1 3,2
estonia s agriculture minister helir valdor seeder is in finland on a two day visit in the course of which he will meet with his finnish counterpart sirkka liisa anttila,0
dmasia 16 august 2006 benefon extends manufacturing capability with asmobile 2006 digitalmediaasia com dma ltd,1
the acquisition was financed with 2 56 billion of debt arranged by goldman sachs co,0
dhfl pramerica first half profit jumps 71 per cent,1
10 year bond yield falls debt buyback talk increases,1
etfs based on msci index set to hit the market soon,0
apollo tyres hits 52 week high on us court ruling more upside seen,1
motorola the world s second largest maker of cell phones unveiled the new phone tuesday in a bid to resurrect its ailing handset business,0
east india hotels q1 earnings fall on weakening traffic of foreign tourists interest burden,2
hsil looks attractive avinnash gorakssakar,1
alembic pharmaceuticals q3 net up 7 per cent at rs 70 66 crore,1
rupee plummets to 7 month low down 38 paise to end at 61 53 vs us dollar,2
production at the plant will be based on neste oil s proprietary technology that can use a flexible input of any vegetable oil or animal fat,0
sebi issues new norms regarding delivery instruction slips,0
finnish messaging solutions developer tecnomen corporation omx helsinki tem1v said on thursday 11 december that it has received an expansion order for its convergent charging solution in latin america,1
textile sector offers opportunities for investors harendra kumar,1
operating profit improved by 44 0 to er 4 7 mn from eur 3 3 mn in 2004,1
10 yr bond pares early gains tracking em assets,2
mallya s stake in united spirits limited declines as kingfisher airlines lenders invoke shares,2
orbit corporation could retest levels of 46 ashwani gujral market strategist,0
reliance industries continue to do reasonably fine amisha vora,0
ibm posts 4 per cent drop in quarterly revenue shares slump,2
eveready industries records q4 profit at rs 5 44 crore,0
info edge co promoter and cfo ambarish raghuvanshi resigns,0
the helsinki based company which also owns the salomon atomic and suunto brands said net profit rose 15 percent in the three months through dec 31 to x20ac 47 million 61us million from x20ac 40 8 million a year earlier,1
sachin tendulkar shane warne to ring opening bell at ny stock exchange,0
gontermann peipers india posts rs 5 65 crore net loss in q1,0
200 dma strong support for nifty index may bounce back to 6 200 levels,1
fortum is looking to invest in several new production units including a new waste fired unit at its brista combined heat and power chp plant and a biofuels based production unit at vartan chp plant,0
nke gapping up to all time highs tradeideas,1
watch out for infosys in the it space dipan mehta,1
hul shares down over 3 post q4 earnings,2
steep appreciation in rupee to lower oil subsidies,1
uptrend in it likely to continue buy on declines ashwani gujral,1
wipro growth could be weak in fy15 too,2
it posted a turnover of 4 5 mln euro 6 1 mln and an operating profit of 1 5 mln euro 2 0 mln for 2006,0
bata india q2 net down 4 14 per cent at rs 59 37 crore,2
country germany sector construction real estate machinery engineering target caverion gmbh buyer yit oyj deal size in usd 90 3 m type corporate acquisition status agreed,0
cipla appoints adil zainulbhai as an independent director,0
the vuokatti unit will be developed to focus especially on the manufacture of prototypes the ramp up of new products and the demanding testing and after sales services,0
go for bigger names like sbi in public sector banks iv subramaniam,1
avoid prestige estates projects ipo says kr choksey,2
the above mentioned shareholders will suggest that a monthly salary of eur 1 400 would be paid for the board members outside the company,0
the total value of the project is about eur53m including the plots that will be transferred to atria,0
according to hk ruokatalo almost all the meat used by the company comes from finland,0
don t understand how shares like justdial are brought into f o sandip sabharwal,2
stora enso a global paper packaging and wood products company and neste oil a finnish company engaged in the refining and marketing of oil have inaugurated the demonstration plant at varkaus finland for biomass to liquids production utilizing forestry residues,0
balasore alloys fy11 consolidated net rose 115 pc to rs 27 crore,1
jspl buys back shares worth rs 500 crore,1
russia rts index down 4 percent to five year low,2
cheap imports key concern for tyre makers sachin shah,2
sell sks microfinance ltd with a target of rs 421 sandeep wagle,2
aniruddh kumar assumes charge as beml board member,0
basware s ceo ilkka sihvo comments in conjunction with the interim report as a whole basware succeeded well in the second quarter of 2007,1
quarterly numbers not to impact ranbaxy harendra kumar,0
cnx it is out of the sell mode mitesh thacker,2
major south east asian stocks fall energy shares lead regional decline,2
agri stocks spike as cabinet okays rs 50 000 cr krishi sinchai yojana,1
australia clears ab inbev s 100 billion sabmiller buyout plan,1
day trading guide by iifl,0
financialwire tm is not a press release service and receives no compensation for its news opinions or distributions,0
consider aggressive buying on the nifty mitesh thacker,1
sail q4 profit marginally up 1 35 at rs 452 58 crore,1
oil ends steady in thin trade,0
sebi calls for systemic safeguards in algo trades,0
wealthy investors lap up nhai s rs 10k cr bond issue,1
rnrl is a clear sell seshadri bharathan,2
south korea won falls to 5 month low on us rate outlook shares edge lower,2
how new insurance company entrants are likely to perform in the stock market,0
drug firm strides arcolab reports q4 net profit at rs 69 66 crore,1
sahara group listed scrips slip after subrata roy s arrest,2
its product portfolio comprises harvesters forwarders harvester heads as well as cranes and loaders,0
ravi ruia quits as essar energy chief,0
valuations on the higher side but india remains an attractive story in the long term hans goetti bil,0
honkarakenne s customer in this project is one of the biggest real estate companies in kazakhstan according to the company,0
bse opens investor centres at lucknow vadodara and patna,0
a total 30 of the order value was booked in the fourth quarter of 2009 and the remainder will be booked in the second quarter of 2010,0
pick educomp only for short term deepak mohoni,1
gold loses lustre in spot market,2
kaveri seeds under bear attack,2
mcx lists at 34 premium at rs 1387 on bse,0
rbi governor may shift focus to government bonds from rupee,0
sell tech mahindra with target price of rs 1750 ashwani gujral,2
surya roshni posts rs 11 90 crore net profit in q1 fy13,0
the markets fall is only a much needed correction ashwani gujral,0
piramal enterprises q1 net profit at rs 4 08 crore,0
in switzerland teleste have been an established supplier of products for a long time and its primary customers include cable and fiber to the home ftth operators,0
the government has had a very professional approach in assessing the offer,1
sebi to conitnue with more than 300 proceedings,0
7370 mark could be the next support level for nifty mitesh thacker,1
reliance industries posts flat quarterly earnings beats expectations,1
hfcs can offer a cagr return of 25 over the next few years deven choksey,0
malaysian palm oil snaps 5 day decline but china outlook caps gains,2
shameful that listed firms not finding women directors sebi chief u k sinha,0
salcomp s charger manufacturing plant in india is located in the nokia telecom park in the state of tamil nadu in the eastern part of india,0
nifty looks tightly range bound vineet bhatnagar md phillipcapital,0
electricity consumption grows with higher frequencies,0
the value of the orders is about eur 70mn,0
ortel communications to tap capital markets in november,0
the ecb can mainly target inflation,0
year end profit booking by fiis weighs on sensex despite reform push,2
mahindra mahindra financial s prospects don t look promising mayuresh joshi,2
u k sinha appointed 8th chairman of sebi,0
atul ltd rallies over 5 hits 52 week high on stake sale reports,1
unitech net profit slips to rs 111 36 cr stk down,2
eros media plunges 9 over alleged overstatement of revenues by parent co,2
both sources said nokia would unveil its new phone code named tube on oct 2 at an analyst and media event in london,0
nhpc q3 net profit drops about 17 to rs 259 35 crore,2
thanksto improvements in demand and the adjustments we have made theutilization rates of cramo s fleet have substantiallyimproved,1
need to maintain long positions in the given market ashwani gujral,0
time technoplast is fairly valued at 71 sudhir nair,0
yes bank reports yet another quarter of stellar performance,1
netcom expects to complete turbo 3g deployment in these areas this year,0
zee entertainment shares soars as q2 net profit rises,1
yuan flat central bank signals stability with steady midpoint,0
igl q3 profit rises to rs 89 46 crore,1
the volumes are expected to increase during the next few years,1
tv today surges 8 per cent on increase in fii investment limit,1
karvy financial services plans to raise around rs 600 crore from pes,0
sell indusind bank with a stop loss of rs 560 ashwani gujral,2
participate in power through other sectors vijai mantri,0
the project also implies an underground parking lot for 56 vehicles,0
ruukki s delivery volumes and selling prices showed favourable development and the company s comparable net sales grew by 50 year on year to eur647m ceo sakari tamminen said,1
opportunities abundant in pharma space kunj bansal centrum wealth management,0
asdfllc nice pop today told ya we would be green haha funny you bring that up i m actually working on a story about nok at the moment,1
thyrocare technologies plans ipo worth up to 100 mn sources,0
weekly asia fx gains seen as fed keeps rates growth worries remain,1
san francisco marketwatch nokia corp the world s largest cell phone maker is using the consumer electronics show in las vegas to introduce a high end thin folding phone according to a media report monday,0
sell tech mahindra with target of rs 2598 sandeep wagle,2
update 1 astrazeneca sells rare cancer drug to sanofi for up to 300 mln,1
bharti airtel surges 5 on deutsche bank upgrade,1
one of the opportunities would be to bring all baltic meat processing to rakvere like processing was concentrated at the vantaa meat packing unit in finland the paper wrote,0
manu anand set to take over as head of chocolate maker cadbury india,0
kone said in court papers that the union action delayed repairs to elevators at the federal courthouse on jan 21 and the saltonstall state office building on jan 23,2
sebi norms on reits invits a welcome step industry,0
pantaloons fashion retail ltd q4 loss at rs 70 75 crore,0
high atf prices flat growth in passenger traffic to hurt airlines,2
usha martin q4 loss at rs 9 68 crore,2
government s decision on gas pricing will open up the sector more vinay khattar,1
when cruising the revs fall as less engine output is required,0
5 outperformers in today s lacklustre market,0
book profits in real estate sector harendra kumar,2
lemminkainen infra oy s subsidiary lemminkainen sverige ab will perform the construction work which is expected to start in early 2011 and to be completed in the summer of 2013,0
government selects 5 bankers to manage indian oil corporation stake sale,0
sap q1 disappoints as software licenses down real problem cloud growth trails msft orcl goog crm adbe,2
smx records turnover of over 100 billion,1
wyeth surges 20 hits upper limit on merger plans with pfizer,1
the annual net sales of the unit is some eur 5 million and it currently employs some 55 people,0
at the seminar a memorandum of understanding on co operation was signed between the finnish kemira company and vietnam national chemical corporation,1
radico khaitan q4 net profit up 81 at rs 17 4 crore,1
australian shares falls for third day straight as growth data reduces rate hike prospects,2
shire share price under pressure after 32bn baxalta deal,2
sennheiser appoints gunjan srivastava as md for india operations,0
profit of the accounting period was eur 0 3 mn,0
perfect infraengineers becomes 32nd stock to list on nse emerge,1
tsla recall,2
f o tracker next support for nifty seen at 8320 levels,0
the proposal of the shareholders to elect mr hannu krogerus to the board is based on his long and unrivalled experience and knowledge of all matters related to elcoteq,0
nickel futures fall 0 28 pc on profit booking,2
how much should you be investing in gold,0
robust loan growth margin lift hdfc bank q2 net 33,1
kaveri seed slips nearly 3 as promoters plan stake sale,2
aapl price momentum weakening going into the close,2
under the agreement tietoenator will provide blyk with extended application and business process management services and an it infrastructure,1
moser baer postpones bondholders meet on debt restructuring,0
infosys to get list of ceo probables by june 1st week,0
bgr energy margin pressure high working capital need may co keep in a tight spot,2
dwarikesh sugar posts net loss of rs 23 crore in q4,2
shivanand mankekar makes a profit of rs 150 crore on united spirits,2
srikanth srinivas joins adfactors as senior v p public affairs,0
masket q2 numbers disappoint it firms struggling mayuresh joshi,2
emami paper mill q4 pat up 2 pc to rs 2 39 crore,1
brent slips below 72 after sharp rally in volatile market,2
kesko has previously published a stock exchange release concerning the deal on 7 february 2007,0
kingfisher share price slides on cost to implement new strategy,2
hov services jumps over 11 on merger transaction of us unit,1
five reasons why sensex fell 360 points,2
exit bajaj auto on raillies ashwani gujral,2
industrial demand lifts nickel futures rises 0 72,1
mahendra alladi appointed cto at cigniti technologies,0
ajanta pharma q2 net up 20 per cent at rs 100 crore on robust sales,1
the employment contracts of 14 of the employees will end in march 2009 as a result of the company s previous employer employee talks,2
windows 10 is awful why did it force an upgrade on my pc without my consent windows microsoft msft,2
kpit technologies ltd falls 8 on earnings,2
tara jewels q2 net dips by 29 pc to rs 11 03 crore,2
11 august 2010 finnish measuring equipment maker vaisala oyj hel vaias said today that its net loss widened to eur4 8 m in the first half of 2010 from eur2 3 m in the corresponding period a year earlier,2
both loans will be used to finance strategic investments such as shopping center redevelopment projects and refinancing of maturing debt,1
dollar holds firm ahead of fed meeting,1
renuka sugars a good buy devang visaria,1
5850 5860 should be a good support level for nifty ashwani gujral,0
european shares head for first weekly drop since april,2
bhel q2 net up 33 pc to rs 1 142 cr shares up,1
sistema shares moved to discretionary auction after 20 fall moscow exchange,2
bank nifty unlikely to rally in short term mitesh thacker,2
svyturys utenos alus which is controlled by the nordic group baltic beverages holding bbh posted a 6 1 percent growth in beer sales for january september to 101 99 million liters,1
buy coal india with a target of rs 397 mitesh thacker,1
eicher motors jumps 3 on hike in fii limit,1
this resulted in improved sales figures in sweden,1
pre tax loss totaled eur 0 3 mn compared to a loss of eur 2 2 mn in the first quarter of 2005,1
info edge india is a buy call with a target of rs 720 shrikant chouhan,1
oil prices tumble to 45 bring cheer to customers,2
should you buy nestle india now,0
cipla pares gains after rallying nearly 6 post q3 results,1
fb gone green on day,1
shalimar paints shares zoom 12 after net profit increases,1
finnish steel maker rautaruukki oyj ruukki said on july 7 2008 that it won a 9 0 mln euro 14 1 mln contract to supply and install steel superstructures for partihallsforbindelsen bridge project in gothenburg western sweden,1
book profits in psu banks prakash diwan,2
russian rouble weakens at market opening,2
most of the increase in net sales was due to the acquisition of swedish silva that produces garden tools and boats,1
fii s step up stocks purchase after imf reiterates positive growth,0
havells india q1 pat up 23 at rs 87 crore,1
additionally the company will terminate a maximum nine salaried and senior salaried employees employment contracts,2
10 year bonds fall slightly seen range bound,2
tax free bonds are still the best bet for investors,1
f o tracker no major downtick seen in near term says iifl s hemant nahata,0
boost in us s macro economic situation may trigger wipro s revenue growth,1
according to a report by neomarkka kuitu finland s customers are interested in buying the company s products when it restarts production,1
airline stocks fall as crude prices surge,2
complete name of shareholder otto henrik bernhard nyberg for further information please contact maija liisa friman ceo tel 358 9 7597 0711,0
stakeholders stall eros international s 50 million plan to launch channels,2
usha martin consolidated q1 up 17 to rs 4cr,1
it is planned to set up the a class business center in the two top storeys of the complex,0
one can also apply for jobs directly from the ipad select which cv to attach and which covering letter is most appropriate for each position,0
cipla to meet revised targets,0
nickel futures rise 0 59 pc on spot demand,1
reliance industries ltd shares end flat after earnings,0
heidelbergcement india ceo ashish guha quits,0
78 users on vetr are bearish on tesla motors inc indicating a sell rating 2 stars for tsla,2
astrazeneca weighing up acerta bid to secure blood cancer drug,1
zuari agro chemicals reports rs 98 crore loss in q1,2
mphasis gains 2 as q3 profit rises 7 to rs 209 crore,1
greenply industries q1 net profit up 15 at rs 26 70 crore,1
apollo tyres december quarter net soars 87 to rs 338 crore,1
maintain a sell call on bank nifty says sandeep wagle,2
operating profit was eur 0 1 mn down from eur 1 3 mn,2
us stock futures edge higher before jobs data,1
sony ericsson and nokia dominated the list of best selling handsets with five models each,1
no serious corrections expected in market ashwani gujral,0
tcs signals slowdown brokerages remain unfazed retain rating,1
metrics in qpr scorecard now support date text and milestone based values which improve its support for managing projects around performance or process related content,1
stop above 137 on reliance communications could give money on the short side prakash gaba,1
nandan nilekani resigns as uidai chief,0
lloyds steel q1 net loss widens at rs 31 57 crore,2
in addition a further 29 employees can be laid off until further notice and the whole workforce can be laid off for short periods if needed,2
mid cap stocks attract fund managers this season,1
harsh mariwala in no hurry to pass on the baton of marico to his children rishabh rajvi,0
rural electrification corporation to raise up to rs 30 000 cr via debentures,0
incap corporation stock exchange announcement 29 april 2010 at 1 p m invitation to a news conference on incap s interim report q1 2010 incap will publish its interim report for january march 2010 on wednesday 5 may 2010,0
precious metals shine as ems lose lustre,1
jaguar land rover automotive s june quarter pbt down 286 million yoy,2
bp joins forces with det norske in norway,1
wipro q4 results five things to watch out for,0
dolce gabbana has asked the european union to declare marimekko corporation s unikko floral pattern trademark invalid in a continuing dispute between the two companies,2
nickel futures weaken on profit booking global cues,2
oil india raises 1000 million in two tranches,1
5 things to know about apple stock split,0
alert new rsi signal created on cost buy at 148 78 time 14 19 strength 10 powered by,1
sobha q2 net profit up 13 at rs 56 6 cr,1
court may soon appoint liquidator in nsel case police officials,2
the portfolio comprises of 118 000 m2 of leasable space with a vacancy rate of roughly 5 let to around 140 tenants of which two of the largest are the swedish government and ericsson,0
both operating profit and net sales for the six month period increased respectively from eur0 4 m and eur3 2 m as compared to the corresponding period in 2005,1
global not internal factors weighing on rupee 64 5 unlikely say experts,2
russia s top container shipping group fesco and finnish logistics company nurminen logistics have started a pilot project offering clients direct intermodal transportation service from finland to asia pacific countries fesco said in a statement,1
gitanjali gems chief 25 others suspended from trading,2
the purchase of the operations is part of yit s strategy to expand its offering of building system services geographically,1
8 may 2009 finnish liquid handling products and diagnostic test systems maker biohit oyj hel biobv said today 8 may 2009 its net loss narrowed to eur0 1 m usd0 14 m for the first quarter of 2009 from eur0 4 m for the same period of 2008,1
paper stocks were among the biggest fallers with stora enso down 2 30 pct to 14 01 eur m real down 2 86 pct to 5 09 eur and upm kymmene 1 14 pct lower at 19 10 eur,2
7050 to 7080 cash level for nifty ashwani gujral,0
european shares steady near multi year highs,1
ova press has a 60 stake in the joint venture while imsm holds a 40 stake,0
european stocks diverge as markets track ukraine,2
sebi may seek litigation information from companies launching ipos,0
zinc futures soften 0 67 on global cues,2
rec excellent long term uptrend deepak mohoni,1
varun shipping fy11 profit up 17 45 pc at rs 14 74 crore,1
morrisons faces festive sales test,2
finnish power supply solutions and systems provider efore oyj said its net loss widened to 3 2 mln euro 4 2 mln for the first quarter of fiscal 2006 2007 ending october 31 2007 from 900 000 euro 1 2 mln for the same period of fiscal 2005 06,2
sovereign gold bond scheme more likely to succeed says nomura report,1
approximately sek 166 million in repayments has been demanded for overcharging in the stockholm area with the remaining sek 87 million taken from the western coast the inspectorate said,0
bourses ask cos to strictly comply with trading window rules,0
penny stocks soar 30 90 per cent post global and local stimulus measures,1
dish tv s prospects looking bright sandip sabharwal,1
siemens ltd net profit rises two fold to rs 88 3 crore in january march,1
sdm offers general rental equipment aluminium scaffolding power generator and hoists to customers in the construction sector,0
airbus sparks relief rally as q1 profit beats forecasts,1
monsanto appoints shilpa divekar nirula as india region ceo,0
p notes investment at 11 month low of rs 1 47 lakh crore in june,2
the divestment of raisio s margarine business in may 2009 gave the company a clearer focus on grain based products,1
risk reward in infosys unfavourable at current levels nomura,2
blue chip stocks trade lower than their highs,2
raisio is the site of the main production plants as well as company headquarters,0
falling knives and dead cats when will the oil slump end,2
return on investment was 5 0 compared to a negative 4 1 in 2009,1
general insurance corporation to offer catastrophe bonds,0
the company s advantage in pricing can be seen in the significantly lower prices offered by the new unmanned stations,1
the talks are aimed at restructuring operations and cutting costs,1
entertainment one dispels itv takeover rumours,1
bpi says caixabank isabel dos santos reach agreement over angola exposure,1
other measures included increasing synergies and economies of scale within the grimaldi group and personnel adjustments divestments and redelivery of excess tonnage,0
heg shares surge 10 as q1 results surprise,1
zensar technologies gains 3 on acquisition talks,1
biggest sugar rally in years not over over as deficit looms poll,1
rubber prices likely to struggle no rebound in sight industry body,2
punjab farmers advised to sell potato harvest in march,2
recently the company decided to build a second identical plant at the same site due to be commissioned toward the end of 2008,0
easyjet leads britain s ftse lower as global bond rout resumes,2
5550 is likely to be tested sandeep wagle aptart technical advisory services,0
the period s sales dropped to eur30 6 m from eur38 3 m according to the interim report released today,2
a total of 185 wonderware certified sis are available to integrate and support wonderware products such as intouch hmi software industrialsql server historian wonderware information server dt analyst software or qi analyst spc software,0
exel wants to serve its industrial customers with individual products,0
shareholder s full name and id code petri ailus born 15 9 1966 for further information please contact isto hantila ceo tel 358 9 591 8342,0
delhi international airport keen on bond issue to repay bank loans,0
gold futures decline on global cues,2
fiis stake in infosys hit 9 year high of 42 in january march quarter,1
sail s 5 stake sale will fetch government rs 2 000 crore process may be completed before budget,1
poyry has a good track record of major transportation projects in latin america,1
the figure does not include food exports from finland,0
sebi chief uk sinha to get two year extension notification soon,0
tsla you have to love these types of articles ss interest rose on 12 15 on day before we hit our lows,2
panostaja treats its negotiating partners such as entrepreneurs selling their life s work and newcomer entrepreneurs seeking a career fairly justly and according to the law,0
5300 levels is just round the corner on nifty devang visaria chief strategist devangvisaria com,0
unitech q3 profit down by 61 at rs 32 82 crore,2
hobby hall s sales decrease 26 pct due to implementing a new information system that involved changing in the principal of posting sales,2
re stays at near 1 month low closes at 46 36 dollar,2
geojit bnp paribas net profit for 2012 13 stands at rs 82 crore,0
rajesh exports redeems 150 mn foreign bonds,0
diluted earnings per share eps fell to eur 0 63 from eur 1 71,2
greek shares hit fresh three year low,2
sugar falls on mounting stocks ample supply,2
j p chalasani joins punj lloyd as group ceo,0
10 12 upside can be possible in wockhardt avinnash gorakssakar,1
brent climbs above 58 on contract covering geopolitical tension,1
omkar speciality down 53 in debut trade,2
accumulate ballarpur industries for medium term nirmal bang,1
the largest restructuring is planned for italy where negotiations on about 40 job cuts are to be initiated today the company noted,2
the fair value change of investment properties was eur 15 8 mn compared to eur 22 9 mn in the third quarter of 2009,2
may see uptick in cyclicals going ahead anand tandon,1
pa jpmorgan chase and co nyse jpm and pohjoa bank are joint lead managers on the senior unsecured deal,0
dalmia bharat posts rs 12 39 crore loss in q3,2
short on atvi from 24 55,2
the annual report contains the financial statements the consolidated financial statements the report by the board of directors and the auditor s report,0
godawari power ispat pellet sales mining key drivers for company,1
dalmia cement good buy at rs 255 to attract a lot of attention mehraboon irani,1
glaxosmithkline consumer healthcare q2 net up 29 to rs 106 crore,1
ashok vidyasagar appointed as senior vp of endemol india,0
astrazeneca pegs back britain ftse after takeover snub,2
hkscan headquartered in turku finland is a leading northern european food group with 10 000 employees in nine countries,0
dubai exchange plans to launch em currency products,0
did igate s board wrong its shareholders law firms are examining,0
the stock rose for a second day on wednesday bringing its two day rise to gbx12 0 or 2 0,1
pulses futures remain steady in thin trade,0
gcpl posts q4 net at rs 141 6 cr,0
metso expects its net sales to increase by about 10 in 2008 at comparable exchange rates,1
we are now in a position to pursue novel clinical candidates going forward,1
cashew prices decline on subdued demand,2
despite discount cil staff cool to ipo,0
operating profit before non recurring items was eur 8 3 mn in the first nine months of 2008 compared to eur 8 4 in the corresponding period in 2007,2
shares of fertilizers and chemicals travancore rally over 6 on hopes of revival,1
hdfc bank expected to report a robust 25 27 growth,1
action ordered against jindal power for ignoring norms,2
do not see too much downside for infosys deven choksey,0
viking line has canceled some services,2
pakistan stocks gain momentum as army intervenes to end crisis,1
ncdex launches new membership category for forwards segment,0
entertainment network india posts rs 52 2 crore net stock up,1
jet airways appoints aviation specialist cramer ball as new ceo,0
astrazeneca diabetes drug combination faces delay after fda rebuff,2
choose nbfcs which have muliple products including insurance prateek agarwal,0
cardamom futures extend losses on sluggish demand,2
edelweiss financial services shares surge as subsidiary gets fipb nod,1
infosys q3 earnings five things to watch out for,0
amtek auto jumps on reports company plans to raise rs 6 500 cr by selling assets,1
tilaknagar industries appoints vijay k rekhi as chairman of its board of advisors,0
the combined company had pro forma net sales of 140 mln euro 188 9 mln and an operating profit of 13 mln euro 17 5 mln for 2006,0
any investment or investment activity to which this communication relates is only available to relevant persons and will be engaged in only with relevant persons,0
when the omx market forwards mature on may 16 2008 novator finland oy s direct shareholding in amer sports corporation will exceed one fifth 1 5 of the company s shares and voting rights,0
pepper futures gain 0 57 as demand picks up,1
ftse readies new global index series to include china a shares,0
cardamom futures down on low demand higher arrivals,2
bot amzn 600 weekly calls here 5 93,1
managing director timo kohtam ki of lemmink inen infra nevertheless points out the continued need for infrastructure construction in the baltic markets,0
23 april 2010 finnish construction and engineering company outotec oyj hel ote1v said today it slipped to a net loss of eur7 3 m in the first quarter of 2010 from a net profit of eur12 5 m in the corresponding period last year,2
bhushan steel slips 5 on rating downgrade down 60 since august,2
railways finance arm to issue rs 6000 crore tax free bonds in current fiscal,0
hong kong shares end mixed as insurers weigh,0
acquisitions double gcpl s topline,1
target for indiabulls is 225 stop loss around 145 150 kunal bothra,2
kansai nerolac q1 net up 19 77 per cent jump at rs 72 98 crore,1
jammu kashmir bank q2 profit rises by 22 pc,1
world s first fixed income indian etf to be traded on deutsche bourse,0
bring it on yellen fed won t impact indian bourses that much say experts,0
update 1 meggitt reiterates annual outlook after tough 2014,0
neste oil corp has signed long term procurement contracts with honkajoki oy and findest protein oy both owned by finnish food manufacturers for the supply of animal fat for biodiesel production at neste s 200 000 b cd porvoo finland refinery,1
pre market nifty seen opening flat may find support around 7460,0
mindtree falls nearly 7 as q3 pat falls short of expectations,2
ashok leyland raises rs 667 crore through qip,1
astrazeneca explores potential deal with acerta for cancer drug,1
basmati export floor may be raised by 200 tonne,1
operating margin however slipped to 14 4 from 15 1 dragged down by a poor performance in enterprise solutions,2
our vaalipalvelu service was especially developed for use by communities and organizations,0
kior my god market getting crushed today gotta hold if anything g should recover some tomorrow i imagine,2
legal tussle forces sebi to re think decision on self regulation,0
holcim elevates ramit budhraja to group level,0
thermax gains momentum on good results,1
in the baltics the merger of the businesses of the two is expected to be completed in early 2008,0
fb shifting on the 15 minute here suspect to take highs,1
d street week ahead fiis in wait watch mode ahead of bihar outcome,0
hong kong stocks end 1 90 lower,2
a total eur73 7 m will be provided as secured senior three year debt from the syndicate involving pohjola bank hel poh1s the finnish arm of nordea bank ab sto nda and sampo bank hel samas,0
the carrier said its area travel agency is to sell most of its outlets to sister chain suomen matkatoimisto smt and use its remaining bricks and mortar presence to primarily target business customers going forward,0
overseas cues spot demand lift nickel futures,1
press release 3 september 2009 ruukki continues to be listed in two dow jones sustainability indexes djsi world and djsi stoxx,0
european shares slide as greece faces new elections,2
indian markets not trading at cheap valuations anish damania,0
shell to buy bg group in 69 7 billion takeover,1
balrampur chini looking weak deepak mohoni director trendwatchindia com,2
in december amer announced the dismissal of ceo roger talermo who had headed the company since 2006,0
suzlon energy reports biggest quarterly loss,2
circulation revenue has increased by 5 in finland and 4 in sweden in 2008,1
polaris financial hits lower circuit of 5 post demerger,2
mullaperiyar dam dispute hampers cardamom trade,2
the estimated value of the contract is eur12 4 m vaisala headquartered in helsinki in finland develops and manufactures electronic measurement systems for meteorology environmental sciences traffic and industry,0
airbus appoints srinivasan dwarakanath as india ceo charles champion as chairman,0
aditya birla nuvo q1 net down 20 41 per cent to rs 263 7 crore,2
the purchase of sites worth 300 million in the thames gateway will provide more than 1 200 homes,0
ms laakso will be responsible for hkscan s hr functions and for their development in all of the group smarket areas,0
helsinki afx retail and wholesale group kesko reported net sales of 659 4 mln eur for february an increase of 10 8 pct year on year,1
ntc has a geographical presence that complements ramirent s existing network and brings us closer to our customers in the east bohemia region in the czechrepublic,1
according to finnish petrol station chain st1 s managing director kim wiio the company was forced to make purchases with rising prices in the first half of 2008 and now consumer prices are going down almost daily due to competition,2
singapore in may 2011 1 july 2010 finnish air carrier finnair oyj hel fia1s said today it will open a daily route to singapore on 30 may 2011 as part of its growth strategy in asia,1
sell bharti airtel with a target of rs 315 prakash gaba,2
lupin us launches better movement of rupee add value,1
the sale of savcor face to cencorp will result in a profit or loss which can not yet be determined owing to factors including the valuation of the consideration shares to be received and prevailing exchange rates,0
i can say categorically no wahlroos was quoted as saying by the paper when asked about sampo s interest in making a bid for rsa,0
vishal sikka effect infosys quarterly revenue growth fastest in 3 years at 476 million,1
2014 lok sabha elections nifty seen opening lower poll results eyed,2
bourses ask companies to comply with corporate governance norms,0
cummins upgrades fy15 revenue guidance by 10 15 on improvement in business dynamics,1
bankers seek clarity on tax treatment of new additional tier i bonds under basel iii,0
bearish on ntpc avinnash gorakssakar,2
the deal is in line with etteplan s strategy to operate as a partner of global customers and provide industrial technology design services,0
hold balkrishna in current scenario deepak mohoni,1
tele2 affarsvarlden gave a buy recommendation on mobile operator tele2 ab and a share price target of 142 crowns 23 54 15 19 euro,1
trf shares crash by 28 per cent,2
facebook tumbles nearly 11 after newspaper barron says stock only worth 15,2
fmcgs to take big hit from possible fii outflow ur bhat,2
thejo engineering announces 1 1 maiden bonus,0
mindtree q4 net up 24 5 percent at rs 98 2 crore,1
negative biasness to persist global cues to set market tone in near term quantum securities,0
results across the board in banking would be much above expectation ajay srivastava,0
consumer products manufacturer fiskars corp will open a distribution and warehouse center in southaven creating 100 jobs,1
jaiprakash associates q1 standalone net shoots to rs 334 crore,1
shalimar paints q2 increases 48 02 per cent to rs 4 13 crore,1
ncdex introduces hedge policy for commodity markets,0
hard to find new buyers of tsla at 250 shorts continue to pile in,2
i do not see too much of a downside for infy sandeep wagle,2
guangdong october 26 sinocast nokia telecommunications dongguan branch entered into a letter of intent to open a nokia class in qingyuan polytechnic qingyuan city of guangdong province,0
hedge fund big bets on energy companies pummeled in third quarter,2
finnish shipping company finnlines of the grimaldi group reports its net sales decreased to eur 241 8 mn in january june 2009 from eur 384 0 mn in the corresponding period in 2008,2
what analysts have to say about infosys q3 results,0
hcl technologies q1 pat at rs 1 726 crore in line with estimates,0
the company is listed on the nordic exchange in helsinki,0
according to kesko the company agreed with the city administration about lease of the building in 2006 its resettlement and construction of a five star hotel hilton for 120 rooms,1
analysts warn investors against small auto and auto ancillary firms,2
bse metal index pares losses as rajya sabha passes mmdr bill,1
punjab national bank q2 net up 13 81 per cent at rs 575 34 crore,1
mutual funds create history in august invest more money than fiis,1
the fish content of the nuggets is 85 and the fish comes from canada and finland,0
sell hdfc with a stop loss of rs 968 sandeep wagle,2
copper lead and nickel also dropped hbos hbos plummeted 20 to 70 3 pence after saying this year,2
tesco closes in on new chairman with dixons carphone s john allan in the frame,1
prakash industries in a big downtrend ambareesh baliga,2
trident ltd q3 shoots over 3 fold to rs 50 9 crore,1
gmr infrastructure net loss widens to rs 610 crore for september quarter,2
technopolis s technological centers supply their clients with modern high class premises,0
hcc allots shares worth rs 400 cr to institutional investors,0
currency ties key to dollar reserve hegemony bis study,0
tata motors net trebles with strong performance by jlr,1
qe cut by 20 bn sensex sinks how it s good for india,2
sell bharti infratel ltd with a target of rs 242 vijay bhambwani,2
asset allocation a better strategy for individual investor prashant sharma max new york life insurance,0
over 1 000 entities under scanner as sebi widens tax evasion money laundering probe,0
refined soya oil futures drop 0 23 per cent on subdued demand,2
in penttil s vision the most important reason for the transaction is russia,0
mcnally bharat posts 53 rise in q3 rise net profit,1
it projected revenue of 2 2 billion to 2 3 billion slightly higher than analyst estimates of 2 19 billion,1
sstl q1 net loss at rs 316 cr,2
earnings per share for the quarter were also higher year on year at 0 33 eur versus 0 27 and above market expectations of 0 28 eur,1
feeling ignored federal reserve jolts markets to prime them for lift off,0
the total number of shares in the company will be 585 236 987 innofactor group innofactor offers its customers comprehensive solutions in the microsoft environment,0
sbbj q1 net up 11 83 per cent at rs 187 52 crore,1
structured deals involving nifty options to disappoint investors,2
the transaction included also the transfer of the lease agreement concerning manufacturing premises and employment agreements related to these operations,0
tesla to recall 2 700 model x suvs over seat issue tsla,2
uk housing market steadies after brexit dip persimmon says,1
sanoma news advertising sales decreased by 22 during the year,2
shoppers stop may raise upto rs 350 cr through qip route,1
commexes extended trade hours hit a roadblock,0
festive sales add spark to realty stocks,1
cil shares fall over 2 per cent post earnings,2
bayer cropscience plans rs 455 crore share buyback offer,0
wheat futures up 0 80 per cent on export spot demand,1
mundra port a good buying opportunity deepak mohoni,1
after the signing the total amount of aspo s revolving credit facility agreements is eur 50 million which replaces the formerly valid agreements of eur 80 million,0
hong kong shares post biggest daily loss in over 7 months,2
skf india q2 net jumps 32 pc to rs 41 cr,1
latin america currently accounts for approximately 40 of sales at tecnotree company president and ceo eero mertano recently told bnamericas,0
jaypee group stocks plunge on high volumes interest rate scenario,2
delta corp rallies nearly 5 as jhunjhuwala buys stake worth rs 11 crore,1
airtel elevates abhay savargaonkar as cto as jagbir singh resigns,0
the company generates net sales of about 600 mln euro 775 5 mln annually and employs 6 000,0
on the following workday customers can check from their home computers how their purchases are divided between different ingredient groups how much energy various products contain and what is the nutritional content of all purchases,0
hul soaps business holds the key to co s prospects,0
the value of the orders is over eur 10mn,0
sensex may touch 22 000 level before general elections experts,0
expect nifty to remain in 8 450 8 560 range stay stock specific mitesh thacker,0
nfl share sale subscribed 1 55 times govt gets rs 101 cr,1
seeing investors taking positions in good quality mid cap stocks deven choksey,1
consumer discretionary stocks top gainers in bse large caps,1
in connection with the deal digia will employ 19 persons from nokia in oslo and in silicon valley in the usa,0
big capex plan may hurt bharti s stock performance in short term kunj bansal,2
extremely positive on sintex dipan mehta,1
abbott india q1 net up 71 to rs 51 crore,1
sony shares drop steeply on loss warning,2
ipca laboratories fy 11 net profit up 28 to rs 262 82 crore,1
oriola kd expects its invoicing in 2008 to be higher than the comparable invoicing of 2007,1
carborundum universal q3 net profit up 87 3 pc at rs 11 22 crore,1
all fiis trying to create some alpha in market prateek agarwal ask investment manager,0
hk ruokatalo now accounts for about 50 of poultry sales in finland and profitability is at a good level,1
the omx helsinki index was down 0 34 pct at 8 256 02 on turnover of 813 191 mln eur,2
london copper slips to new six year low,2
other potential clients include public administration organizations investing in utility networks and services,0
bullion sinks to lowest in 15 months on robust us data,2
kec international s q4 net profit up over 25 at rs 78 58 cr,1
consumption space would be largely favoured with the roll out of gst deven choksey kr choksey securities,0
sharkbiotech if anyone is selling shorting agn b c you believe endp rumors to be realistic then i ll take the other side of that trade,1
the rme from telcontar enables the handset to calculate the best route and includes support for user defined routes feature navigability and multi modal routing such as via foot and ferry,0
bhushan steel looks good over medium to long term ashit suri,1
correction on the cards can build long positions on it counters mitesh thacker,0
sales by seppala diminished by 6 per cent,2
mahindra mahindra slumps 3 3 after block deals,2
opto circuits unveils latest aed in us canada stock rallies 9,1
sugar settles steady on little doing,0
infosys beats expectations sets trend for it peers,1
china yuan slips seen rangebound in short term,2
j m financial consolidated net profit down 15 per cent,2
exports grew 16 5 percent to 19 1 million liters,1
jsw steel slips over 4 as cbi registers inquiry,2
nalco net dips 21 pc to rs 1 069 crore in fy12 on lower demand,2
euro dollar trades sideways amid lack of interest in pair,2
dalit entrepreneurs celebrate the launch of dicci s mumbai chapter,0
mid cap cement stocks back in demand,1
sebi to sell shares held by 9 entities to recover rs 4 crore,0
mphasis slips over 5 on hp revenue concerns macquarie downgrade,2
new listing de listing regulations next month sebi,0
declining trend is about to get over for vip mitesh thacker,0
france t l com spent more time studying teliasonera than other potential takeover targets because it has a shareholder that wants to sell pellissier said,0
sami sepp nen ceo for elisa eesti says the novel network allows fast mobile broadband for sparsely populated areas,0
hong kong shares at 2 1 2 month low unrest unnerves investors,2
aapl rejected the hod should head lower sitting on the sidelines for now,2
atul ltd q1 net up 8 at rs 40 45 crore,1
nifty likely to start flat on muhurat trading day may reclaim 8k,0
challenging for companies to raise money u k sinha sebi chairman,0
state run companies an inexpensive play on pm modi reforms morgan stanley,0
patni computer profit dips 14 plans to hire 1 000,2
sugar output up 15 cane arrears cross rs 12k crore,1
the biggest sellers in the chain s supermarkets in finland are organic pirkka tomatoes carrots eggs and meat products,0
yum beats q3 profit expectations,1
play realty by buying housing finance companies anand tandon,1
the transaction doubles tecnomens workforse and adds a fourth to their net sales,1
all rights reserved,0
indigo set to launch rs 2 500 crore initial public offering,0
last july the group said it intended to relocate warehouse and office space in loudeac and saint marcel to morvillars in the east of france where it already operates a hook manufacturing and distribution unit,0
mbl infrastructures surges 18 on listing,1
the following information was released by comptel tomorrow the chairman of the federal communications commission is scheduled to deliver the national broadband plan to congress,0
shire props up european shares on bid hopes,1
sell united spirits with a target of rs 2480 sandeep wagle,2
sell hul ltd with target price of rs 535 mitesh thacker,2
dewan housing slips over 3 on fund raising plan via share sale,2
elisa has commissioned finland s poyry telecom oy to conduct a study of reception in some of estonia s largest cities besides tallinn,0
gold holds below 1 300 on easing ukraine concerns,2
finnish meat company atria can no longer promise a sufficient amount of domestic beef to its customers,2
4200 is key level for titan ashwani gujral,0
karl ulrich kohler to replace kirby adams as corus ceo,0
axdx i got bored and took my proprietary profit exit i didn t like the option liquidity and lousy spreads,2
ruukki announced that it has signed an agreement with aker solutions of norway to supply 24 suction anchors in september 2010 from its kalajoki unit in finland,1
aluminium futures gain on overseas cues spot demand,1
operating profit rose to 22 1 mln eur from 19 9 mln,1
euro remains steady ahead of ecb policy meeting,0
take solutions net profit up 115 8 at rs 69 99 crore,1
finnish construction company yit oyj said on november 13 2007 it won a 70 mln euro 102 8 mln contract to construct the new office building for local property company tapiola real estate oy,1
brokerages see over 70 upside on idea cellular stock in a year,1
gujarat state petronet net profit at rs 159 13 cr stock up,1
tesla voluntary recall of 2 700 model x vehicles due to back seat issue tsla,2
interglobe may slip into losses if fuel cost exceeds 44 of top line daljeet singh kohli,2
fmcg q3 profitability affected by surging input cost,2
arcelormittal chief executive officer lakshmi mittal has already cut output at some furnaces,2
pre market nifty seen opening flat mat retest 8100 levels,0
sahara one media shares slump 3 5,2
rcf q4 net up 30 to rs 152 47 crore,1
technopolis plans to develop in stages an area of no less than 100 000 square meters in order to host companies working in computer technologies and telecommunications the statement said,0
rbi buys bonds worth rs 9 092 9 cr under omo,0
five reasons why sensex lost 426 points,2
with the new arrangement customer responsibilities will become mainly regional,0
jeera futures rise 1 70 per cent on pick up in demand,1
upon establishment the plan is directed to approximately 20 persons,0
expect an upmove in ongc ajay bagga market expert,1
dlf has become extremely flat ashwani gujral,0
experts bet big on largecap stocks top 10 counters for your portfolio,1
rajan pulls off a surprise cuts repo rate by 50 basis points stocks rally,1
both mr walden and mr ignatius will be responsible also for the newspapers business result,0
va tech wabag reports over 100 pc jump in third quarter net profits,1
bharti infratel oversubscribed stock plunges 7,2
in finland media group talentum will start personnel negotiations to cut staff in parent company talentum and publishing unit talentum media,2
multi commodity exchange bidders want financial technologies to share vital information,1
mcx cfo hemant vastani resigns,0
finnish silicon wafers maker okmetic oyj said on september 17 2008 that it will invest a total of 15 mln euro 21 3 mln in its sensor wafer business,0
sonata software it services show a strong momentum,1
it has sold one half of its business operations and will enter the helsinki stock exchange via the back door through an innovative buyout arrangement with kasola,0
market tanks on global cues earnings woes,2
hcl technologies hits 52 week high post q3 results logs 20 gain in 2013,1
hedge funds give up betting on oil as prices continue to tumble,2
sensex ends in red breaks record breaking streak,2
castorseed futures up on short covering,1
the baltimore police and fire pension which has about 1 5 billion lost about 3 5 million in madoff ponzi scheme,2
inox wind likely to see margin expansion valuations not too demanding mayuresh joshi,1
don t see much of an upside for ril going forward harendra kumar,0
hnis buy nifty linked debentures worth rs 200 300 crore every month,0
rcf ltd q4 net profit up 38 43 per cent,1
according to karhinen op pohjola is an exciting enterprise because the cooperation will bring huge opportunities for customers and the company itself,1
rupee weakens to near 1 month low on fed worries,2
the company plans to expand into the international market through its subsidiaries and distributors from 2011 onwards,1
psb stocks may find no taker despite cheap valuations dipen sheth,2
s padmanabhan appointed as executive chairman of tata quality management services,0
crr cut to enable bullish equity rupee market,1
thanks to his wide contact network and good knowledge of market and business environment he will give a great contribution to the further development of our indian operations tells incap s president ceo juhani hanninen,1
world shares hover near all time high,1
effects of emerging markets positive in india iv subramaniam,1
20 october 2010 finnish metal products company componenta oyj hel cth1v said yesterday that its net loss narrowed to eur7m for the first nine months of 2010 from eur23 3 m for the same period of 2009,1
saudi arabia egypt fall as us oil hits fresh 6 1 2 year low,2
ushdev international q2 profit up 112 per cent to rs 44 crore,1
the bank s leasing arm nordea liising ended the year with a profit of 4 4 million euros,0
great eastern net profit up 10 5 to rs 180 9 crore in q1 total revenue at rs 807 02,1
metal stocks are looking weak ashwani gujral,2
both operating profit and net sales for the three month period increased respectively from eur15 1 m and eur131 5 m as compared to the corresponding period in 2005,1
this corresponds to 6 81 percent of okmetic s share capital and voting rights,0
sanofi india stock likely to be re rated on company s improving fundamentals,1
luxembourg registered investment fund amber trust ii has won the final approval of lithuania s competition council to acquire 29 6 percent of sanitas the country s largest pharmaceutical producer,1
bye bye fy15 sensex ends fiscal year at 27 957 49,0
macau casino stocks have further to fall,2
bbry ready for take off,1
gujarat state fertilizers company s net profit in q1 rises 22 to rs 172 crore,1
finnish investment group norvestia oyj said its net profit fell to 23 5 mln euro 30 6 mln in 2006 from 33 5 mln euro 43 6 mln in 2005,2
banks sitting on big losses hopefully it just a one time loss hemindra hazari,2
shanghai stocks see biggest one day gain in more than five years,1
fiskars a 360 year old global business best known for its orange handled scissors expects to derive synergies of eur5 million a year by consolidating certain parts of the housewares division where the two compete,1
thriving in crisis gold may glitter at rs 20 000,1
adani enterprises q3 net profit declines 84 to rs 68 crore,2
name of company in which holdings have been acquired citycon oyj 2,0
fortum had intended to spend as much as euro 2 7 bn to become the sole owner of tgk 10,0
milan afx the italian shipping group grimaldi has increased its stake in the finnish company finnlines to 35 4 pct from the 30 5 pct held in june according to news agency ansa,0
cargotec s share capital after the increase totals 64 046 460 euros,0
esi on lows down 1 50 to 2 50 bk a real possibility,2
as defences mature attackers develop trojans that are equipped with content filters to detect online banking activity for capturing account details using methods such as form grabbing screen shots video captures keylogging and injection of form fields,0
l t also acquired a 50 pct stake in local sector company salvor oy at the beginning of september 2007,0
start exiting positions have negative bias if nifty breaches 8 900 mitesh thacker,2
before kemira s installation nordalu was producing 3 500 tons of liquid and solid aluminum waste per year,0
bayer cropscience rallies over 13 as q2 profit grows to rs 176 crore,1
brent falls close to 69 after saudi price cut,2
finnish kci konecranes has raised its net sales growth estimate for 2006 from over 25 to over 35,1
allahabad bank s net profit rises 25 at rs 158 crore,1
budget 2012 should hopefully be reformist in nature sandeep j shah sampriti capital,0
elder pharma q4 net up 2 73 pc to rs 17 27 cr,1
indonesian rupiah weakens 1 1 per cent to 13 550 per dollar,2
black pepper may get costlier this fiscal year,1
srei infrastructure finance exploring diageo open offer,0
the world s second largest stainless steel maker said net profit in the three month period until dec 31 surged to euro603 million us 781 million or euro3 33 us 4 31 per share from euro172 million or euro0 94 per share the previous year,1
in january september 2010 fiskars net profit went up by 14 year on year to eur 65 4 million and net sales to eur 525 3 million from eur 487 7 million,1
adp news feb 12 2009 finnish construction company lemminkainen oyj hel lem1s said today its net profit decreased to eur 63 5 million usd 81 1 m for 2008 from eur 80 6 million for 2007,2
thejo engineering ipo over subscribed 1 53 times,1
crude reserves filling to begin after march 2016,0
the agreement must be approved by the russian competition authorities before it enters into force,0
the smaller molecules improve the grip of the tyre at top speed driving,0
lanco infratech q3 loss widens to rs 616 6 crore,2
oil prices mixed ahead of us supply report,0
cushman and wakefield appoints pr srinivas as director of hospitality service,0
idbi looking at fpo to shore up capital base,0
the considerably weaker u s dollar and british pound had an impact on sales and average prices in euros upm said,2
sebi board clears one time registration system for brokers,0
shriram transport finance to raise rs 1k crore via ncds to meet lending redemption requirements,0
pistachio prices fall on sluggish demand,2
multi year stock market rally on cards analysts,1
quick heal plans initial public offer in december january,0
ftse falls as hong kong unrest hits asia exposed stocks,2
fiskars has a strong portfolio of international brands which include fiskars iittala gerber silva and buster,1
dhfl q1 net profit up 22 at rs 147 15 cr,1
rbi deputy governor anand sinha retires,0
theodosopoulos said tellabs could be of value to nokia siemens or nortel given its leading supply status with verizon along with high growth products,1
h g contractor takes over as new cfo of sbi,0
the subject of the project is provide to the company like software programming and consultancy services computer related services data services computer support and consultancy services internet services etc,0
hammerson jv partner secure ownership of ireland s dundrum quick facts,1
top five reasons sensex fell below 27 500,2
have high expectations from the real estate sector rajesh jain market strategist,1
finnish cargotec s kalmar has received a significant order from the us department of defense,1
how wall street banks are looking to woo and retain young talent,0
the handset maker did not disclose any financial details,0
upm s aim is to secure botnia s strategic development and investments,0
liberty shoes q2 net up 25 24 per cent at rs 2 53 crore,1
transport corporation of india in pole position to gain from ecommerce boom gst,1
march 04 2014 mecklai financial report on rupee,0
atanu sen becomes new md ceo of sbi life,0
growth fears weigh on major shares dollar up after big slide,1
kec international q3 net profit down 35 to rs 19 15 crore,2
urad climbs by rs 500 per quintal on tight supply,1
india vix loses steam volumes sink to less than rs 1 crore,2
rcomm hits highest level since jan 2011 rallies 20 since june,1
fastenal misses by 0 01 misses on revenue fast nyse,2
muted demand drags down chana futures by 1 17,2
tesco asda sales fall as march of the discounters continues kantar,2
with this subscription fortum s ownership in tgk 10 has increased to slightly over 76 of shares and voting rights,0
we would continue to be cautious and adopt defensive strategy dhananjay sinha emkay global,0
jubilant life plunges 14 2 per cent after posting wider loss,2
aster silicates ipo opens on thursday,0
natco pharma ends 5 higher as us supreme court invalidates rival teva s patent for copaxone,1
sistema s fourth quarter net loss widens on costs revenue strong,2
unitech q2 net profit down 48 at rs 25 57 crore,2
rbi measures bjp government policies shield indian markets from global factors,0
euro wobbles before greek vote greek shares tumble,2
we re in a bear market nifty will be in a range of 4600 to 5200 kartik mehta sushil finance consultants,2
asian stocks mixed after holiday weekend,0
expecting bank nifty to touch 11900 12000 ashwani gujral,1
sat upholds order against ram kaashyap investment and promoter,0
alstom investors should wait and watch analysts,1
dollar steady in asia ahead of fed minutes,0
operating profit of the asian plants grew markedly,1
net interest income was eur 39 3 mn up from eur 32 7 mn,1
mahalingam balaji appointed idc india research director,0
it ll again be a buyers market for gold in 15 as us rate hikes seen,1
zee learn ltd appoints navneet anhal as new chief operating officer,0
dhanlaxmi bank posts rs 11 8 crore loss for april june,2
jim rogers may buy gold if price drops to 1 300,0
the changes will take effect on 1 january 2010 and they are not estimated to have an impact on the number of employees,0
seven reasons why markets hit fresh all time highs,1
patni founders rule out stake sale plans at agm,0
copper softens on global cues,2
oil prices mixed in asian trade as dealers await fresh us economic data,0
kalindee rail nirman slips amid takeover battle,2
financial details were n t disclosed,0
right time to buy it stocks ashwani gujral,1
educomp is a buy deepak mohoni,1
the company has delivered the technical infrastructure used by nav for their data warehouse and business intelligence initiatives,0
we are reviewing shareholding guidelines fmc chairman,0
unitech plunges as cbi begins fresh probe in 2g case,2
j rvi suomen portti is also planning to reduce the use of sodium nitrite,0
bharti airtel q2 results ten key takeaways,0
it stocks to benefit in the short term mitesh thacker,1
equity ratio was 60 9 compared to 54 2 in the third quarter of 2007 net sales of the frozen foods business totaled eur 11 0 up by about 5 from the third quarter of 2006,1
the stable outlook reflects nokia s strong market position in the global mobile handset market strong cash flow generation and very conservative balance sheet said raab,1
unichem lab q1 net up 9 per cent at rs 36 crore,1
brent climbs towards 101 pulls away from 16 month low,2
shock phase consumers have once again started to plan and implement building projects,0
the order for plywood mill machinery and equipment announced by finnish raute in september 2006 will be delivered to thebault plyland in france,0
bharti airtel to raise 250 million euros for 5 year,0
what brokerages have to say about the adlabs ipo,0
apollo tyres to set up plant in hungary stock rallies nearly 3,1
kiosk and cinema operations have suffered in particular,2
rcom has lot of potential devang visaria,1
tesco leads ftse higher on clubcard bid reports,1
menthol prices decline on reduced offtake,2
why long term investors should believe in infosys ceo vishal sikka,0
camson biotech net profit jumps 162 pc in q4 fy11,1
cement may attract some buying deepak mohoni,1
gcpl q4 net profit zooms 73 to rs 334 14 crore,1
nalco stock dips over 8 pc on bse,2
chettinad cement promoters hike stake to 94 48,1
the negotiations were carried out in a constructive manner and all parties tried to find a solution to the situation,1
amcn pushing highs,1
ivrcl rallies over 8 on assets sale plan to pare debt,1
26 january 2011 finnish software solutions provider basware hel bas1v said yesterday it adjusted its strategy and goals for the next four years with focus on international growth mainly via acquisitions,0
konecranes has previously communicated an estimated reduction of about 1 600 employees on group level in 2009,2
ifci net profit q2 up 6 25 per cent at rs 202 3 cr,1
stimulus efforts to lift silver assets etfs to a record,1
renuka stronger performer among sugar stocks deepak mohoni,1
sebi slaps rs 5 lakh fine in gaylord commercial company case,2
immediate resistance for reliance is around 1018 1048 levels mileen vasudeo angel broking,2
renewed global economy fears hit asia markets,2
chambal fertilisers q3 net profit down 6 to rs 90 28 crorepti,2
refined soya oil futures up on spot demand,1
consumer stocks to ride gdp wave,1
just dial ltd is a buy call with a target of rs 1 395 mitesh thacker,1
finnish kemira s net sales eur decreased to eur 1 259 6 mn in january june 2009 from eur 1 425 1 mn in january june 2008,2
acropetal s rs 170 cr ipo to hit market on feb 21,0
the core of solidium s investment strategy is proper value enhancing asset management of the current holdings,1
nbfc stocks decline as much as 7 per cent on rbi norms,2
stora enso owns 43 percent of bergvik and earns therefore sek 1 5 bn on the value appreciation,1
the machine will have an annual production capacity of 200 000 tonnes of super calendered magazine paper and other paper grades based on recovered fiber stora enso said,0
dinesh k sarraf takes charge as chairman and managing director of ongc,0
operating loss totaled eur 0 8 mn compared to a profit of eur 0 5 mn,2
siga bid for reargument denied by judge,2
pre market nifty seen opening flat may retest 8350,0
hmt shares zoom over 19 on pact with german firm,1
sistema chairman vladimir yevtushenkov s house arrest sends stocks crashing,2
mcx sx expects to begin trading with 1 000 1 200 stocks,0
expected 30 bottom line growth makes greaves cotton attractive pankaj pandey,1
mix between rmc and bags is going to be very profitable for prism cement prakash gaba,1
the group will expand the chain to include 45 stores,1
maruti suzuki q4 net profit falls 35 5 at rs 800 crore misses estimate,2
metsaliitto said that it will book a minor gain of less than eur1 0 m from the transaction,1
in addition to the presentations held by president ceo kai telanne and cfo tuomas itkonen participants will have an opportunity to discuss with other members of the company s management,0
mutual fund exposure to software stocks hits all time high in august,1
lse deutsche b rse dealmakers wrong to ignore brexit risk,2
onion prices fall on good monsoon rain,2
wait and watch monsanto sudip bandyopadhyay,1
jyoti structures seeks shareholder permission to allow lenders convert debt into equity,1
iraqi turmoil hits turkish assets emerging markets lacklustre,2
konecranes oyj kcr1v fh fell 5 5 percent to 20 51 euros the biggest fall since june,2
colgate palmolive q1 net down 27 16 at rs 134 91 crore,2
jmd telefilms to enter mobile phone biz stock up,1
rajdeep endow is new managing director of sapient india,0
bank of india raises rs 2 500 crore from bonds,1
thus the group s balance sheet will have about eur25 8 m in goodwill for 2010 the company added,0
karur vysya bank q3 net down 5 5 pc at rs 106 82 crore,2
bhel is a buy deepak mohoni,1
what lies ahead for fmcg stocks,0
idea q4 net profit beats estimates jumps 90 per cent,1
a paper mill in the central maine town of madison soon will have a new owner,0
money on the street you could earn rs 16 000 by betting on bata futures,1
panacea biotec posts net loss at rs 66 crore in q1,0
csr platform goes live on bse projects worth rs 2 000 crore listed,0
federal reserve s december liftoff signals slap asia fx yuan down on sdr uncertainty,2
euro flat in asia after drop on ecb easing plan reports,2
adag stocks are going to volatile sangeeta purushottam,2
tesco share price tumbles after negative broker note,2
negative about aviation sector as a whole g chokkalingam,2
selection panel for sebi chief reset pmo nominee included,0
brent crude holds above 97 but eyes worst quarter since 2012,2
sunrise resources operates in russian near shore development markets through its wholly owned russian subsidiary and has 80 of its personnel in russia,0
the company expects its net sales for the whole 2009 to remain below the 2008 level,2
finnish fibers and plastic products maker suominen corporation said its net loss from continuing operations narrowed to 1 8 mln euro 2 3 mln in 2006 from 3 7 mln euro 4 8 mln in 2005,1
videocon telecom q2 operating loss narrows to rs 47 crore,2
ajanta pharma q4 net profit up 20 at rs 84 31 crore,1
textile stocks are at the sideways deepak mohoni,2
auto component pocket looks interesting but stay selective in stock picking sudip bandopadhyay,0
tv18 posts multi fold decline in fy 11 net loss at rs 20 11 crore,1
tokyo shares inch higher at close after two days of losses,1
according to hkscan finland the plan is to increase j rvi suomen portti s net sales to eur 80mn to eur 100mn,1
nothing much happening in nucleus software deepak mohini,2
up mills may have to wait for central subsidy benefits,0
cmc is a good midcap it stock deepak mohoni,1
dip in liquidity deficit likely in next few months axis bank,0
just dial ltd to set up shop in uk uae stock rallies,1
nse prepares system to check freak trades in f o segment,0
the manufacturing will begin in pietarsaari in the beginning of the year 2009 and the delivery will take place in october 2009,0
tesla motors recalls 2 700 model x suvs tsla,2
healing process continues investors need to be patient clsa,0
alembic pharma q4 net profit rises 14 74 to rs 70 33 crore,1
the contract covers new energy efficient ac drives that have been designed in cooperation between the companies,0
the company had earlier said that it was considering different strategic options for the struggling low cost mobile operator including a divestment of its holding,0
glaxosmithkline fy10 net profit up 10 37 pc to rs 560 57 cr,1
kasturi and sons appoints rajiv lochan as md ceo,0
timo penttila has been appointed new manager responsible for the asset management of nordea s institutional customers in finland,0
maharashtra say no to bt cotton seed price hike,0
omc stocks are not very fundamental call uti amc,2
suggest to put money into psu names from a long term perspective sudip bandyopadhyay,1
microsoft last week also issued the first patch for the windows 7 operating system beta it had released days earlier,0
masoor gram prices weaken on sluggish demand,2
rupee ends day at 61 05 versus us dollar,0
mf exposure to bank stocks hit record high of rs 85 000 crore,1
tech mahindra may turn positive after 580 levels mitesh thacker,1
next 3 years will be transformational for ril says mukesh ambani,1
mundra port may not get past 155 levels ashwani gujral,2
ht media q3 net down 4 55 to rs 63 97 crore,2
employing 112 in finland and 280 abroad the unit recorded first quarter 2007 sales of 8 6 mln eur with an operating loss of 1 6 mln eur,2
finnish electronics contract maker incap oyj said on january 3 2008 it sold its manufacturing facilities in helsinki to local real estate company sponda oyj for 5 3 mln euro 7 8 mln,0
sesa sterlite reports rs 1 621 55 crore net profit in q4,0
hindustan copper pays rs 83 22 crore dividend to government,0
kptl shares surge 7 as company bags orders worth rs 560 crore,1
hexaware support seen at rs 110 115 mitesh thacker,0
icici prudential life profit up 3 fold at rs 808 cr,1
usha ananthasubramanian is cmd of bharatiya mahila bank,0
recent buyouts to drive religare s growth ahead,1
here why devi shetty of narayana health is looking to hit dalal street,0
tobacco stocks surge up to 13 on reports of cigarette price hike,1
euro weak ahead of ecb meeting,2
bill gross sees us stocks falling 10 urges investors to sit on cash,2
lee lee ready to exit bankruptcy strong volume today,1
5 triggers that can unveil some hidden gems among midcaps,0
short term upside likely sandeep j shah sampriti capital,0
fifa introduces web based platform for online transactions,0
the brokerage said 2006 has seen a true turning point in european steel base prices with better pricing seen carrying through the second quarter of 2006,1
the annual general meeting approved a dividend of eur 0 10 per share that is a total of eur 7 8 million,0
operating loss increased to eur 17mn from a loss of eur 10 8 mn in 2005,2
australia shares pare gains on ny ebola case financials underpin,2
china appoints bank of china as yuan clearing bank in paris,0
spot demand lifts zinc futures,1
pipavav doing very well devang visaria,1
hindustan unilever q3 pat seen up 8 at rs 871 crore stock down,0
elections to trigger rally in media stocks gaurang shah,1
mercedes india appoints new heads for sales marketing,0
l t looks reasonably priced as of now prashastha seth,1
the new plant is planned to have an electricity generation capacity of up to 350 megawatts mw and the same heat generation capacity,0
the eb tough voip field phone is equipped with an integrated speaker ethernet and shdsl connectivity and enables several innovative applications,0
kochi terminal issues may take a toll on petronet,2
client default fears rise in coriander futures trade,2
sebi tightens norms for issue of participatory notes,0
basmati rice exports fetch lower prices,2
gst mat issue key concerns for the market ajay bagga,2
sunil mittal appointed co chair of india africa business council,0
trent shares gain nearly 6 on bourses,1
jlr effect tata motors may see 102 surge in q3 pat how to trade the stock,1
stx long play another consistent profit zone check it out,1
petronet lng slips nearly 5 on stake sale by adb,2
amara raja batteries q3 net up 17 6 at rs 95 01 crore,1
rupee trims early losses trades at 60 22 per dollar,1
later on about 150 finnish made houses will be build in the area,0
minimum 25 public holding should also apply to public sector companies sebi,0
as production of other products will continue normally temporary lay offs concern simultaneously at most 80 employees,2
operating profit fell to eur 23 26 mn from eur 32 86 mn,2
europe s low rated bonds stutter on china greek stock nerves,2
commission income fell to eur 4 6 mn from eur 5 1 mn in the corresponding period in 2007,2
mercator lines foray into coal business to boost future earnings,1
bhp billiton posts big loss slashes dividend,2
select edible oils up on retailers demand,1
sbi to launch ftse sbi bond indices,0
some metal players stand to benefit as dip will attract new buyers prakash diwan altamount capital,1
idfc ltds rs 1 000 crore qip draws big investor interest,1
the number of permanent reductions of clerical workers is 22 employees of which 19 in finland,2
balaji amines q1 net rises 9 4 to rs 9 31 crore,1
iol chemicals pharmaceuticals plans jv with foreign suitor to push growth,1
education body accuses sebi s arm of conflict of interest plagiarism,0
lupin q2 net dips 35 per cent to rs 409 crore,2
diageo sells ryder cup venue gleneagles hotel to ennismore group,1
textile companies good run likely to last for another year,1
manisha girotra joins kpit cummins board,0
crude palm oil prices decline 0 45 on sluggish demand,2
bk birla group shares gain on revamp hopes,1
bank nifty recovering pull back in the market ashwani gujral,1
about dopplr dopplr is a service for smart travellers,0
2g scam db realty shares down on cbi probe report,2
the company will also shut one paper machine in finland and one in austria as well as two label paper machines in finland for up to 10 months helsinki based upm said yesterday,0
caution required on agri stocks dipan mehta,2
bharti would be very well positioned saurabh mukherjea,1
sell allahabad bank with stop loss of rs 131 sandeep wagle,2
maize futures decline rs 58 on weak spot demand,2
for example net sales increased by 5 9 from the first quarter and ebitda increased from a negative eur 0 2 mn in the first quarter of 2009,1
kv sridhar joins sapientnitro as chief creative officer,0
the company said that it has started to investigate streamlining its operations in order to meet the tightening competition on the mobile phone charger market,1
mixed trend prevailed in commodities market this week,0
nikkei jumps to 7 month high on renewed abenomics hopes,1
the podcast sees harple provide the low down on gypsii s platform which takes someone s location and demographic information to produce a contextual index of the world around them,0
lead production in turn should increase to 60 000 tonnes through 2009 in what would be a twofold increase from current capacity levels zahariev said,1
polaris is a buy ashwani gujral market strategist,1
wall street bounces back still off for the week,1
oracle financial fy 11 net profit up 43 60 to rs 1 111 crore,1
off market divestment boosts psu share performance,1
helsinki thomson financial shares closed little changed with cargotec and huhtamaki dropping sharply on disappointing second quarter reports,2
nhai bond sees record subscription,1
acc net dips 31 in 2010,2
white sugar likely to lose premium on global glut,2
the interchange of editors in chief is a part of publisher s goal to enhance job circulation in all personnel groups,0
with the acquisition the company will expand its offering to north central and south america it said,1
how the dollar impacts you,0
edelweiss says fiscal deficit asset strain big worry for markets,0
sensex falls 252 points on weak global cues,2
weakness on bjp s bihar loss would be a buying opportunity clsa,0
is this a good time to purchase gold jewellery,0
suven life sciences could be a dark horse devang mehta,1
mid cap mantra persistent systems buying spree to give it a bounce in h2,1
brent falls towards 57 as demand concerns outweigh supply disruptions,2
somany ceramics among top picks for 2016 pankaj pandey,1
european shares plunge roiled by bhp and oil hopes turn to ecb,2
indigo surges 17 from ipo price in market debut,1
offshore chinese yuan moves off 4 month lows as shares rise,1
etf investors renew interest in emerging markets,0
kartik kaushik to lead citi india consumer banking division,0
rory fitzgerald general manager operations bristol port said with the use of low maintenance technology we can save up to 30 per cent on servicing plus the load sensing hydraulics can save us an extra 15 to 30 per cent on fuel consumption,1
lulu outlook q1 2013 lost revenue in the range of 12 million to 17 million not good,2
more than half of hul analysts recommend sell,2
in august october 2010 the company s result before taxes totalled eur 9 6 mn up from eur 0 5 mn in the corresponding period in 2009,1
tyrvaan sanomat published twice a week by tyrvaan sanomat oy appears in sastamala and kiikoinen,0
shilpa shetty raj kundra snap up defunct hindusthan safety glass industries,0
did the indian government deliberately allow the rupee to fall,2
the 10 000 odd square metre plot that stockmann has bought for the nevsky center shopping center is located on nevsky prospect st petersburg s high street next to the vosstaniya square underground station in the immediate vicinity of moscow station,0
bse shelves plans for separate commodity bourse,0
uti mf appoints kaeley as group president sales marketing,0
marine fuel premium jumps to more than 9 month high,1
poor show in domestic business disappointment for lupins investors,2
the beers differ slightly from mainstream beers,0
ashok leyland vice chairman v sumantran resigns,0
ebitda for the year 2009 improved to eur484m as compared with eur472m in 2008,1
three students from universiti sains malaysia have won a study trip to helsinki,0
commodities brace for more woe ahead of us federal rate decision,2
update 1 nomura rbs must pay 806 mln in mortgage bond case us judge,2
cox kings q3 net up 19 39 pc to rs 23 02 cr,1
european shares edge lower after manufacturing data,2
tiimari s registered share capital is 16 474 755 shares as per today,0
adopt bottom up approach to investing says prakash diwan on banking stocks,0
jefferies expects upside potential for ashok leyland,1
so far mr galvan he has been able to avoid laying off workers,1
australian new zealand dollars seen falling not enough for some,2
nikkei ends lower in subdued holiday trade posts 4th weekly drops,2
britain s ftse falls back with ashtead commodities under pressure,2
religare finvest ncd issue oversubscribed 1 31 times,1
2g auction will high bids hurt telecom stocks make calls expensive,2
the bank of land acquired the private banking business asset management and share brokerage business of kaupthing sweden in early 2009,0
ey national director sunil chandiramani quits will start own consultancy,0
geojit bnp paribas q3 pat up 21 at rs 15 75 crore,1
we know there are some of our own people out there,0
heritage foods to reward shareholders with 1 1 bonus issue,0
high on modi gujarat based stocks return upto 170 top 10 bets,1
steel companies dip by up to 8 on allegations of another scam,2
glencore slumps 30 percent as debt fears grow,2
metals continue to correct on demand woes as china data disappoints,2
a total of 16 5 mn passenger ship journeys took place in the northern baltic sea in 2007 slightly down from 16 5 mn in 2006,2
professional and consumer applications include personal navigation personal safety field and workflow management and asset tracking,0
time to book out of sesa sterlite ambareesh baliga,2
private banks likely to face asset quality problems expect poor earnings hemindra hazari,2
dishman pharma surges 6 on clarification for receipt of usfda warning letter,1
nikkei drops as investors grow concerned about economic prospects,2
motherson sumi can get wonderful returns says mehraboon irani,1
long term bonds appear to be the magic wand,1
future capital fy 11 net profit down 26 at rs 44 15 crore,2
tirupati gold set to be locked safely in psbs,0
aapl i am big out from this seems its falling towards 530,2
earnings per share eps amounted to a loss of to eur0 06,2
finnish p yry has been awarded an engineering contract by cfr the national railway company of romania,1
chilli futures gain 1 70 pc as demand picks up,1
powergrid board okays fpo issue likely by sept,0
maharashtra seamless board approves rs 100 crore share buy back,0
national conciliator juhani salonius who met both parties on wednesday said they were too far apart in their views for him to propose mediation,2
corporate bonds trading spurts to 10 month high in may,1
d street betting on rate cut banking stocks in vogue ajay bagga,1
the company s board of directors would propose a dividend of eur0 15 per share for 2005,0
egom to decide engineers india fpo date price band tomorrow,0
c c constructions q4 net profit slips by 18,2
base metals decline on lower demand,2
agrochemicals top space choice can sustain higher growth dhiraj sachdev,1
amol jain md at tpg capital india resigns to pursue his own venture,0
a meeting for the media and analysts will be held on the same day at 10 30 a m at stonesoft headquarters in helsinki italahdenkatu 22 a the interim report will be presented by stonesoft s ceo ilkka hiidenheimo,0
jb chemicals pharmaceuticals stock tanks on brand sale to j j,2
whirlpool shares at 52 week high on smart q1 earnings,1
goog breakout very likely medium target 700,1
jaggery industry suffers due to lack of political support,2
rebound for russia and china lifts stocks,1
5 reasons why bears are running riot as sensex shrivels 500 points,2
jbm auto q3 net up 60 per cent at rs 24 crore,1
european shares stabilise after portugal led rout,0
bse plans foray into commodity trading board gives nod for new platform,0
birla sun life appoints group co head jayant dua as ceo,0
7080 mark to watch for nifty traders on intraday basis mitesh thacker,0
message in the great fall of nokia can it learn from mistakes,0
suven life sciences q1 net up 16 68 at rs 34 74 cr,1
two brokers on police radar in nsel case,0
hinduja ventures q3 profit at rs 23 53 crore,0
first quarter underlying operating profit rose to 41 mln eur from 33 mln a year earlier,1
last year lemminkainen completed the kouvola k supermarket contract,1
wheat futures down on profit booking,2
jussi pesonen member of the sampo board since 2006 will renounce his seat in sampo board,0
mr koistinen joins from nokia siemens networks where he has held various senior sales management and business development positions since 1997,0
in addition to russia we now seek additional growth in ukraine,1
indo rama synthetics ceo ashok gupta resigns,0
il fs transportation rs 524 crore rights issue to open on monday,0
the company will propose a dividend of eur0 12 per share for 2008,0
yield of dollar bonds plunges to a 9 year low,1
novartis india q1 net dips 28 per cent at rs 26 98 crore,2
and the broker repeated its buy rating based on expectations that current restructuring will lead to a clear improvement in performance in europe in 2007,1
hsbc says unit to book 585 million charge on settlement,2
idea cellular plunges 8 4 biggest single day fall since october 2008,2
emami gains 1 4 as it enters male deodorant space,1
they will cover all forest industry s units and employees in finland and concern temporary and permanent lay offs,2
shed off weight in banking stocks iv subramanium,2
novartis buys remaining rights to gsk treatment in deal up to 1 billion,1
bill gross janus global unconstrained bond posts 11 7 million outflow in may,0
financial technologies receives non binding bids for its stake,0
mercator rallies on oil discovery in second cambay well,1
ncd returns may be higher but do your homework before taking a call,0
net profit in the period in 2009 was euro 29 million,0
the value of the multi year agreement is over eur 2mn a year,0
fertilizer manufacturer coromandel international q3 net profit up 38 at rs 94 crore,1
what s happening in the oil market right now is unprecedented,0
msci shifting most of its operations to india,0
according to capman plc s corporate governance the majority of the committees members shall be independent of the company,0
tea stocks lose flavour on bumper kenyan crop,2
jspl hits 52 week low down over 20 since july,2
nordea bank sto nda and sampo bank have helped finnish real estate investment company sponda hel sda1v place a eur100m usd125 4 m domestic bond the company said friday,1
gold rises before jobs data,1
narayana hrudayalaya ipo oversubscribed 8 41 times,1
in the reporting period eps stood at eur0 07 versus eur0 11,2
risto raty tekla s executive vice president said that tekla structures and archicad will cover the entire design and documentation workflow throughout a construction project,0
petronet lng shares slump 4 5 on broker downgrades,2
goodyear q2 net up 25 84 at rs 25 22 crore,1
indicators pointing downwards nifty may break below 5 970 levels mitesh thacker,2
ircon declares rs 64 crore dividend for 2011 12,0
sell tvs motors with stop loss of rs 251 sandeep wagle,2
insurance stocks surge on hopes of fdi limit hike,1
sebi to empanel administrators to look after refund process,0
dlf s ratings likely to fall post ban ratings firms to take a call,2
laila nutraceuticals in talks with global pes to raise 40 million may offer 40 per cent stake,0
association of mutual funds in india warns members to stay away from suspicious ready forward certificate of deposits,0
operating profit margin was 8 3 compared to 11 8 a year earlier,2
ssh communications security corp stock exchange release october 14 2008 at 2 45 pm the company updates its full year outlook and estimates its results to remain at loss for the full year,2
have a sell call on moser baer kunal saraogi technical analyst,2
realty stocks seem to be falling sharply ashwani gujral,2
upm kymmene is one of the world s leading printing paper producers with production in 15 countries and a sales network covering more than 170 companies,1
operating profit increased by 145 1 to eur 8 3 mn from eur 3 4 mn,1
u k stocks resume gains to rally to record crh tullow climb,1
gvk hancock names darren yeates as ceo,0
reliance industries shares end nearly 2 per cent lower post earnings,2
international finance corporation raises 100 million in maiden onshore maharaja bonds,1
the two companies will also partner in further developing raiso s cholesterol lowering brand benecol,1
bumpy ride ahead for investors fiis aversion to ems worries over weak rupee to hurt sentiment in 2016,2
no financial information was provided,0
do not buy capital goods stocks rajesh jain,2
igl surges on reports sc declines pngrb permit to hold enquiry,1
sensex in a range top stocks in focus,0
transglobal sells kingfisher airlines shares worth rs 7 43 cr,2
three reasons why india incs credit scores are on the mend,0
we are now taking marimekko there on a distinctly more significant scale,0
in january november 2009 the group s sales totalled eur 7 801 7 mn which was a drop of 12 6 from the same period of 2008,2
the company decided at the end of 2008 to temporarily shut down its ammonia plant in billingham and extend the maintenance period at its ince facility,2
jammu and kashmir bank falls on weak december quarterly earnings,2
public sector banks future not gloomy tushar pradhan hsbc amc,0
finnish construction group lemmink inen has been awarded two road building contracts by the lithuanian transport administration,1
the new technology improves the glass quality and consistency while increasing throughput,1
andhra bank net profit down 36 as provisions doubles,2
johnson matthey share price slumps as company posts full year results,2
jgbs edge down as investors monitor greek situation,2
x marks the recall tesla recalls modelx for faulty 3rd row seat tsla,2
sebi proposes new listing disclosure requirement norms,0
eid parry q4 net profit dips by 45 per cent,2
bearish on reliance communications deven choksey,2
the money will be spent on strengthening the company s competitiveness in the sphere of sawmill products and increasing the volume of wood delivered for processing in russia the release says,1
insurers admiral blows hot and cold but aviva soars pre friends life merger,0
nse s stock option strategy pays off as volumes soar,1
the annual value of the contracts is estimated at usd 2mn over the next three years,0
nissan motor india appoints takayuki ishida as new md,0
much to cheer in telecom here s how companies fared in the spectrum auction,1
hcl ropes in chandrasekaran as no 2,0
britannia to unlock hq s realty value stock up,1
the percentages of shares and voting rights have been calculated in proportion to the total number of shares registered with the trade register and the total number of voting rights related to them,0
through its partnership with finnish paulig s danish subsidiary oscar puljonki acquired a sales organization in the european market,0
investors will be overweight on equities in long term,1
nhpc gains on higher electricity generation,1
gold declines on sluggish demand amid global uncertainty,2
birla power solutions to raise 100 million stock up,1
the coca cola company and coca cola femsa to acquire ades soy based beverage business from unilever,1
the corresponding share capital increase eur 1 012 945 50 was entered in the trade register today,0
markets may go into budget in subdued fashion ashwani gujral ashwanigujral com,0
avoid sks microfinance ashwani gujral,2
severn trent share price rises as first half profit inches up as customer,1
india love affair with gold may be over as prices slide,2
unitech falls on wider than expected quarterly loss,2
atria chose the delight to attract consumers in the 25 45 age group to its atria fresh range of microwaveable meals,0
commission income decreased to eur 3 8 mn compared to eur 4 6 mn in the third quarter of 2007,2
the full midnighttrader extended hours trading analysis and news service is available in real time through comtex,0
gold recovers as ukraine weighed against rates,1
sebi slaps rs 8 lakh fine on six companies,0
strongest growth was seen in the new markets in russia the czech republic and slovakia,1
nirma shares jump 18 pc after delisting move,1
ranbaxy plunges 25 in two sessions after usfda ban,2
still some strength left in auto space ashuu kakkarr,1
to showcase our end to end capabilities at the mobile world congress we arranged an internal meego application development competition to entice developers to create new applications,0
expect market to be edgy and volatile in october arindam ghosh blackridge,0
sebi to fix strict enforcement timelines focus on refund,0
tata global beverages names ajoy misra as new md ceo,0
financial terms were n t disclosed,0
markets at 3 week high despite muted asia top bets,1
brent holds above 107 on us crude draw china data,1
operating profit of kauppalehti group rose to eur 1 5 mn from eur 1 3 mn and that of marketplaces to eur 1 3 mn from eur 1 0 mn in the third quarter of 2006,1
rupee sees biggest single day fall in a month fm awaited,2
china overseas land braves market with euro bonds,0
uco bank a good portfolio stock deepak mohoni,1
escorts been trading up pretty well around rs 80 ck narayan,1
apple s momentum meltdown bites investors,2
analyst view frontline banking stocks trading below psychological levels,2
following the move stora enso holding in newpage will remain unchanged,0
london afx shares in rautaruukki corp have been upgraded to hold from sell by abn amro with the price target raised to 25 75 eur from 14 5 said dealers,1
exporters traders flock to ncdex s forwards segment,0
suzlon board approves cashless restructuring of fccbs,0
talentum expects that the net sales of its core business will increase in 2008 compared to 2007,1
copper recovers on global cues,1
pvr reports q3 net profit at rs 31 55 crore,0
did federal reserve janet yellen just enter currency wars,0
remain bullish on housing real estate companies deven choksey,1
mphasis no more a one trick pony stay bullish amit khurana,1
ashoka buildcon to issue shares to institutional investors,0
russia says oil price of 60 70 per barrel comfortable for market,1
honkarakenne mainly exports large luxury log houses to russia to be used as one family houses or holiday homes 70 of sales go to the moscow region about 20 to the st petersburg region and the remainder to other locations,0
the agreement expands tekla structures scope of use to bridge design,1
has ril turned the corner some analysts think so,0
ndtv posts loss of rs 14 84 cr for oct dec,2
the maximum grade of the veneer yield is calculated based on the dimensions and grades of the veneer products as well as by iterating the places of the peeling axes and simulating the peeling process,0
5370 5400 key support in markets now ashwani gujral,0
eurochem head of corporate finance alexander gavrilov said i am pleased that we have once again confirmed that eurochem is able to attract long term funds at attractive rates,1
heard on the street dabba trading on sebi radar,0
stressed assets nims to weigh on pnb,2
7800 levels will act as a stiff resistance for nifty sandeep wagle,2
the contract comprises a log handling line a peeling line and a veneer drying and grading line,0
china yuan slips as pboc signals range bound trading,2
fortis healthcare q1 net loss at rs 46 8 crore,2
keki mistry joins advisory board of cox kings,0
jagadish bhat takes over as head of management at man trucks,0
beaten down counters aid sensex top ten stocks to watch this week,0
financialwire tm in cooperation with the investrend broadcast syndicate also provides complete daily conference call and webcast schedules as a service to shareholders and investors via the firstalert tm networks oefirstalert tm daily,0
aapl near a 3 drop thats a lot now the best i can do is hold er lol,2
market will be buoyant don t wait for correction raamdeo agrawal mofsl,0
dji overbought aapl axp ba cvx ibm intc vz,2
he said he has been losing five families a month to the economy as many make alternative arrangements to save money,2
opec price plan may be the first step towards 70 oil floor,1
high how to play the market from here,1
noel n tata takes over as chairman of trent,0
d street awaits tcs results for direction here s how to trade the stock,0
commexes turnover jumps by 54 till mar 15 of this fiscal,1
select edible oils fall on sluggish demand global cues,2
itv to pursue takeover of canada s entertainment one bloomberg,1
this could be any of us at any time she said,0
trent q4 net up 28 at rs 24 96 crore,1
coriander futures fall further on adequate supplies,2
banyan tree picks up minority stake in dee development,1
the federal secretary for transport and communication of mexico has awarded poyry and its mexican partner sintra a consulting contract in connection with the buenavista cuautitlan suburban railway,1
banking stocks to see lot of traction mitesh thacker,1
spicejet surges over 10 denies selling parking slots,1
expect big money in midcaps vijai mantri,1
competition is going to get tougher in telecom sector amit khurana,2
cerebra snaps winning streak as traders corner co,0
radico khaitan q3 net up 77 69 pc to rs 20 47 cr,1
should you bet on gold loan companies,0
ntpc pays rs 4 742 crore dividend for 2013 14,0
the new organization consists of two business units charging messaging and finance administration,0
we are very pleased to be working with fujitsu and ntt docomo to advance the progress of lte said juergen walter head of converged core nokia siemens networks,1
once above rs 268 crompton greaves can touch rs 280 sandeep wagle,1
hindalco s profit after tax expected to decline by 33,2
surge in bosch doesn t bewilder me ambareesh baliga market expert,1
participatory notes a sensitive topic for govt sebi and investors,0
insider trading risk management key focus areas for 2014 sebi,0
isolationism another sell rating sell ratings on spy qqq iwm and several companies aapl axp bac blue fxe,2
manufacturing data from china boosts russian assets,1
earnings review it gets q1 party going with net profit up 15 7 for june quarter,1
tekla group s net sales for 2005 were approximately 38 million euros,0
recommend to hold cipla mayuresh joshi,0
rbi is helping govt gold monetisation scheme take off,0
rupee rebounds from near 5 month low rbi aids,1
lowe names narayan ram as india managing director,0
cox kings q3 profit jumps 10 fold to rs 30 91 crore,1
ofss hits 52 week high rallies over 10 on interim dividend of rs 485 per share,1
world banks finance arm rolls out offshore rupee bonds for rs 1 600 crore,0
in finland metal sector company componenta is laying off temporarily the staff of its pori mill from christmas 2008 till 6 january 2009,2
sebi may allow other financial regulators to access central kyc data,0
look for levels around 6630 6640 on nifty ashwani gujral,0
exclusion from f o liquour ban in kerala hurts united spirits,2
infra stocks to be dead for next 6 8 months ashwani gujral,2
the winner does not have to be present to win,0
tbwa india announces top management changes shiv sethuraman moves out,2
kec international orders help but margins hurt its revenue,0
the upgrade is intended to raise the network capacity from 450 mhz to 630 mhz in several cities enabling bi directional services for digital television as well as broadband data,1
ramirent is a leading company in machinery and equipment rentals for construction and industry,1
improved macros to save rupee from greece lightning,1
shreyas shipping s stock zooms 10 fold on turnaround,1
bank of indias net profit up 8 6 per cent due high provisions for bad loan,1
forex reserves slip 500 million to 293 97 billion,2
it will provide heating in the form of hot water for the sawmill s needs,0
unbelievably the company that makes them fiskars corporation was formed in 1649 when a dutch merchant named peter thorwoste was given a charter to establish a blast furnace and forging operation in the small finnish village of fiskars,0
country club india limited q4 net up 98 at rs 14 39 crore,1
edelweiss financial services september qtr net jumps 72 pc to rs 79 crore,0
adp news feb 9 2009 finnish computer services company proha oyj hel art1v said today its net loss narrowed to eur 113 000 usd 146 000 for 2008 from eur 1 2 million for 2007,1
andhra bank april june net profit down 6,2
three reasons sensex fell from mount 30k to end 213 points down,2
bayer cropscience shares hit 52 week high on buyback plans,1
infosys will the strong volume growth sustain,0
srf q2 profit jumps 60 87 per cent to rs 76 85 crore,1
novartis tanks 7 hits 52 week low as sc denies cancer drug patent,2
china yuan almost unchanged after moving in narrow range,0
the company reiterates its outlook for 2009,0
what can be expected from itc q3 results,0
onmobile clearly in short term downtrend deepak mohoni,2
no planned closing date was provided,0
very bullish on india narendra modi government has renewed optimism mark mobius,1
jaiprakash power ventures dips 14 on asset sale plans to taqa,2
crh s concrete bid for holcim lafarge assets,1
achhe din ahead as quarterly results reflect market optimism,1
turmeric futures gain 0 79 on rising demand,1
loss for the period totalled eur 15 6 mn compared to a profit of eur 6 3 mn in 2008,2
turmeric futures fall 1 51 pc on sluggish demand,2
dlf seeks shareholders nod to raise rs 5 000 crore via non convertible debentures,0
have bearish outlook on itc currently kunj bansal,2
in addition to its stake in megafon telecominvest currently owns 100 of shares in web plus and st petersburg payphones 51 in telecom equipment producer peter servis and a number of other minor assets,0
primark racks up a happy christmas after strong sales,1
the approximately 20 000 dwt vessel has been ordered from india,0
global exchange m cap touches decade high of 64 trillion,1
operating leverage will flow in for logistic companies if economy improves dhiraj sachdev,1
our portfolio strategy continues to be the same post may 16th iv subramaniam quantum amc,0
ingersoll rand appoints madhusudan rao as cfo,0
difficult for market to cross 6 550 levels in coming days edelweiss,0
pretax profit totaled eur 9 0 mn down from eur 36 3 mn in 2007,2
production is scheduled to start by the end of april 2007,0
large cap stocks have not seen correction post q1 results deepak shenoy,2
right time to get into itc ashwani gujral,1
our solutions are fully arabized and our message is that we want to become the it partner of choice for businesses in the near east region,0
jk cement reports 38 y o y growth in net profits,1
at this growth rate paying off the national debt will be extremely painful,2
ten key takeaways from hcl third quarter results,0
fetise com raises 5 mn from seedfund on et nows super angels,1
sic global launches stockal indias first mobile based platform for global investments,0
nine stocks that led nifty rally in last one year,0
lock load bharat forge hits all time high on rafael arms jv,1
jan 6 ford is struggling in the face of slowing truck and suv sales and a surfeit of up to date gotta have cars,2
the company operates power plants in the tyumen and chelyabinsk regions and in the khanty mansi autonomous district,0
ashoka buildcon plans rs 225 cr ipo,0
chilli futures down 1 53 pc on higher output hopes,2
intellisync wireless email from nokia is a full featured wireless e mail solution that connects users to their e mail calendar contacts notes and task lists while away from the office according to the company,0
85 should be a good target for lt foods devang visaria,1
fiis interest in india nears peak top eight stocks from clsa s model portfolio,0
nmdc posts 34 per cent rise in fourth quarter,1
as a domestic business best in is already close to finnish dog owners,1
nbfc indostar plans to hit market with rs 1k crore public issue in june 16,0
mrpl shares surge over 19 on robust earnings,1
reforms over last weekend allayed street concerns dhiraj sachdev hsbc am india,0
sebi plans surprise inspection of companies existing only on paper,0
brent falls below 86 heads for worst month since 2012,2
biocon a good buy above 407 rohit shinde,1
sebi mulls pension fund for employees,0
fruitful talks held with bharti on mobile industry,0
dollar wavers in choppy trade as risk aversion rises,2
airlines surge upto 10 as atf prices slashed by 7 3 per cent,1
the economic occupancy rate of sponda s property portfolio rose to 91 2 from 88 8 in 2006,1
pricing power is the key in fmcg prateek agarwal,0
sudhir vasudeva to head ongc,0
nasdaq edges to record high to open busy earnings week,1
infusion of additional 1 trillion to india s gdp to create new midcap leaders barclays,0
the current lay offs are additional to the temporary lay offs agreed in december 2008 and in may 2009,2
aviva stake buyers walk out of negotiations over valuations,2
nse expects 8 10 listings on institutional platform by march,0
ddd 3d systems ddd stock receives ratings downgrade today at jefferies,2
delivery based transactions key to curbing price manipulation in commexes samir shah md ncdex,0
alkem laboratories 200 mln ipo fully subscribed exchanges,1
karur vysya bank q4 net profit jumps 15 2,1
the previous offer was 3 4 of voting rights and 12 3 of capital,0
lakshmi vilas banks net profits rises to rs 25 23 crore,1
rupee poised to rally amid prospects of boost in forex reserves,1
ketan mehta eyes 10 mn from pe players for maya,0
mangalore chemicals surges as deepak fertilisers ups open offer price,1
more staff has been recruited in japan to further complement its network of close to 50 service locations in more than 20 countries worldwide,1
sat to hear alchemist capital case on september 29,0
h kumar takes over as managing director of mangalore refinery and petrochemicals ltd,0
sell cairn india ltd with stop loss around rs 257 prakash gaba,2
gur closes quiet on some support,0
the office space will rise above the remodeled cannon street underground station,0
regulatory concerns weighing on largecap pharma stocks kunj bansal,2
opto circuits shares rally over 35 on heavy volumes,1
selling range of 539 543 suggested for educomp,2
commodities sector may show weakness anu jain,2
govt efforts to lift gdp by 150 bps on a sustainable basis positive on investment related stocks dhiraj agarwal,1
deepak fertilisers bets on chemicals to deliver growth,1
skx turning coming from far could go far stock price implies you pay nothing for the business,1
manappuram finance plans to garner up to rs 200 cr via ncds,1
rupee trims initial losses trades at 62 35 vs dlr,2
polaris financial technology slips over 21 as the stock goes ex demerger today,2
finnish dental care group oral hammaslaakarit oyj posted a total net profit of 849 000 euro 1 1 mln in the first nine months of 2006 versus a net loss of 331 000 euro 421 000 in the same period of 2005,1
forward markets commission working on single clearance for commodity exchanges,0
kansai nerolac q4 net down 63 per cent at rs 45 crore,2
balaji telefils has been in a downtrend ashwani gujral,2
blyk is launching first in the uk market in mid 2007 with other markets to follow,0
nse to begin overnight investment facility from monday,0
world stocks inch towards all time high,1
it stocks performing well due to better quarterly results p phani sekhar,1
omcs may cut petrol diesel price in november stocks gain,1
initial estimated total value of the contract was 250 000 euros excluding vat,0
russ don t catch falling knives but i think an entry is coming soon on this,1
base metal prices will go up seshadri bharathan,1
combining this deep domain expertise with our application service management asm and outsourcing service offerings has now proved to be a winning combination,1
praj industries back on growth track with ethanol business revival ganga project and margin play,1
bosch reports 19 fall in profit for october december,2
foreign institutional investors pump in rs 4 900 crore in indian stocks,1
dollar rises in asia on fed chief rate comments,1
shalimar paints has good headroom for growth prakash diwan,1
astrazeneca pharma q1 net loss at rs 8 crore,0
talvivaara has secured a 10 year off take agreement for 100 per cent of its main output of nickel and cobalt to norilsk nickel and entered into a long term zinc streaming agreement with nyrstar nv,1
wockhardt rallies 20 on strong volumes hits highest level in 25 weeks a buy call,1
the redesigned crushing circuit has been in operation since the start of september and its overall production rate on a weekly basis is in excess of an average of 40 000 tonnes a day,0
euro struggles near 1 year low on weak german data ecb mario draghi comments,2
brent falls below 109 as libya restarts oilfield,2
gur remains flat in tight movements,0
gold steadies ahead of expected hawkish fed moves,0
its 168 asset management experts manage assets worth over eur 35 billion,0
bharti airtel slips on increasing voip rates,2
nsel ftil merge case adjourned to december 22,0
godrej properties october december net profit up 5 income down 9,1
both the net sales and operating profit were record high in the company s history,1
hcc shares zoom 7 on positive q4 numbers,1
gold climbs to two month high on iraq to us economy outlook,1
muthoot fincorp announces its first public issue of ncds,0
tea prices stay firm on robust demand,0
somany ceramics is a fundamentally strong company sudhir nair,1
volatility may force a rethink on short term inflows into government bonds,0
air india posts a loss of rs 5 000 crore in 2013 14,0
cesc tariff hike to improve cash flow boost business plans,1
rocket internet joins rush of e commerce listings,0
grasim industry q2 net down to rs 346 crore,2
man industries rallies 5 on rs 500 crore orders win,1
not best time to buy sugar stocks,2
we have significant experience in smartphone functionality in the development of mobile internet services and in uniting the two into a smooth user experience,1
in 2009 kone had annual net sales of eur 4 7 billion and approximately 34 000 employees,0
the first phase of the logistics complex envisages the completion of some 70 000 sq m of logistics premises and the gatehouse building in november 2008,0
market seeing patience if not conviction prakash diwan,0
ranbaxy net loss at rs 73 6 crore in jan mar quarter,2
steel prices remain flat in lacklustre trade,0
education companies rally upto 24 on cheap valuations,1
marimekko group s full year net sales are estimated to increase by about 10,1
comfort comtrade lists on bse s sme platform,0
acc october december net rises 18 to rs 326 crore on tax benefits,1
claris surges 18 as pharma cos in race to buy injectible biz,1
8k miles rallies 9 in a dull market,1
tokyo stocks open 0 32 lower,2
ipo watch invest in power mech ipo with caution,2
lower levels on nifty to be good buying opportunities mitesh thacker miteshthacker com,1
qualcomm estimated a first quarter profit between 46 and 50 cents a share excluding certain items below the analyst estimate of 61 cents a share,2
short more faz for all who don t know that means markets will tank now p,2
alstom india registers rs 7 58 crore loss in third quarter,0
finland s nokian tyres and kazakhstan s ordabasy corporation signed an agreement to build a plant in astana to produce car tires ordabasy chairman dinmukhamet idrisov said at a press conference,1
about marubeni marubeni corporation tse 8002 adr maruy was established in 1858 and is a core company of marubeni group one of japan s leading general trading houses,1
monsanto india q1 net up 16 at rs 56 24 crore,1
ftil sells nearly 7 pc stake in iex for rs 21 45 cr,2
last year s net sales rose to eur 68 3 million from eur 62 2 million,1
apl apollo q3 net up 54 pc to rs 13 01 cr,1
mondelez international elevates manu anand names new md for india,0
process for selecting cil cmd begins pesb invites applications,0
do not prefer united spirits at current levels avinnash gorakssakar,2
lux industries lists on nse at rs 3342 05,0
consistent performer hdfc bank can be among top 3 holdings in any portfolio dipan mehta,1
twitter shares spike as 4q results fly above expectations,1
pre market nifty seen opening flat cpi iip data eyed,0
novartis india q2 net rises over 600 to rs 104 crore,1
pretax profit rose to eur 17 8 mn from eur 14 9 mn in 2005,1
don t get into midcaps which are making 52 week lows ashwani gujral,2
omaxe declares bonus to public shareholders,0
makemytrip expands share sale plan,0
market might see breakout if bank nifty gets past 15 550 mitesh thacker,0
ongc subsidy burden takes a toll stock up,1
in sweden there is an oversupply of pharmacies,2
market levels beyond 7250 possible in next few days mitesh thacker,0
the finnish company claims to have over a quarter of a million contented tulikivi fireplace business and homeowners worldwide,0
incap contract manufacturing services pvt ltd a subsidiary of incap corporation of finland plans to double its revenues by 2007 2008,1
gold steady below 3 week top fed meeting eyed,2
finnish stockmann group s mail order unit hobby hall has launched a trial marketing campaign in russia,0
crisil launches first inflation linked government securities index,0
the major part of the deliveries include different ac and cxe amplifier solutions and products by dinh telecom a company acquired by teleste last spring,0
axis bank is heading to levels closer to 1595 prakash gaba,1
the finnish company previously said its operating result will be lower than the break even posted a year earlier,2
oil steady around 114 as iraq exports in focus,0
wartsila won the contract in october 2007 and the plant will be installed at manturovo in the kostroma region of russia about 600 km northeast of moscow russia,1
max life insurance proposes maiden dividend for shareholders,0
at rs 22 lakh mrf is most costly futures contract,0
ecb s bond buying plan what s next,0
sanoma also has an executive committee in accordance with the company s articles of association that prepares proposals for matters to be decided or noted by the board of directors,0
reckitt benckiser names nitish kapoor as india md,0
at 10 33 am huhtamaki was the market s biggest faller 8 69 pct lower at 11 35 eur while the omx helsinki 25 was 0 32 pct higher at 3 332 41 and the omx helsinki was up 0 47 pct at 11 687 32,2
hyundai motors shares slips 10 lowest in nearly 5 years,2
as such the space has blond wood floors unlike the rest of the store and a notably scandinavian vibe,0
ptc fin ipo in mid march to raise rs 800 cr,0
subhash projects to raise rs 300 cr via spv stake sale,0
russia sistema down 7 6 per cent after yevtushenkov house arrest ruling,2
euronext names new head of post trade business,0
wall street ends up financials gain with bond yields,1
mcx managing director ceo vaish quits on health grounds,0
the name of the newspaper publishing and printing division sanoma will be changed to sanoma news,0
nifty ends near 7 600 after hitting all time high,1
infotech enterprises q2 net down 7 revenues up 24,2
food ministry hikes sugar production estimates,0
jaypee infra q4 net grows 7 fold to rs 96 crore,1
major currencies eerily calm as geopolitical risk lingers,0
timberrrr tsla,2
clsa sees over 15 upside in bharti infratel upgrades stock to outperform,1
tsla steaming up again this stock is relentless at the moment,1
hnis remain bullish saw record inflows in august prateek agarwal ask investment manager,0
pullback in nifty has come to an end mitesh thacker,0
our canned preserved food in finland report offers a comprehensive guide to the size and shape of the market at a national level,0
japan s nikkei lands financial times in 1 3 billion deal,1
look out for vintage fabric cushion covers 70s coffee pots ceramic serving dishes cocktail glasses and stainless steel party dishes,0
london morning briefing hsbc and standard chartered shares rise,1
igl won t reap immediate benefits from shift to cleaner fuel deven choksey,0
finnish outokumpu technology has been awarded several new grinding technology contracts,1
uk s ftse has worst day so far in 2015 as bg and prudential fall,2
gold rises nearly 1 per cent after us federal reserve minutes,1
suzuki shares soar on production shift report,1
according to bosse the present cooperation is beneficial to all parties however,1
skf india q2 net profit down 2 pc at rs 46 cr,2
fiskars brands report net sales of eur 145 8 mn up from eur 138 4 mn,1
nifty to test 6900 levels top five trading strategies,0
brent slumps below 89 to lowest since 2010 as rout extends,2
motilal oswal pe seeks tax exemption for fund investors,0
maintain buy on wipro with target of rs 528 sharekhan,1
budget 2014 why itcs stock gained despite the increase in excise duty on cigarettes,1
jbml q2 net profit jump two fold at rs 10 30 cr,1
gold steadies as buoyant equities balance ukraine tensions,0
sebi revamps secondary market advisory committee,0
dilip shanghvi sun pharma promoter a pharma maven with midas touch,0
gas pricing decision will determine next move on reliance ambareesh baliga market expert,0
richard merwe appointed md vice chairman of bayer cropscience,0
entertainment network india posts rs 52 2 crore net,0
ioc shares down 2 5 on sluggish december quarter earnings,2
castrol q4 net up 7 to rs 126 crore,1
us stocks strong data stops the bleeding on wall street,1
a flurry analytics spokesperson said that as it was only measuring windows phone 7 data for some weeks the firm double checked the data to make sure the 66 per cent rise was not an aberration,0
still enough trading opportunities in primary sectors prakash diwan altamount capital,0
the subdivision made sales revenues last year of eur 480 7 million eur 414 9 million in 2008 and operating profits of eur 44 5 million eur 7 4 million,1
f secure a developer of security solutions as a service through internet service providers and mobile operators announced results from its annual online wellbeing survey,0
pre market nifty seen opening lower may retest 6650 levels,2
sell bharti airtel ltd with target price of rs 289 prakash gaba,2
indigo plans to raise 400 million by selling 10 stake via ipo,0
adp news jan 13 2009 finnish industrial and environmental measurement equipment maker vaisala oyj omx vaias said yesterday it will develop an operational reference radiosonde for climate change observations,0
gold steadies near 1 200 as oil firms sentiment remains bearish,2
apl apollo tubes allots 10 lakh equity shares to promoter entity,0
gammon india to issue rs 100 crore debentures to promoters,0
investors can expect long term returns of as high as 30 from nifty,1
rnn day traders flushed out it should start going up slowly from now on,1
capital base and capital adequacy measurement is based on approaches under basel ii,0
cognizant s robust performance vindicates stronger demand scenario,1
bet on reliance power with a slightly medium to longer term horizon avinnash gorakssakar,1
market closer to the range of 6 100 6 150 levels mitesh thacker,0
zee entertainment q1 net down 6 26 per cent at rs 210 57 crore,2
mrpl surges on colombian crude buy plan,1
stay away from psu banks until reforms kick in nitin raheja,2
berkshire hathaway names kara raiguel to lead general re unit,0
ttk prestige q4 net down 6 49 per cent to rs 26 21 crore,2
10 year bond falls on liquidity woes,2
the contract is worth some eur 1 million,0
in terms of profitability and earnings 2007 was the best year in our history chief executive veli matti mattila said,1
railway stocks on a roll ahead of budget,1
nifty hits fresh lifetime high top fifteen stocks in focus,1
muthoot capital q2 net rises 15 to rs 6 crore,1
the issues identified by stonesoft affect a range of content inspection technology,0
elder pharma dec qtr net up 2 34 to rs 15 73 cr,1
the number of collection errors fell considerably and operations speeded up,1
banking is the sector is own right now satish betadur,0
the acquisition of landsbanken sverige in 2009 burdened the performance with eur 3 0 mn,2
sugar stocks jump up to 20 after up government holds cane price,1
alma media s operating profit amounted to eur 11 9 mn down from eur 15 0 mn a year earlier,2
amitabh chakraborty quits religare,0
cramo headquartered in vantaa finland rents construction machinery and equipment as well as rents and sells modular space,0
max india q1 net profit up at rs 537 crore,1
post 2g spectrum auction are telecom stocks good picks now,0
pretax profit decreased by 37 to eur 193 1 mn from eur 305 6 mn,2
apple s tanking here s what a 1 point move in apple does to the dow,2
government to review call put option rules that hit docomo exit plan,0
chana futures extend gains on rising demand,1
airtel hires it expert manish prakash to head its enterprise unit,0
jewellers smile as export orders hint at revival,1
cotton rally forces textile mills to go for small buys,1
he said it is for sale again and we will be actively marketing it,0
this action follows personnel negotiations concerning elcoteq se finnish branch elcoteq finland oy and elcoteq design center oy,0
copper futures down on weak global cues,2
gmr infrastructure s net loss widens to rs 441 crore in december quarter,2
currently it operates a fleet of eight carriers as well as nine pushers and barges,0
bond investors factor in rate cut yields head lower,1
raute corporation has received orders worth over eur 12 million from ooo ilim bratsk dok in russia,1
firstsource solutions gains 68 on bourses in three months as business outlook turns positive,1
phillips carbon gains on overseas buy out reports,1
operating profit rose to eur 27 8 mn from eur 17 5 mn in 2008,1
kaupthing bank will publish its annual results for 2007 before markets open on thursday 31 january,0
no financial details of the deployment were disclosed,0
silver extends weakness in futures trade on overseas cues,2
kansai nerolac rallies over 8 as q1 net profit jumps 19 77,1
the customer is then forwarded to the site and unknown to him logged in with the first number,0
euro is not too strong luc coene,0
after the split the company would have 26 885 540 series a shares and 9 540 000 series k shares,0
industry in asia pakistan malaysia taiwan and philippines today global research data services is going to publish several market analyses about the cement markets in asia,0
gold at three month low on global cues weak demand,2
npa cycle has peaked out for sbi prakash diwan,0
metal cos are having good volume growth,1
operating result showed a loss of eur 2 9 mn while a year before it showed a profit of eur 0 6 mn,2
tepid response to hrudayalaya ipo 26 subscribed on day 2,2
marksans pharma on a firm wicket buy stock with a target rs 132 sharmila joshi,1
shipping corporation of india s net loss widens more than nine times total income rises 27,2
the purpose of this action is to ensure company s cost effectiveness this year and in the near future,1
infosys shares end lower as top executive quits,2
alexandria va may 16 kenneth bower of vista calif has developed an ornamental design for a handset the u s patent trademark office announced,0
companies generating cash will be preferred by investors gopinath natarajan iifl premia,0
spicejet to issue warrants to promoters for fund raising,0
brokers seek reduction in option trading charges at nse,0
commodity exchanges turnover drops by 39 till feb 15 in fy 14,2
maruti suzuki could have avoided the mix up prateek agarwal,0
china yuan steady better than expected pmi survey has no impact,0
chennai petroleum net profit jumps over seven fold at rs 364 crore for fourth quarter,1
cardamom futures decline 0 71 per cent on profit booking,2
dhanteras demand slump dampens festival gold fever cools down,2
revival in sight for engineers india after poor quarterly numbers,0
bond yields inch higher auction in focus,1
the company said offshore segment represented 43 of the total marine engines orders for the july september 2010 period merchant 33 special vessels 18 and cruise and ferry and ship design 2 and 3 respectively,0
yit acquired investment rights to a 10 000 square metre residential project in yaroslavl and to a 16 400 square metre project in moscow,0
neste oil s board proposed 1 00 eur dividend for the full year 2007 compared with 0 90 eur a year ago,1
profit for the period totalled eur 1 1 mn down from eur 1 6 mn in the third quarter of 2008,2
nita ambani becomes first woman director on reliance board,0
6 350 a difficult level for the nifty to get past mitesh thacker,2
five factors that could decide what way the sensex moves next,0
money is flowing to early cyclical plays like capital good prashasta seth,1
sell hindustan unilever with a stop loss of rs 731 mitesh thacker,2
consolidated net sales increased 16 to reach eur74 8 m while operating profit amounted to eur0 9 m compared to a loss of eur0 7 m in the prior year period,1
revenue grew 1 percent to euro742 2 million us 964 million from euro735 million,1
brazilian mobile player telemig celular yesterday announced that it has selected finnish software developer tecnomen oyj to expand its prepaid billing system,1
sales vat inclusive expanded by 19 percent to 351 million euros,1
arvind pvt ltd net profits tanks by 49 on account of exceptional expenses,2
vip industries shares spike post stellar q2 earnings show,1
colgate palmolive q3 net profit up 16 to 130 86 crore,1
business cycle in recovery mode nomura,0
on the basis of competitive bidding ooo kitai stroi the russian subsidiary of china state construction engineering corporation a construction company owned by china state has been selected as the main constructor,0
maytas infra to consider share issue july 19,0
why long term investors should stay invested in infosys,0
rubber trades in bear market as china stockpiles swell,2
dhfl net profit up 52 to rs 138 4 crore,1
broader market stocks that can rally 20 in short term,1
sparc net loss widens to rs 9 40 crore in q4,2
nifty likely to be on the downside mitesh thacker,2
the total investment in the vantaa plant extension will amount to around 10 million euro and okmetic s share of the investments will be worth around 2 7 million,0
operating loss totalled eur 0 3 mn down from a profit of eur 5 1 mn in the first half of 2009,2
the tool is a patent pending design that allows consumers to lay out their entire project on a removable plate using multiple clear stamps of any kind,0
dollar index heads for biggest weekly loss since april on us federal outlook,2
plywood and packaging stocks see upward movement on hopes that gst bill will be passed,1
street mood lifts oriental hotels,1
greenply q3 standalone net profit declines 2 82 to rs 28 54 crore,2
t nanda kumar to take over as nddb chief from february 27,0
hdfc bank q4 disappoints posts net profit of 2 327 crore,2
gitanjali gems has held on ashwani gujral market strategist,1
the company serves customers in various industries including process and resources industrial machinery architecture building construction electrical transportation electronics chemical petrochemical energy and information technology as well as catering and households,0
sbi s first bond sale botched up on regulatory order,2
kec international rallies on strong q4 results,1
bharat forge q2 profit nearly flat at rs 175 crore,0
justdial levels of rs 1000 look rich to me sudip bandyopadhyay,0
ofs technologies ipo opens on dec 28,0
correction in it a little worrying ashwani gujral,2
sell tata steel at a stop loss of rs 518 sandeep wagle,2
net sales in 2007 are expected to be 10 up on 2006,1
nikkei rises on federal reserve view industrial data gpif news,1
polaris q1 profit slips to rs 43 20 cr,2
the new units should become one of the largest ones within the company,0
gold dips on firmer equities middle east ukraine tensions eyed,2
the technology will become available to businesses from the fourth quarter nokia said,0
se asia stocks fall on growth concerns us data eyed,2
growth concerns hurt asia fx fuel price hike plan politics lift rupiah,1
max india rallies 11 hits 52 week high ahead of board meeting,1
pressure on rupee persists as geo political woes mount,2
investors pick stocks of auto companies focused on india skip exporters,0
ruchi soya q3 net up 33 35 at rs 36 54 crore,1
ashok leyland q3 net loss at rs 167 crore,0
the value of the order is eur 4mn,0
whats driving infosys to fresh all time highs,1
rising consumption to drive markets bnp paribas asset management,0
doubt on dalal street sensex sheds 518 points as fast as a bullet train,2
in q1 10 19 april 2010 finnish forest machinery and equipment maker ponsse oyj hel pon1v said today that it expects to swing to a net profit of some eur6 3 m in the first quarter of 2010 from an eur9 6 m loss a year earlier,1
new companies act may hurt non banking finance companies bond sales,2
the sellers include 40 shareholders including intellibis management employees and other investors,0
bob q2 numbers pathetic expect further downside chokkalingam,2
marico looks bullish but don t buy it sandeep wagle,2
aapl nice rsi 33 bounce at 9 58,1
gold futures discount shows signs of narrowing as duty cut hopes rise,2
united breweries input costs tn show key to profitability,1
the transaction value is cad 15 million approximately eur 10 million,0
china yuan retreats from near 5 month high versus us dollar,2
healthcare shares knock ftse after announcement of new us tax rules,2
dollar slips after weak us sales job data,2
shriram city union finance q4 net rises 21 to rs 151 crore,1
rajesh exports surges 16 on uae export order,1
prefer tata motors among largecap auto stocks p phani sekhar,1
refined soya oil futures gain 0 34 as demand picks up,1
which direction is crude oil heading to,0
it also has strong assets in electronic media employing 18 500 an increase of 9 percent on last year,1
so far norwegian norske skog has reduced the staff levels by 1 000 people and plans to reduce production by 200 000 tons in 2008 while finnish swedish stora enso is to cut staff by 1 700 people and production by 500 000 tons,2
sjvnl q3 net profit rises 10 to rs 210 93 crore,1
vaisala oyj stock exchange release 26 03 2010 klo 09 00 1 1 the annual general meeting of vaisala oyj decided on march 25 2010 to approve the company s annual accounts for 2009,0
punjab national bank q4 net dips 29 per cent at rs 806 crore,2
3 56 trillion despite spending billions to prop up currency china has biggest foreign reserves,1
stfc raises 583 cr via qip issue,1
it also said its third quarter diluted eps came in at 0 34 eur compared with 0 16 eur in the same quarter a year ago,1
most asian shares slip on anxiety over iraq dollar edges up,2
oil slid to a four year low after opec kept its oil production unchanged uso wti brent,2
akzo nobel to show higher earnings growth soon,1
strong deals crucial for wipro s growth push,0
completion of the transaction is subject to a final agreement and a due diligence process,0
added cost now at 1 54 bounce off of put oi s1 pivot moteltan bto aapl apr 27 2012 605 0 calls 1 66 for ride to 609 ish,1
operating profit margin increased from 11 2 to 11 7,1
hexawares stock falls 6 as profit growth comes under pressure,2
media firm db corp q1 net profit down 16 at rs 66 45 crore,2
in 2008 the steel industry accounted for 64 percent of the cargo volumes transported whereas the energy industry accounted for 28 percent and other industries for 8 percent,0
power plant operators surge as government plans to boost lng imports,1
earnings per share were at loss of eur0 24,2
alstom t d fourth quarter net profit falls 13 to rs 54 crore,2
wall street week ahead tech earnings take center stage next week,0
vedanta shares fall 7 on mixed production update,2
capital expenditure on energy efficiency has unfortunately fallen along with the decline in the economy,2
capman the stockholm headquartered private equity firm has held a first close on its second private equity real estate fund as it continues its push into the property sector,0
infinite computer ipo sees robust demand subscribed 43 times,1
cash flow from operating activities before investments was eur 7 6 million eur 2 5 million,0
investors sell old tax free bonds to put money in new,0
suzlon slips 10 as auditors raise red flag on companys operations,2
calculus that drives indian railways,0
demonstrations of the broad capabilities of the mobility business suite will be organized during the 3gsm world congress in barcelona from february 12th to 15th,0
most bullish stocks on twitter during this dip yhoo gdx googl stz gold ew vz celg sbux scty more,1
fii exit will not hurt nifty as retail investors take charge,1
get out of wipro ashwani gujral,2
talwalkars can retest 133 140 levels ashwani gujral,0
st petersburg oct 14 prime tass finnish tire producer nokian tyres plans to invest about 50 million euros in the expansion of its tire plant in the city of vsevolozhsk in russia s leningrad region in 2011 the company s president kim gran told reporters thursday,1
european central bank could fix euro zone flaw with risk free bond,0
besides pit produkt will enter the new segments,0
the recruits who have completed the k retailer trainee program are qualified to start a career as independent retailers in k stores,0
update 3 bp settles oil spill related claims with halliburton transocean,2
overweight on the hdil param desai angel broking,1
era infra bags rs 329 crore contract stock surges,1
commodity turnover decreases by 40 51 per cent report,2
l t has also made a commitment to redeem the remaining shares by the end of 2011,0
the sale will lead to a pretax capital gain of eur 22 million for the finnish company in 2011,1
sell tata steel with a stop loss of rs 397 prakash gaba,2
rupee hits 2 week low on defence related dollar demand,2
extremely bullish on mnc pharma space angel broking,1
tectia corporation hel tec1v a provider of real time security solutions today announced that it has appointed lan2lan a provider of it services in the uk to distribute its data security and manage file transfer software,1
ramprasad reddy to head aurobindo pharma s us based arm,0
euronext posts strongest september since 2008,1
central bank october december net declines 66 to rs 62 crore,2
how to play nifty options ahead of bihar elections and win,0
poyry s contract includes engineering management civil and detail engineering services and time scheduling and procurement services,0
tyre makers continue to face cost pressure,2
quarterly diluted eps on continuing operations came in at 0 21 eur compared with last year s 0 12 eur,1
facebook rally has analysts gasping for breath,1
raw sugar deals slow down after subsidy announcement,2
hindalco clocks 37 dip in net to rs 2 456 crore,2
rost nov 90 calls 2 08 go long until exp imo unless europeans keeps f ing around,1
niftys still holding the momentum nirmal bang,0
den networks q2 down 28 24 per cent at rs 11 18 crore,2
yhoo a breakout above 29 83 would constitute a technical entry for the short term trader,1
adani ports sez q4 net profit at rs 530 crore,0
oil pricey inputs make it a sticky affair for pidilite,2
vodafone ropes in philips president ceo as new chairman,0
f secure also point out the logical weakness in the sequenced numbers of a card approach that has apparently already been utilised,2
goodyear india q4 profit grows 71 to rs 27 60 crore,1
milestone capital withdraws ipo application,0
nordea group s operating profit increased in 2010 by 18 percent year on year to 3 64 billion euros and total revenue by 3 percent to 9 33 billion euros,1
hyundai creta compact suv first drive review,0
man infraconstruction drops 4 on promoter stake sale,2
spy vxx aapl the parties over loaded on uvxy volatility is back,2
finnish bank of land reports its operating profit rose to eur 21 3 mn in the second quarter of 2009 from eur 6 1 mn in the corresponding period in 2008,1
indiabulls housing finance q4 net up 21 at rs 367 59 crore,1
steady demand rain woes push up guar prices,1
commexes turnover dips 70 per cent,2
vaisala s board of directors will propose a dividend of 0 85 euro 1 24 per share at the company s annual general meeting,0
union budget 2012 13 power cos trading mixed on ecb fuel supply decision,0
akzo nobel india reported rs 60 89 crore pat in q1 of fy13,0
the cost of the deal could range from 70 million to 90 million euros depending on the financial results of the two companies in 2008 the statement says,0
sebi to study surveillance systems in overseas markets,0
retailers kingfisher and sports direct rise in britain s share index,1
bob q3 fy 10 profit up by 18 pc on strong growth in fee income,1
sanghvi forgings lists at rs 88 on the nse,0
support for nifty expected at 4700,0
sensex soars about 400 points makes fresh life high of 25 416,1
rice price hike to benefit krbl significantly gajendra nagpal,1
tremendous opportunities ahead to take leadership role in india s evolution umang bedi md sales and marketing adobe systems,0
selected commodities moved up,1
lakshmi vilas bank q3 net down 76 at rs 7 42 crore on bad loans,2
nucleus software q4 net dips 51 74 pc stock down,2
want to bet on infosys five reasons why you should wait and watch,0
v balakrishnan joins avekshaa technologies advisory board,0
world stocks hit one month low focus on fed,2
mcx sxccl seeks candidates for managing director ceo post,0
sateesh andra takes over as ventureast tenet funds managing partner,0
affecto has participated in the program for the development of the norwegian pension system since 2007,0
lse deutsche boerse merger would signal end to exchange mega deals,1
koff s market share of the volume of the market was 23 4 karhu s 21 4,0
lee man paper and metso have a long and prosperous co operation a good example of which are the changshu and hongmei kraftliner machines delivered earlier,1
global markets economic data will continue to be important this week,0
ocwen reaches settlement with california regulator,1
this will bring cost savings of about eur 3mn a year,1
hikal q1 net down 66 to rs 5 crore due to forex loss,2
infosys tanks 8 m cap down by rs 14 235 cr as bg srinivas quits,2
sterling slips from monday peak as inflation data dents rate expectations,2
it s a bad idea to make 5 min predictions based on faith rt dandyduct aapl sell signal hit at 584 it will go down for the next 5 min,2
phaneesh murthy appointed ceo of patni,0
obc net plummets 29 at rs 257 84 crore,2
sterling steadies after biggest daily rise vs euro since 2009,0
astral poly rocks d street by rallying over 3400 in last 5 years,1
cardamom futures fall 0 92 per cent on sluggish demand,2
airtel q1 net profit jumps 40 per cent to rs 1 554 crore,1
hindalco buoyancy in aluminium will boost realisations,1
brazil logs world s worst carry trade in 2015,2
edible oils remain weak on sluggish demand global cues,2
samvat 2071 likely to remain volatile but sensex can rally 20 in next 12 months,1
our key geographical markets are europe russian federation middle east south africa and japan,0
chances are that nifty will go towards 8650 8700 ashwani gujral,0
the offer represents a premium of 24 over the stock s closing price on friday,1
they want my credit card info and my personal details,0
bgr energy is a short sale deepak mohini,2
which sensex stocks should you bet on,0
the restructuring measures will not affect the production of packaging printing material,0
iifl executives bharat parajia h nemkumar sell shares fuels exit buzz,2
in charges of rourkela steel plant awarded for exemplary work,0
bond yields little changed buyback news to support,0
idfc lowers fii shareholding limit by 0 25 percentage points,0
smallcaps that can give good returns in near term,1
canara bank hands over dividend of rs 348 81 cr to government,0
panostaja oyj s panostaja board of directors decided on 16 december 2010 on a new long term incentive and commitment plan for members of the management team,1
lot more pain left for axis bank due to huge infra exposure hemindra hazari,2
right time to build long positions on nifty ashwani gujral,1
improved margins declining prices make cement stocks attractive motilal oswal securities,1
we succeeded in increasing our market share of sold apartment comments mr kari kauniskangas head of yit international construction services,1
ixonos has a rich heritage in developing leadership experiences in the smartphone segment,1
gur prices end steady on limited buying,0
finland s national carrier finnair plc carried a record 8 5 million passengers in 2005 an increase of 4 5 percent on the previous year the airline reported tuesday,1
hargreaves lansdown share price falls as costs mount although pensions,2
rajshree sugars q4 net profit at rs 24 41 cr stock up,1
european stock markets steady at open,0
nissan to brief on abnormal deployment of takata air bag shares sink,2
outotec s net profit for the second quarter of 2007 jumped to 16 8 mln euro 23 1 mln from 4 6 mln euro 6 3 mln a year ago,1
also in latvia we act as a partner for bakery customers in both production and product development,0
economic revival for concor anticipated limited upside for stock seen in short term,0
the capital structure of solidium may be complemented by other financial instruments in the future,0
the company said that the operations will be sold to a newly established company cps gmbh where the present management of the plastics business is a co owner,0
market is chasing anything related with gujarat or modi jagdish malkani,0
user growth for twitter starts to slow and stock dips,2
the company will use the assets for strengthening its balance sheet and financial position,1
turbulence hits aviation stocks as reform hopes fade,2
sell tata power ltd with a target of rs 79 ashwani gujral,2
china yuan eases loses 0 1 per cent on week,2
under the contract cramo sverige and its subcontractor brinkab ab will provide all scaffolding installations at lkab s new pellets plant in kiruna in northern sweden,1
4300 levels is a possibility for nifty rajat bose,1
sebi s public offer norms bat for retail investors,0
commexes asked to implement fslrc suggestion from next month,0
see a nifty upmove but not overly long sandeep wagle,0
gmdc q3 net 4 71 pc down at rs 71 19 cr,2
mrpl now a schedule a company to be entitled to more benefits,1
cipla focus on exports critical to swing in future surprises,0
exchange traded funds make an exit of rs 4 300 crore from indian equities,0
the airline was targeting travel agents tour operators and travel management companies to raise awareness first before targeting consumers he added,0
mcx plans strategic stake sales to raise rs 900 crore,0
shire to buy nps for 5 2 billion to boost rare disease drugs,1
fbr capital reiterated outperform rating on brcm with a price target of 45 00 on friday,1
bg group s shares soar more than 40 on shell deal,1
dhfl q1 net jumps 25 to rs 120 crore,1
sponda plc s annual general meeting decided on 23 march 2005 to establish a shareholders nomination committee to prepare proposals for the annual general meeting in 2006 on the composition of the board of directors and their remuneration,0
sks microfinances now the toast of smart investors,1
the company does not disclose the sum it applied for,0
surya pharma cdr fails bankers to start recovery process,2
pertti ervi is independent from the company and its major shareholders,0
kesko agro lietuva the agricultural machinery and grain trader and another member of the kesko group boosted its sales by 42 9 percent to 13 4 million euros vat inclusive,1
india incs roe may improve this fiscal,1
exports make up more than 80 per cent of our sales so the name glaston also reflects a truly internationally operating company explains kyro s president ceo mika seitovirta,0
instead elcoteq has signed a non binding letter of intent with another asian strategic investor,1
aptech s roof on the upside is 115 to 117 ashwani gujral market strategist,1
sant singh chatwal led hampshire hotels appoints new ceo,0
the acquisition of elektros pavara completes kone s market expansion strategy in the baltic countries,1
london marketwatch share prices ended lower in london monday as a rebound in bank stocks failed to offset broader weakness for the ftse 100,2
laxmi shivanand mankekar buys 6 50 lakh shares of financial technologies,1
april 14 2014 mecklai financial report on rupee,0
malaysia airlines shares fall 18 per cent after latest disaster,2
here s what to expect from hdfc q4 results net profit to grow by 6 2 yoy,1
nikkei steady as china data arrives in line with expectations,0
the company also estimates the already carried out investments to lead to an increase in its net sales for 2010 from 2009 when they reached eur 141 7 million,1
the estimated value of the deal is usd 9 2 million,0
commexes turnover in first fortnight of nov dip by 65 per cent,2
aspocomp said it will spin off its chinese and indian units and some equipment from its salo plant in finland into a newly formed unit most of which it will then sell on to hong kong listed meadville,0
oil prices down ahead of us stockpiles report,2
by combining its existing solutions into a single platform comptel said that it has reduced the cost of deployment,1
kpmg appoints samik nandi as partner of erp adivisory practice,0
8330 should act as immediate support for nifty mitesh thacker,0
ruukki romania the local arm of finnish metal producer ruukki increased its capital by 900 000 euro 1 14 mln through cash contribution it was reported on september 19 2006,1
hpcl to gain most from diesel deregulation jefferies,1
p padmanabhan takes charge as md numaligarh refinery ltd,0
aspo plc stock exchange announcement may 4 2006 at 10 00 a m an increase in the share capital of aspo plc totaling eur 1 125 60 was registered today,1
member of the hk ruokatalo group in finland scan is launching a joint venture slaughterhouse with team ugglarp in sk ne southern sweden,0
videocon d2h to file fresh draft prospectus for initial public offering,0
over 275 independent directorships vacant at nse listed companies,0
investor confidence to be back with infosys gaurang shah,1
in for a shiny coat kansai nerolac to be a major beneficiary of the expected auto sector revival,1
scanfil plc is a global contract manufacturer and systems supplier for communication and industrial electronics,0
argentine markets fall post default ny hearing on friday,2
narayana hrudayalaya ipo oversubscribed 8 63 times,1
bullish on tyres sudip bandyopadhyay,1
adp news feb 25 2009 finnish printed circuit board pcb maker aspocomp group oyj hel acg1v said today it swung to a net profit of eur 300 000 usd 385 000 for 2008 versus a net loss of eur 65 3 million,1
sundeep bhandari resigns from cairn india,0
operating profit for the 12 month period decreased from eur17 9 m while net sales increased from eur58 3 m as compared to 2007,2
rt bman1 lng looks primed also eght poised to run too,1
profit booking by institutions may have triggered steep fall in vakrangee ambareesh baliga,2
no moody s high sensex ends day 177 points up,1
hong kong shares snap 3 days of losses as global outlook improves,2
nagarjuna fertilizer can go back to rs 26 27 rcf to rs 80 ashwani gujral,0
bearish for stock markets currently sandip sabharwal,2
rajnikant patel leaves indian commodity exchange posts,0
crisil net rises 38 per cent in january march quarter,1
microsoft also churned up its courtship agreeing to use the navteq mapping service which is offered by a company nokia bought for 8 1 billion a few years ago,1
the company has the poser who wants to impress people with the latest handset,0
sell hindustan unilever ltd with a stop loss of rs 570 sandeep wagle,2
the increase range will vary up to 10,0
market report aviva tops the market as traders approve of its choice of friends,1
pnb shares down nearly 5 per cent as earnings disappoint,2
irb infrastructure rallies 4 despite reporting 24 decline in q3 net profit,1
worries mount about chinese economy three reasons why china stocks plunged 8 48,2
ex sbi chief op bhatt to join panel probing pr professional charudutta deshpandes death,0
alma media s net sales in 2009 totalled meur 307 8 with an operating margin of 13 5 per cent,0
the company said that currently the french distribution unit ragot is located in loudeac normandy the distribution unit waterqueen and line supplier tortue in saint marcel in mid france and the hook manufacturing unit vmc and hook distribution unit vmc europe in morvillars,0
10 year bonds pare gains after budget announcements,2
jyothy labs registers 89 9 jump in net profit in q2 fy15,1
in september 2010 the finnish group agreed to buy danish company rose poultry a s for up to eur23 9 m in a combination of cash and stock,1
buy ab nuvo ltd with a target of rs 1925 mitesh thacker,1
bank of america finds a 4 bn mistake suspends buyback dividend hike plans,2
analysts bearish on hindalco as jharkhand shuts bauxite mines,2
in august latvijas finieris ordered all production lines for a new green veneer mill to be built in ukmerge lithuania,0
sharp fall seen if nifty breaks 5400,2
this truly takes efficiency to new heights mr metso adds,1
remain cautious on defence stocks iv subramaniam,2
global growth concerns trim asia fx weekly gains,2
top brokers recommend subscribe to syngene international ipo here why,0
sensex loses 305 points is it the start of a market meltdown,2
indo rama synthetics q3 net profit at rs 47 08 cr,0
preview top five things to watch out for in biocons q4 results,0
startup exchange aquis to add eight new markets,0
operating profit totaled eur 18 6 mn or 8 3 of net sales,0
pfizer rallies over 6 on acquisition plans scales above rs 2000,1
also the traditional grapevine carries a lot of weight,0
sell wipro ltd at a target of rs 501 sandeep wagle,2
the new apartment block is going up very close to the city center explained chairman of the board of as yit ehitus priit sauk,0
fmc turns the heat on ucx orders a forensic audit now,0
cipla posts rs 284 crore profit for q3,1
lassila tikanoja s operating profit excluding non recurring and imputed items for the second quarter was eur11 3 m down from eur13 8 m a year ago,2
nothing much is going to happen in the midcap it space p phani sekhar,2
southern petrochemicals up 9 8 on hc nod for debt waiver,1
ramsarup industries surges on stake sale reports,1
clean chit to halol plant strategic buys key for sun pharma s future,1
expense ratio was 102 6 compared to 92 9 in the corresponding period in 2005,2
the contract was signed in august with papua new guinea based lihir gold ltd asx lgl,1
varun shipping posts net profit of rs 11 81 cr for dec qtr,0
gail q1 net drops 32 at rs 424 14 crore,2
t bill rates spurt as investors link price to term repo,1
longpos tsla 256 break out thru 50 200 dma 197 230 upper head res 274 279 short squeeze in progress nr term obj 310 stop loss 239,1
wait and watch for nbfc stocks in present situation iifl wealth,0
steady track record to drive profit numbers for shriram transport,1
capacity will ease at its seikku sawmill in pori and alholma sawmill in pietarsaari and result in 60 people being laid off for around six weeks starting mid may it said,2
cargotec s sales totalled eur 3 4 billion in 2008 and it employs approximately 11 000 people,0
based upon its unique fiber expertise and innovative approach the company has a strong market position in several business areas in which it operates,1
bearish on omcs sandeep j shah sampriti capital,2
the air traffic of finland has been in stoppage since then,2
hedge funds thrive on macro bets,1
as a result of the merger the largest professional electronics and telecommunications technology contract manufacturing center in finland will be formed in sievi,0
digjam promoters settle case with sebi pay rs 13 27 lakh,0
it major wipro slips as q1 growth lags industry average,2
the devices also contains finnair s own application for compiling customer feed back and ideas for product development,0
samvat 2071 top nine stocks for diwali 2014 by microsec capital,0
reliance industries announces 10 year us dollar bond,0
jagran prakashan best among media stocks sharmila joshi,1
stockholm based nordea bank sto nda said yesterday it had hired casper von koskull to lead its corporate merchant banking and capital markets unit effective 1 september,0
smuggling of gold sees a decline as its demand softens,2
varun berry to take over as ceo of pepsico india foods,0
nflx i say it s time to short at this point,2
gold rises 0 36 on global cues,1
waiting to see initiatives from the government for psu banks pramod gubbi,0
bosch q3 net up 30 per cent at rs 306 36 crore,1
den networks extends fall as ceo resigns stock down over 9,2
den networks rallies as rbi hikes fii investment limit,1
akzo nobel q1 net up 58 51 per cent at rs 55 18 crore,1
amtek auto effect investor confidence dampens corporate bond yields go up,2
the composite body is coated with a hard coating layer produced by thermal spraying and the coating is ground,0
wpp boosts sales despite cautious clients,1
tad bit disappointed with the revenue growth of hul kautsab pawaskar,2
aviva to raise stake in indian joint venture to 49 per cent over an attractive local market,1
clariant chemicals posts rs 166 77 crore net profit in 2013,0
nestle india slips over 1 on gross margins concerns,2
ril extends rally post gas price hike approval up 10 since june,1
cox kings q1 net dips 5 to rs 128 09 crore,2
f o tracker india vix seen in 16 22 range for nov expiry,0
oilseeds rule stable in listless trade,0
according to nordic financial group nordea s analyst sami sarkamies this makes nokia s portfolio competitive again,1
the rationalization of the operations seeks to achieve over eur 1 million in yearly savings as from the second quarter of the current financial year,1
googl hit with lawsuit from russian search engine yndx,2
deliveries have started and the network will be ready for a launch soon,1
china yuan hits 4 1 2 month high spot rate set to cross midpoint,2
hindusthan national glass industries posts net profit of rs 7 7 crore in q1 fy13,0
danske bank is denmark s largest bank with 3 5 million customers,0
according to saarioinen s managing director ilkka m kel the food industry sector has a significant excess of production machinery,0
exel composites long term growth prospects remain favourable however,1
eid parry posts rs 103 08 cr loss for apr jun,2
the diluted loss per share narrowed to eur 0 27 from eur 0 86,1
industry newsmorrisons unveils which stores will close as 900 jobs face the axe,2
4 beaten down internet companies that may be ripe for a takeover target twitter twtr linkedin lnkd yahoo yhoo groupon grpn,1
five things to watch out for in tcs q1 results,0
open offer of zuari deepak fair reasonable mcfl idc,0
sbi scales above rs 2 000 levels on 1 bn fund raising plans,1
it is positive that the company it recruited harri koponen as ceo according to affarsvarlden,0
earnings per share eps amounted to eur0 03 up from the loss of eur0 08,1
airasia shares post biggest drop in 3 years fall 7 8 after plane goes missing,2
glencore cuts 2015 budget plans to divest from lonmin,2
we have analyzed kaupthing bank sweden and found a business which fits well into alandsbanken said alandsbanken s chief executive peter wiklof in a statement,1
spy bumping its head on declining daily 8ma as overhead resistance then the big brother 50ma just above that,2
tcs biggest value creator among top it companies,1
rec gets shareholders nod to raise up to rs 42 000 crore,1
stora enso will receive a 19 9 pct equity interest in the combined company,0
industry newswolseley confident in reslilience amid mixed markets,1
nifty to get past 8000 at some point ashwani gujral,0
radico khaitan promising stock among ailing liquor space,1
multibaggers midcaps that can rally 80 150 in long term,1
gains in crude oil limited investors weigh qe3 impact,2
earnings per share were higher at 0 48 against 0 37 a year before and ahead of market consensus of 0 40 eur,1
dish tv likely to touch rs 150 160 levels in short term buy on dips ambareesh baliga,1
key shareholders of finnish it services provider tietoenator oyj on friday rejected a hostile eur1 08 billion 1 67 billion offer from buyout shop nordic capital giving new life to a possible counter offer from blackstone group lp and norwegian telecom telenor asa,1
seeing sector rotation investors realigning portfolios sanjay dutt quantum securities,0
long aapl,1
rate hike hints from rbi push bond prices up,1
panostaja owns a 68 77 pct of share capital and the voting rights of suomen helasto shares following an exchange of shares which was carried out on may 30 2007,0
siemens to delist in london and zurich indian subsidiary wont get affected,2
samvat survey d street sees sensex at 33k by next diwali,0
f o tracker foxed by market slide traders unwind longs,2
orchid chemicals rallies over 8 on usfda nod for eszopiclone tablets,1
the tanks will be delivered to a company which is currently building a chemical tank farm in antwerp northern belgium,0
finnish forest machinery manufacturer ponsse has agreed with volvo on the start of cooperation in latin america,1
some 250 people of whom more than 200 are workers will be retiring from the raahe works between 2008 and 2011,0
vw hits 4 year low as diesel emissions fallout spreads to france,2
xlf bounced off target buy area bought skf as a hedge watch 50ma s slope,2
production capacity will rise gradually from 170 000 tonnes to 215 000 tonnes,1
nucleus software s q1 net profit up 4 at rs 11 65 crore,1
the restructuring creates a more efficient organization with increased operational focus and stable profitability and leads to more efficient production said bo annvik head of specialty stainless,1
after the restructuring upm s average paper machine capacity in europe will be 320 000 tons 350 000 short tons in coated magazine paper and 420 000 tons 460 000 short tons in coated fine paper,0
brent crude oil slips towards 92 on weak german industrial data,2
atul auto will find resistance around rs 128 130 ashwani gujral,0
high 5 reasons why bears not bulls should be smiling,1
india bonds dip after janet yellen speech,2
tesco breaks its downward slide by cutting sales decline in half,1
united breweries gains 28 in four days on bourses valuations look stretched,1
jubilant foodworks slips 4 as fii holding hits trigger limit,2
short covering ahead of q3 results lifts maruti,1
narayana murthy effect infosys volatility falls below 40 lowest in past several quarters,2
gail standalone net profit at rs 3561 cr stock up,1
eid parry december quarter consolidated net profit at rs 15 15 crore,0
force motors appoints naresh rattan as coo of tractor biz,0
bharat linked stocks can become multibaggers experts,1
in april 2010 olvi s range of ciders will expand with a strawberry rhubarb and an apple pear cider in green bottles with a new shape,0
jd down 20 in after hour market anyone care to explain why,2
sebi wants companies to adopt dividend distribution policy,0
about stonesoft corporation stonesoft corporation omx sft1v is an innovative provider of integrated network security solutions to secure the information flow of distributed organizations,0
heard on the street glodyne technoserve soars on 3k order,1
the 19 200 square metre technology center is located near university of tampere in central tampere,0
future retail files papers for rs 1 600 cr rights issue,0
sell itc at a stop loss of rs 349 vijay bhambwani,2
rallis india shares tank over 6 on weak q2 results,2
sebi to revisit policy on proprietary trading by brokers,0
special dividend for reliance capital shareholders anil ambani,1
cisco names dinesh malkani new india sales head,0
our customers come from the following countries uk usa spain france italy germany china sweden norway netherlands austria belgium switzerland czech republic serbia finland canada russia ukraine portugal denmark ireland south korea estonia and liechtenstein,0
in january september 2007 the group s net sales from continuing operations rose to eur 213 1 mn from eur 172 6 mn in the corresponding period in 2006,1
step aside as far as cement space is concerned vineet bhatnagar,2
hospitals may get a rerating stocks rally,2
exide industries hits 52 week high post q1 results,1
recovery has been evident in the liquid handling business particularly in areas outside europe and primarily in north america and asia,1
stock specific action likely all eyes on bank nifty,0
midcaps likely to outperform market in coming weeks ashwani gujral,1
pia singh buys over 1 31 crore dlf shares for rs 194 crore,1
rbi agility helps tame money market volatility,0
european shares held back by weak german data,2
apple s freshly split shares climb on iphone 6 hopes,1
ruukki group calculates that it has lost eur 4mn in the failed project,2
indian register of shipping appoints new executives,0
guarseed futures weaken on profit booking subdued spot demand,2
tube investments set for upgrade after insurance jv stake sale,1
boc india delisting plan fails stock down,2
initiate fresh long trades on essar oil devang visaria,1
food corporation of india sells 1 54 lakh tonnes of wheat via nspot so far,0
turmeric turns gold ap farmers snap up cars,1
each year personal entertainment plays a more significant role in determining whether a fitness facility s workout experience is pleasurable or a chore said brian wilson director of marketing for precor s entertainment services division,0
mmtc zooms 21 on bonus issue stock split plans,1
nabard plans to raise rs 5 000 cr via tax free bonds,0
the pipeline is strong,1
ht media overseas arm picks up 5 per cent stake in dealstreetasia,1
brent near 13 month low below 103 on brisk supplies,2
rbs chairman admits surprise at size of regulatory penalties,2
the engine has an electrical output of 18 321 kw making it the largest gas powered generating set in the world,0
in the third quarter of 2010 net sales increased by 5 2 to eur 205 5 mn and operating profit by 34 9 to eur 23 5 mn,1
sell indiabulls housing finance with a target of rs 540 mitesh thacker,2
cautious on metal stocks iv subramaniam,2
government sells 9 stake in axis bank shares fall 3,2
open interest on ncdex up 31 in august,1
finnair s total traffic decreased by 8 7 in terms of revenue passenger kilometres,2
aurionpro appoints three independent members to its board,0
the finnish daily kauppalehti surmises that finnish supplier rautaruukki has raised its prices above aker s comfort zone,2
organic growth for techm unlikely to pick up in next 2 3 quarters sabharwal,2
far left victory in greece bruises european markets,2
kalindee rail promoters plan to hike stake to avoid take over,1
cash flow from operations rose to eur 52 7 mn from eur 15 6 mn in 2007,1
not keen on trading in nifty will range between 7600 and 7730 sandeep wagle,0
deepak fertilisers drops nearly 3 per cent as govt stops domestic natural gas supply,2
amara raja batteries q4 net profit surges 27 74 to rs 102 26 crore,1
how sensex moved in the last five rbi policy review meetings,0
the number of bodily injury cases quadrupled in 2000 2006,2
tesco set to sell kipa giraffe businesses sky news,2
nordea s chairman of the board hans dalborg has informed the nomination committee that he will not be up for re election at the annual general meeting in 2011,0
includes company and brand share data by category as well as distribution channel data,0
onmobile appoints sanjay bhambri as regional vp,0
dalmia bharat may become frontline cement stock within 12 months mehraboon irani,1
mcafee announces anand prahlad s appointment as head of india operations,0
volc this stock has a very very very very very high probability of rallying tomorrow and or early next week,1
all reproduction for further distribution is prohibited,0
slightly bullish on ongc at this point ambareesh baliga,1
shaking up the management what is in store for standard chartered,0
brent falls below 113 set for biggest weekly drop since january,2
lloyds loses attempt to buy back bonds and save 1 5 billion,2
pressure on nifty may stay for a while deepak mohoni,2
top ten midcap stocks which more than doubled investors wealth in 2014,0
genesys international shareholders nod for raising rs 150 cr,1
forex losses trim 8pc of nifty companies profits crisil,2
natco pharma rallies over 8 as us court rejects stay request on copaxone,1
aditya birla nuvo q2 net increases 2 2 pc at rs 290 15 crore,1
tietoenator itself uses nokia s intellisync mobile suite s wireless email calendar and device management capabilities and the company will now extend these services to its customers,1
costlier oilmeals not palatable to key global consumers,2
everstone names l brooks entwistle as group ceo,0
the customers will have an access to integrated propeller and gear packages from one source,0
china stock offers to resume next week companies,0
bosch automotive business pulls down revenues and profits,2
petrol price hike is definitely on the cards sethuram,1
coriander futures down 0 83 on subdued spot demand,2
according to the original merger plan scanfil would get a 79 stake in the combined business,0
operating profit decreased to eur 11 2 mn from eur 16 6 mn,2
sales came in at 241 mln eur compared with 211 4 mln and also beating consensus forecasts of 235 mln eur,1
claris to buy back 14 49 per cent stake for rs 231 25 crore,0
the newly completed allure of the seas and its identical sister ship oasis of the seas which was completed last year are the world s largest cruise ships,0
helsinki afx nokian tyres reported a fourth quarter pretax profit of 61 5 mln eur up from 48 6 mln on the back of strong sales,1
eqt has completed its exit from salcomp a finnish company that makes mobile phone chargers by selling its remaining stake to swedish investment group nordstjernan for about euro 35 million 47 million,0
after the transaction m real will own 30 in metsa botnia and upm 17,0
under the deal know it will pay sek90m usd12 8 m eur8 6 m in cash and stock,0
the gypsii mobile social networking application is available in china with both chinese and english language support,0
spicejet surges over 3 pc on stake sale report,1
gsk consumer healthcare q2 net up 9 at rs 160 29 crore,1
cnx it may today break above the 200 day average mitesh thacker,1
tight supply lifts mentha oil futures up 0 53 per cent,1
force motors soars 4 post 65 jump in q2 profits,1
fed s stand on interest rates could be biggest global macro turbulence causer in near term arvind sanger geosphere capital management,0
net loss in the same period in 2009 was euro18 6 million,0
biohit already services many current genesis customers and the customer base is expected to expand as a result of this agreement,1
key consequences of china s stock market crash by citi research,0
regulatory relief exports boost wockhardt shares by over 30 per cent,1
britania industries q3 net up 62 1 at rs 100 56 cr,1
rising demand lifts chana futures by 1 61,1
iifcl to raise up to rs 1 200 cr from infra bond issue,0
xlb the weakest sector this year and possible false breakout,2
buy glenmark pharma with a target of rs 834 sandeep wagle,1
metal stocks shine after price hike but experts are giving a dull outlook,0
select base metals drop on global cues,2
dabur has been looking strong ashwani gujral,1
secular rally in cyclicals coming to an end prateek agarwal ask investment manager,0
trent to raise up to rs 250 cr through shares sale,1
asia tentative awaits word on us federal reserve rate outlook,0
coriander futures gain 2 42 pc on rising demand,1
euro lower against dollar on profit taking,2
hero motocorp october sales declines 8 stock down,2
fiis august selloff biggest since january 2008,0
half a dozen hopefuls line up for uti mutual funds top post,0
uk ftse hits five month low on greek impasse us rate fears,2
do not expect to see change in psu bank fundamentals soon prashasta seth,0
at the end of march 2009 the company s loans amounted to eur 10 113 mn,0
nbfc space looks attractive but valuations are fairly stretched anand tandon,1
commexe turnover drops by 59 per cent in april august,2
aapl action into the close indicates that aapl probably hit a near term high momentum slowing after a huge run,1
onmobile loses steam on bourses as losses from livewire drag down consolidated profits,2
betting on dividend yields top ten stocks that can counter market volatility,0
gitanjali gems q3 net declines 70 6 at rs 50 46 cr,2
court decision positive on mcx r balakrishnan,1
both operating profit and net sales for the 12 month period increased respectively from eur21 5 m and eur196 1 m as compared to 2005,1
entity registered as broker cannot act as merchant banker sebi,0
the insurance division turned a eur120m profit,0
this is due to the postponement of the decision making of projects in the negotiation phase from the earlier estimation,0
macros stealing modi thunder on d street sensex hits life high,1
genpact ups sales forecast from 13 to 25 beats street with sales of 336 mn,1
the businesses to be divested offer dairy edible fats ready meal and ice cream packaging to multinational and local customers,0
would look at shorting opportunities in banks mitesh thacker,0
sebi to revamp initial public offer process,0
finnish metal products company componenta oyj net profit rose to 26 1 mln euro 35 9 mln for the first quarter of 2007 from 5 3 mln euro 7 3 mln for the same period of 2006,1
marico fourth quarter net profit drops 20,2
mphasis q1 net profit declines 2 per cent to rs 180 6 crore,2
hike in cigarette prices to offset fall in volumes valuations looks attractive for itc mayuresh joshi,1
i am very pleased and proud of our performance last year chief executive juha rantanen said in a statement,1
by 2030 nifty will hit 1 25 000 says ace investor rakesh jhunjhunwala,0
promoters have full faith jaiprakash associates says warding off rumours,1
market may remain sideways 8 150 8 200 range holds the key ashwani gujral,0
market is getting ready for a big move ashwani gujral,1
symantec appoints sanjay rohatgi as president of india sales,0
see 15 20 upside in maruti hemang jani,1
the negotiations concern personnel of cencorp corporation and singulase oy as whole in finland and in sweden the company said,0
gokul posts fy 11 net profit at rs 61 7 crore,0
rt cash cow tlt still has a rising rsi macd all this bond buying is signaling some bad moves for the market spy uup,2
infy q3 net profit rises 2 7 at rs1582 crore,1
the result will also be burdened by increased fixed costs associated with operations in china and restructuring costs in japan,2
the fixed acquisition price amounts to nok 70 approximately eur 8 7 million and additional price nok 15 eur 1 8 million at maximum,0
edible oils recover on millers buying global cues,1
principal mf appoints pvk mohan as head equity,0
bse resumes trading after tech glitch top 20 trading ideas,0
cnx it likely to head towards 11750 11800 levels mitesh thacker,1
lnkd daily phase 2 retest price experiencing early rejection can it retest,2
marked improvement across segments agri space just one of them pankaj pandey icicidirect com,0
budget 2012 stt cut rajiv gandhi scheme are small but key steps says rashesh shah edelweiss group,0
alibaba set to price ipo shares amid investor frenzy,0
dopplr members share personal and business travel plans privately with their networks and highlight interesting places to stay eat and explore in cities around the world,0
ponsse plans to create a network that is based on strong partnership and participates in the production of larger entities than presently,0
sebi directs banks to defreeze accounts of somanis,0
dhanlaxmi bank board orders 3 year expenditure audit,0
one of the installed elevators will be a double deck elevator which enables more efficient use of the building s core space,1
iifcl plans to raise rs 1 200 cr from tax free bonds,0
fdi row leading retail stocks make gains despite govt move,1
bata india is a buy deepak mohini,1
first industrial will seek leed designation for uponor s new building and a 282 000 square foot speculative distribution center at first park lakeville,0
reforms planned by the government will have a strong bearing on the market vinay khattar,0
mid caps lose sheen as em currency rout takes a toll,2
mr skogster currently serves as the manager responsible for abb oy s system modules for low voltage drives,0
commencing the construction works of pearl plaza is a significant step in our russian projects,1
the companies expect the first orders already in 2011,1
operating profit improved to eur 20 3 mn from eur 11 4 mn,1
advise avoidance of both private and psu banks saurabh mukherjea,2
royal exchange appoints mukesh malhotra as new group head,0
the company slipped to an operating loss of eur 2 6 million from a profit of eur 1 3 million,2
the share subscription period for c options will commence on 1 september 2008 and expire on 31 march 2011,0
shri lakshmi cotsyn march qtr net up 9 05 to rs 27 70 cr,1
psu sector riding on size and liquidity dilip bhat,0
the board of directors has proposed the extraordinary general meeting to authorise the board to decide on the issuance of a maximum of 30mn new shares in one or more share issues,0
spices sizzle on bad weather,1
rt stockdemons think shorting here into close might be play spy high beta reversing looks worth a shot,2
ponzi schemes sebi seeks quarterly meetings of state panels,0
expect nifty to hover around 5950 6100 levels mitesh thacker,0
in addition a reduction of nine persons will be made through pension or other arrangements the company added,0
pfizer q1 net profit dips 3 at rs 46 crore,2
cholamandalam gets board approval for raising rs 500 crore,0
rallis india q3 net profit up 38 at rs 30 39 crore,1
you re not alone,0
iob rises over 17 as q4 net sees 4 fold jump experts up bets see 27 upside,1
the site will cover over six hectares,0
cipla q4 net down 22 33 per cent to rs 214 cr,2
gati slips 6 on dissapointing q2 numbers,2
risks factored in markets to remain upwardly bound,1
mm forgings at 20 upper circuit on strong q1 results,1
bond yields inch lower to 7 96 seen range bound,1
as pessimism spreads nifty to correct further say traders,1
advanta rallies over 12 as q3 net profit grows to rs 25 42 crore,1
vodafone gets ready for ipo of indian arm,0
3rd red day in a row tsla,2
rbi surprises street sensex pares gains after hitting mount 30k,2
china to open up futures market to foreign investors via free trade zones csrc,0
bafna pharma surges over 8 on stake sale reports,1
sanjiv mediratta joins amalgamated bean coffee trading company,0
aspo s net sales in 2006 totaled eur 225 9 million,0
eur 220 million of the transaction consideration was paid in the form of four year interest bearing vendor notes,0
onmobile appoints ceo rajiv pancholy as managing director,0
hindalco bags one more coal mine in auction stk gains,1
two senior executives quit huls modern trade division,0
medium sugar advance on better demand,1
the company s model is based on developer contracting construction projects and customer focused project management,0
ashoka buildcon shares surge over 15,1
zinc futures decline 0 61 per cent on subdued demand,2
pulse prices show a mixed trend,0
financial tech bahrain arm starts ops,0
berger paints with major capex out of way and better reach it s a long term bet,1
sks microfinance ends 4 higher as q4 net profit jumps to rs 40 54 crore,1
potential defect with third row seat belts tesla motors recalls 2 700 model x suvs tsla,2
indices unlikely to see major correction gaurang shah geojit bnp,0
ruling sets lower limit on potential fine for bp,2
stockmann mastercard has widened the scope of this cooperation to estonia and latvia,1
itc s profitability at the net level was disappointing avinnash gorakssakar,2
jagran prakashan q2 net up 10 at rs 55 50 cr,1
foreing money inflow a positive developlment hemang jani sharekhan,0
aurobindo pharma rallies 3 on usfda nod to market generic anti infective drug,1
nbcc bags rs 231 crore order stock rallies,1
city union bank set to report strong income in next few quarters,1
persistent systems performance based on a good manegement and business model kunj bansal,1
the compnay also said that it would lower the price of development projects by about one third compared with last november,0
do not prefer polaris at current valuation sudip bandyopadhyay,2
jewellers expect gold demand to grow this dusshera diwali,1
karur vysya bank q3 net profit rises marginally to rs 113 88 crore,1
deutsche bank uses utis deemed fii status to buy bonds,0
positive momentum to stay intact nifty to test 8 865 levels mitesh thacker,1
promoter group pares 3 24 stake in kotak mahindra bank,2
platinum hits 2 month high as strikers block south african mines,1
britannia q3 pat declines 36 9 pc to rs 29 1 cr,2
rautaruukki said construction group yit has awarded it a 2 5 mln eur contract to supply the steel structures for a new bridge spanning the kemijoki river in northern finland,1
nsel scam high court appoints fact finding panel to monetise and sell assets of defaulting parties,2
raghuram rajan s rate cut talk fails to cheer markets sensex plunges,2
earnings of it companies to hold on to current level kunj bansal,0
welcome samvat 2072 sensex ends 124 points higher top 10 wealth creating ideas,1
zee entertainment q1 net profit up 16 at rs 243 crore,1
network18 names anuj gandhi as group distribution director,0
f o tracker nifty likely to trade in 8650 8280 zone,0
mid sized it firms may post moderate growth in june quarter,1
six event risks to track which may impact markets in near term bofa ml,0
4450 to 4480 may be next support range for bank nifty mitesh thacker,1
here are top five stock ideas by kunj bansal centrum wealth management,0
icex faces uncertain future trading suspended for over 12 months,2
do not see ranbaxy crossing rs 450 sandeep wagle,2
venus remedies q2 net up 4 5 pc to rs 11 5 cr,1
lifetree was founded in 2000 and its revenues have risen on an average by 40 with margins in late 30s,1
73 is the level to watch out on lanco infrastructure kunal saraogi technical analyst,1
operating profit totalled eur 7 0 mn up from a loss of eur 4 0 mn in the second quarter of 2009,1
philippines san miguel says to partner with kirin if it bids for sabmiller s,1
buying metal stocks tend to be fairly risky nine rivers capital,2
further clarity on subsidy sharing mechanism to rerate omc stocks deven choksey,0
seven rules for investing in penny stocks,0
insecticides is a strong stock deepak mohoni,1
mphasis continues rally post bright q2 nos change of directorate,1
silver falls 0 55 on profit booking global cues,2
mecklai financial report september 11 2014,0
we can say that the number of deals has become normalized by the moment and therefore we have decided to devalue our apartments now on sale he added,2
sarantel based in wellingborough uk designs high performance antennas for portable wireless devices,0
opening of saudi stock market to boost mena region,0
teleste bk optiflex amplifier products will be used in ongoing capacity upgrade of kdg s network to bi directionality,0
bilfinger investors cheered the agreement pushing shares up 7 or euro 3 30 to euro 50 29 in afternoon trade,1
fullerton india credit q1 net jumps 51 pc to rs 43 crore,1
institutional investors buy hdfc warrants in hordes bet prices to rise quicker than shares,1
market share decreased on the route between helsinki in finland and tallinn in estonia by 0 1 percentage points to 24 8,2
lic offloads two per cent stake in bharat forge for rs 151 crore,2
the company will also be compensated for acting as a reserve batch plant,1
profit after taxes for the period was up to eur0 9 m from eur0 01 m last year,1
changes being announced today will be effective after the close of trading on friday june 19 2009,0
price talk is in the mid market swaps plus 105 bps area and the leads are barclays bnpp ubs and cba,0
the annual general meeting approved that the yearly remuneration for the members of the board of directors shall remain at eur 40 000 for the chairman of the board eur 30 000 for the deputy chairman of the board and eur 20 000 for other members of the board,0
icici bank q2 pat grows 15 1 yoy stock slips on asset quality concerns,2
next stop for the nifty could be around 7500 7480 downside mitesh thacker,2
chambal fertilisers may slide to 68 69 levels mitesh thacker,2
nsel borrowers channelled funds to dubai police,0
consumer stocks may feel the heat of sectoral churning nirav sheth,2
the new location is n t the only change wellmont has in store for its air transport service,0
wall street rebounds erases week losses with russia news,1
tribhovandas bhimji zaveri posts net profit of rs 162 69 million in q1 fy 2013,0
china eurozone tremors shake indian blue chips domestic worries spark fears of fiis exit,2
maize futures up on speculative activity,1
the price of the 10 000 kroon par value bonds was 9663 51 kroons in the primary issue,0
bearish on bajaj auto ashwani gujral,2
four reasons sensex tanked over 400 points intraday,2
suzlon energy rallies 57 in june is it a good time to buy,1
tough for godrej properties to cross rs 680 685 mitesh thacker,2
csx another strong rail today after breaking intraday resistance at 1 9 80,1
jbcpl stock suffers drastic dip post j j deal co to grow other biz with sale proceeds,2
euro hit by concerns over tougher russia sanctions diverging rate outlook,2
nsel follows govt diktat modifies contracts as per law,0
srv lowered its net sales estimate for the whole of 2008 due to uncertainties in housing sales,2
kaukopartio oy has acquired specialized knowledge in far eastern operations and industrial sourcing services are their core competence,0
very bullish on rcomm devang visaria,1
nordea s definitely too big for sampo to acquire said an analyst but sampo would appear to have an agenda for nordea ahead of the privatisation,0
top bse stakeholder urges fm arun jaitley to review exchange norms,0
the study evaluated the safety tolerability and pharmacokinetics of repeated doses of intravenously administered antibody in 26 patients with active plaque psoriasis,0
operating profit in the fourth quarter fell to eur33m from eur39m a year earlier,2
africa to weigh on bharti airtel s earnings near term,2
investment management and investment advisory services are the company s sole line of business,0
crude oil futures down on weak asian cues,2
gitanjali gems q2 net plunges 75 pc to rs 37 82 crore,2
see positivity around psu stocks at this point of time nandkumar surti,0
bloodbath on dalal street but do not short markets say analysts,0
sugar is losing fairly quickly ashwani gujral,2
fertiliser comapanies gain on government s urea decontrol talk,1
a look at how federal reserve decision is going to affect dalal street,0
symphony shares surge 5 on strong quarterly results,1
ultratech q2 net rises 55 per cent to rs 410 crore,1
according to the company the lay offs will be temporary,0
nifty seen in a tight 6000 6300 range,0
qpr product family is fully compatible with microsoft s windows 7 operating system,0
micromax launches canvas pace 4g q416 priced rs 6 821,0
operating loss was eur 179mn compared to a loss of eur 188mn in the second quarter of 2009,1
iff technical alerts stochastic sell signal 200 dma support and 50 dma support,2
crisil net profit declines to rs 49 57 cr in march quarter,2
berling capital umo capital and veikko laine are the biggest shareholders in amanda capital,0
no sustainable competitive advantage in airline industry,2
sell lupin ltd with a stop loss of rs 1360 mitesh thacker,2
nifty can slip to 8 200 levels sandeep wagle,2
dhanuka agritech q3 net profit up 82 at rs 21 27 crore,1
stay underweight on it sector says dipan mehta,2
festive time jewellery makers rally upto 48 ahead of diwali,1
nasdaq to settle facebook ipo lawsuit for 26 5 million,0
psu banks join party bank nifty hits all time high,0
the second company acquired is sweden s reftele maskinservice ab whose business is mainly field services and spare parts manufacturing with 10 employees and 1 2 mln eur sales a year,0
2014 lok sabha elections retail investors make hay as stocks soar on narendra modi wave,1
wary of midcap stocks amid economic slowdown hemindra hazari,2
bhushan steel posts rs 141 63 crore loss in q1,2
at wipro growth remains a mirage,2
the proposed consolidation activities will impact approximately 30 positions,0
aviation turbine fuel dollar hits where it hurts the most,2
drug major ranbaxy beats expectations posts first profit in 6 quarters,1
jyotivardhan jaipuria leads exit of senior analysts at bofa ml,0
at this stage a maximum of 60 000 tulikivi series a shares will be acquired representing about 0 16 per cent of the company s shares outstanding,0
kalmar has been awarded a new 5 year contract to supply its rough terrain container handler rtch,1
cummins india surges 7 on q1 earnings,1
not in a hurry to recommend bhel on fundamental basis mehraboon irani,0
one of my colleagues summed up the e7 quite aptly when he remarked fantastic hardware,1
exposure to industry makes icici bank unattractive to investors deepak shenoy,2
praj industries announces to buyback shares of rs 62 07 lakh,1
update 3 auto trader shares leap in uk s biggest private equity backed listing,1
stable anchor investors comfort the retail investors in ipo gajendra nagpal unicon financial solutions,0
other shareholder entitlements became effective today,0
tweeple should check who s following them and be cautious when clicking on urls and tinyurls,0
finnish suominen corporation that makes wipes nonwovens and flexible packaging expects changes in the market situation to reduce sales of suominen s nonwovens and wet wipes from the previously estimated volumes,2
sebi notifies norms for research analysts,0
hdil q2 net profit down 70 at rs 42 7 crore income up 66,2
torrent pharmaceuticals q2 net zooms three fold to rs 568 crore,1
jsw steel raises 500 million though forex bonds,1
will the nifty start moving upward,0
air india bond sale extended to september 26,0
spy weak close,2
cil net profit rises 7 85 in q1,1
smaller stocks doing well ashwani gujral,1
bsnl ipo may happen next fiscal disinvestment secretary,0
it is the first application in the market for invoice and purchase requisition approval with a mobile device,0
smaller names in pharma space may have good strides prakash diwan,1
finnish bank of land reports its operating profit fell to eur 4 9 mn in the third quarter of 2007 from eur 5 6 mn in the third quarter of 2006,2
euro slides to 11 month low against yen volatility rises,2
lacklustre nifty ends below 5250,2
2014 a year for midcaps do you have a strategy,1
asia shares score 3 year high as data cheers,1
results announcement ntpc asks directors not to trade in its shares,0
hsbc hit by fresh details of tax evasion claims,2
erratic gas supply hits assam tea production,2
the company said that the fall in turnover had been planned,2
rivals say qualcomm has fewer patents on 3g phones than on earlier versions and should lower its rates,2
analysts stay bullish on wipro post results raise target price,1
general electric to sell 12 billion worth equity business to exit from banking sector,2
saatchi saatchi adds creative muscle with new appointments elevates mithun mirji to singapore for a newly created role,1
ceo of the company tarmo noop said the growth in the sale of premium beers was the biggest,1
crisil s net profit up 18 at rs 70 92 cr in december quarter,1
vehvilainen who is currently the chief operating officer at nokia siemens networks will join finnair on 5 january 2010 and take over as ceo effective 1 february 2010,0
sell maruti suzuki with a stop loss of rs 2970 mitesh thacker,2
hmt plunges 10 as government decides to shutdown sick psus,2
srei infra slumps on low valuation of american tower viom deal,2
sterlite technologies jumps 8 after modi tweet,1
yes bank falls nearly 3 after msci excludes from indexes,2
expect moil cash reserves to match its mcap in 2 years g chokkalingam,0
near term bottoms of nifty shifting higher,1
operating loss before non recurring items was eur 0 9 mn compared to a profit of eur 11 5 mn in 2008,2
teliasonera said about 100 million will be invested in the next year in the region to bring mobile coverage to about 90 of nepal s population,1
ksk energy likely to give good returns,1
broker tips rbs croda sage,1
panel to monitor food futures,2
foreign guar gum buyers return after prices crash by more than 50 per cent,1
finnish technology company raute corporation omx helsinki rutav issued on tuesday 23 september a profit warning for the financial year 2008,2
next couple of days will indicate direction for markets ashwani gujral,0
the company plans to close two of the three lines at the plant where some 450 jobs are under threat,2
former idea cellular md sanjeev aga joins board of subex,0
muthoot finance promoters may dilute stake by 10,2
sales have risen in other export markets,1
tata group eyes 350 billion market cap by 2025,0
state owned banks start a bond fire with a flurry of issues,0
bhel good show in fy13 but far from best,0
the price of raw material aluminium went up at the end of 2005 but the company considers its outlook for 2006 favourable,1
scanfil holdings include 100 of contract electronics manufacturer scanfil ems group,0
dr reddy laboratories reports 17 net profit drop in july september quarter spent 12 of revenues on r d,2
mundra port s net profit up at rs 228 46 cr stock down,2
cairn india falls post q1 results loan to vedanta,2
continue to buy till nifty breaks 8090 8100 levels mitesh thacker,0
two wheeler stocks to remain under pressure on fall in rural spending hemindra hazari,2
construction is expected to be completed in the summer of 2011,0
the period s sales dropped to eur 30 6 million from eur 38 3 million according to the interim report released today,2
interglobe aviation s rs 3 018 crore ipo over subscribed by two times on day 3,1
amrutanjan healthcare q3 net grows over 2 fold,1
aia share sale set to be world s second largest ipo of the year,0
strides q4 profit jumps 47 fold to rs 3 525 crore on investment sale,1
calculus indusind bank plays it right with auto loans,1
finnish lifting equipment maker konecranes oyj said on july 30 2008 that its net profit rose to 71 2 mln euro 111 1 mln for the first half of 2008 from 57 1 mln euro 89 1 mln for the same period of 2007,1
underweight on banking stocks manish kumar,2
anoop kumar gupta appointed director electrical of dmrc,0
se asia stocks mixed weak us data earnings weigh on region,0
aegon religare life insurance names k s gopalakrishnan as md ceo,0
colgate palmolive india appoints prabha parameswaran as md,0
the estimated turnover of the new company is lvl 2 5 million eek 40 million,0
q4 earnings ril s profit jumps up 32 pc on rising refining income,1
dhunseri petrochem and tea posts q4 pat at rs 25 08 crore,0
amd big dumping would not touch it for a while,2
better coordination needed to check ponzi menace uk sinha sebi chief,0
with unique business model repco to benefit from economic recovery,0
what dipen shah says on infosys results,0
4900 4930 support level for nifty devang visaria,1
nickel recovers on global cues,1
colgate palmolive india q2 net up 21 per cent at rs 157 crore,1
any declines on indiabulls finserv a buying opportunity rajat bose,1
however the bottom line result improved thanks to positive financial items,1
operating result for the 12 month period decreased from the profit of eur0 4 m while turnover decreased from eur5 6 m as compared to 2004,2
ramco systems rallies 20 on strong q3 results,1
stock buzz sun pharma may face resistance at current levels,2
nomura s top five largecap picks in an uncertain market,0
investors can use intraday dips to buy into markets mitesh thacker,1
aban has the potential to go beyond 840 sandeep wagle,1
very bullish about current market scenario taher badshah,1
hdfc bank gains msci changes become effective,1
advani hotels locked in upper circuit up 20 hits 52 week high volumes surge over 1000,1
harju elekter was founded in 1968 and is the leading producer of electrical equipment and materials in the baltic states,0
techm s q2 numbers meet expectations but earnings downgrades likely girish pai,2
trade 9 markets kick off new year with 20 mth high,1
agm can open new chapter for ril shareholders,0
indian cashew exports to touch new high this fiscal,1
wall street ends flat in earnings data lull,0
sales in finland rose by 3 9 and international growth was 0 7,1
brent holds near 106 after ample supply pulls down prices,2
forward markets commission unveils uniform norms for accreditation of warehouses,0
investors should opt for higher exposure to psu banks kunj bansal,1
steel prices remain quiet in tight movements,0
the potential acquirer is cencorp corporation which is a related entity to sav owing to each of sav and cencorp being a subsidiary of the finnish savcor group oy,0
tci unit demerger may shore up income,1
kemira s partner in the project is st petersburg water works,0
oriental bank of commerce posts q4 net loss at 178 crore,0
chana price rises by 0 38 per cent as demand picks up,1
ivrcl debt pile slow progress of projects weigh down the company,2
central bank december qtr net falls 65 to rs 62 crore,2
finnish software company qpr software plc omx helsinki qpr1v reported on thursday 23 october an operating profit of eur63 000 on net sales of eur1 5 m for the third quarter 2008,0
chana futures down on profit booking,2
cash flow from operations in january december 2008 was a negative eur 18 1 mn compared to eur 39 0 mn in the corresponding period in 2007,2
united spirits q3 net declines 19 at rs 65 cr,2
simmons elected dcuc chairman portsmouth n h gordon a simmons ceo of service credit union has been elected chairman of the defense credit union council for the 2007 2008 term,0
disturbance in saudi oil space can cause market fall ambit capital,2
brokerages lower itc target price as q3 results disappoint,2
unitech to sell non core lands to cut debt stock up,1
rakesh jhunjhunwala to invest in next mediaworks subsidiary stock surges 60 in six sessions,1
the most interesting export markets will be russia the baltic countries and scandinavia,0
amara raja batteries q1 net up 8 to rs 106 crore,1
technofab engg fix ipo rate at rs 230 240,0
market movers top 5 policy triggers government initiated in november,0
book profits as nifty crosses 7800 levels ashwani gujral,2
some of the most recent technology deliveries include refinery technology to anrak aluminium an iron ore pelletizing plant to tata steel and iron ore sintering plants to bhushan steel,0
finnish sports equipment maker amer sports oyj hel ameas said today that its net loss narrowed to eur 16 9 million usd 22 3 m in the second quarter of 2010 from eur 23 2 million in the corresponding period a year earlier,1
london copper near 6 year lows plunge in miner shares spooks market,2
perpetual bonds are quite a hit with investors in rate cut season,0
gmr infrastructure to raise rs 4 000 crore in a year by selling projects stake,0
sony shares plunge 12 on ballooning loss forecast,2
jagran prakashan reports q2 net profit at rs 91 27 crore,0
psu stocks look extremely attractive on hopes of reforms to be brought in by the new govt arindham ghosh,1
reliance communications closes share issue promoters subscribe at rs 150 apiece,0
government begins search for new members for securities appellate tribunal,0
karur vysya bank rallies over 2 on share sale plan,1
outotec oyj press release december 4 2009 10 30 am outotec establishes a new subsidiary in kolkata outotec has established a subsidiary in india in order to better serve its indian customers and to increase its business in the growing indian market,1
range bound markets help consolidate hdfc standard life,0
sebi may soon make brs mandatory for top 500 companies,0
elder pharma slumps after company says facing severe financial crunch,2
immediate target is around 3400 in sbi prasad kushe technical analyst,0
endp being sued by ftc nobody will buy them with that hanging over their heads,2
amanda said that it had already made a usd5 0 m investment commitment in russia partners ii fund in july 2005,0
what would you like to see changed on nokia s next attempt,0
goldman sachs prices 30 year 974 million bond in taiwan sources,0
venus remedies rallies on getting marketing approval in switzerland,1
the acquisition will considerably increase kemira s sales and market position in the russian metal industry coatings market,1
china yuan rises to 2 week high outlook brightens,1
smallcap capital goods stocks finding favour with investors harendra kumar,1
spy tomorrow party time for the bears goog and msft 5 5,2
next year is going to be phenomenal for indian equities vikas khemani,1
loading spy and aapl puts think were toppy imho,2
sabmiller revenue hit by weaker em currencies,2
ravi venkatesan steps down as microsoft india chairman,0
sell federal bank with a target of rs 70 mitesh thacker,2
hdfc seeks to raise rs 1000 crore via bonds,0
ttk prestige q2 net profit slips to rs 27 98 crore,2
exit of hot money could put pressure on rupee,2
ongc videsh h1 profit rises 14 4 per cent to rs 1 886 crore,1
coriander down 1 30 pc on weak demand adequate supply,2
bond yields end up tracking oil prices biggest weekly rise in 2 1 2 months,1
tecnomen s solution can be used for prepaid and post paid billing for charging and rating of voice and video calls data traffic and any kind of content services in both mobile and fixed networks,0
digitisation will benefit dish tv mayuresh joshi,1
after this purchase cramo will become the second largest rental services provider in the latvian market,1
4597 key level on the nifty ashwani gujral,0
rbis balancing act amid shaky currency market,2
you need to be ready when the window opens up rosberg said,0
a few employees would remain at the oulu plant in support functions for other group units,0
7 march 2011 finnish it company digia oyj hel dig1v announced today an agreement with mobile phone major nokia oyj hel nok1v to acquire the commercial licensing and service business related to nokia s qt technology,1
asia shares gain as greece defaults on loan with imf,1
somany ceramics drops 7 as firm sets qip floor price at discount,2
buy voltas ltd with a target of rs 365 ashwani gujral,1
engineers india fpo gets lukewarm response on day 1,2
operating profit excluding non recurring items totalled eur 2 2 mn down from eur 2 7 mn in the corresponding period in 2008,2
there is a risk off sentiment in global equities arindam ghosh blackridge capital,0
finnish drug distributor and wholesaler oriola kd oyj said on october 11 2006 it named anne kariniemi vice president of its logistics and sourcing department as of january 15 2007,0
we can choose the most efficient best overall value option for our customers already at the bidding stage,1
foundries division reports its sales increased by 9 7 to eur 63 1 mn from eur 57 5 mn in the corresponding period in 2006 and sales of the machine shop division increased by 16 4 to eur 41 2 mn from eur 35 4 mn in the corresponding period in 2006,1
alfa group will have 43 9 of voting stock in the new company and telenor 35 4 with a free float of 20 7,0
bullish commodity bets fell most in seven weeks before slump,2
finnish publishing and printing group ilkka yhtym will introduced a staff smoking ban as of the beginning of 2007 at the company s three newspapers,0
china shares snap 3 weeks of gains banks drag,2
ashoka buildcon s net profit slips stock flat,2
today i bought more mu yhoo vale nbl twtr axp znga,1
the value of the order is around eur 100 million,0
reduction in diesel prices will not be taken negatively ajay bodke,0
maintaining profits may get tougher now for icici bank,2
best to exit sun tv now deepak mohoni,2
social networking and location based service trends comprise a significant share of the internet traffic today and are appealing to mid users,0
componenta increased its stake in turkish steel company doktas dokumculuk ticaret ve sanayi a s to 92 6 pct stake in march 2007,1
carborundum universal posts rs 49 cr q4 profit,0
wall street ends flat in quiet end to dramatic week,0
helsingin uutiset vantaan sanomat and lansivayla reach some 385 000 readers or more than 40 of the consumers in the greater helsinki region,1
ncds lose ground funds at 6 year low in fy15,2
traders build bullish bets on gold,1
thanks to its extensive industry and operations experience cybercom offers strategic and technological expertise to these markets telecom industry media public sector retail and banking and financial services,0
m kel is demanding a new board for the company as well as discussions on the merger of alma media and media company talentum,0
pulses market remains steady in tight movements,0
texmaco rail rallies over 8 as consortium wins rs 1 800 crore order,1
cocoa rises on speculation on rebuilding stocks by chocolate makers,1
sebi may make succession plan a must in listed companies,0
monetary easing divides analysts on gold prices,0
prism cement q1 net profit at rs 13 24 crore,0
cardamom futures extend losses on adequate stocks,2
indian companies are in pretty decent shape despite challenging environs dipan mehta,0
the share capital of biotie therapies corp constitutes 90 211 860 shares in the aggregate and the number of voting rights attached to the shares amounts to 90 211 860,0
mindtree q2 net at rs 23 24 cr,0
niit technologies q1 net profit up 35 5 at rs 58 5 crore,1
10 february 2011 finnish media company sanoma oyj hel saa1v said yesterday its 2010 net profit almost tripled to eur297 3 m from eur107 1 m for 2009 and announced a proposal for a raised payout,1
capman said the deal s effect on its cash flow for 2009 totals eur3 4 m but the transaction would not affect its financial results for 2009 as it was executed at fair value,0
gvk s net loss shrinks to rs 45 crore in q3,1
bank of baroda raises 500 mn via bond issue,1
wall street falls as wal mart s weak forecast drags on retailers,2
finnish security and privacy software solutions developer stonesoft oyj said on january 7 2008 that the preliminary sales of its stonegate products grew by 59 pct year on year to 3 6 mln euro 5 3 mln for the fourth quarter of 2007,1
snowman logistics can do well with a long term perspective neeraj deewan,1
errors in prospectus coal india gives investors exit option until oct 25,2
ruukki s order book at the end of 2010 was 30 up year on year and 10 up quarter on quarter,1
the company can be split into two parts over the coming months with essent owning and operating production and supply and enexis owning and operating the grid,0
scores sebi s complaint redressal system,0
financial sector accounts for bulk of corporate bond issuances,0
china s yuan edges up on pboc guidance,1
line biggies must be loading up here at lows,1
pistachio falls on subdued demand,2
oil majors like royal dutch shell chevron bp fail to find reserves to counter,2
cipla plunges over 8 as q3 profit lags estimates brokers slash target prices,2
around 250 of these reductions will be implemented through pension arrangements,0
shankar sharma says midcaps make good bets for now,1
almond declines on reduced offtake,2
further downside likely sonam udasi idbi capital,0
nikkei drops as pension buying slows wall street sags,2
gs sells flat i am out,2
shares of nokia corp rose thursday after the cell phone maker said its third quarter earnings almost doubled and its share of the global handset market increased,1
second rung banks may give 10 12 return hemang jani sharekhan,0
ebit totalled eur 14 4 mn compared to a loss of eur 0 3 mn in the corresponding period in 2009,1
edible oils decline on easing demand adequate supply,2
environmental clearance for the mundra sez a big relief for adani ports p phani sekhar,1
corp bank clocks 20 rise in q2 net,1
fiis withdraw rs 2 000 crore from indian equities in a fortnight,2
exchanges need to change mindset bombay stock exchange chief ashish chauhan,0
lemcon signed an investment cooperation agreement with the kaluga regional administration last november,1
for telenor the three and a half year contract is worth an estimated 12 6 m yit has chosen telenor and elisa as its principal suppliers of ict solutions in norway sweden denmark and finland,1
brazilian non profit interbank camara interbancaria de pagamentos cip has acquired solutions from us business integration solutions provider sterling commerce the latter company said in a statement,1
as a result 12 people will be made redundant and a total of 67 persons are laid off temporarily,2
dhfl winning back investors trust,1
max india posts q4 net loss at rs 13 47 cr,2
fight against black money sebi bars 59 entities including hnis for executing fictitious trades,0
oil stocks on fire what to expect from opec meet,1
punj lloyd shares slump nearly 14 after q2 net loss widens,2
the period end cash and cash equivalents totaled eur6 5 m compared to eur10 5 m in the previous year,2
the company s main shareholders lihakunta and itikka osuuskunta have both made a commitment to acquire shares worth eur 20mn,0
gujarat s canal top solar power plant 10 must know facts,0
long aapl 107 calls 40,1
what s in store for idfc mf s star picks,0
maharashtra allows molasses export,0
aapl 50dma turned up macd crossover a half a hair away on the weekly eod break out likely,1
the costs of the new ropax vessels are 30 lower than those of the present ones,1
terms were not disclosed,0
sebi invites bids from bpos for empanelment of helpline agency,0
fertiliser stocks gain on hope of payments by government,1
sensex rangebound top 20 intraday trading ideas,0
piramal enterprises q3 net loss at rs 11 crore,0
investor sentiment will turn in favour of rupee chidambaram,1
apollo tyres scrip down over 2 on profit booking,2
pantaloon retail is a buy on dips deepak mohoni,1
suggest to wait till icici bank plans to list its insurance arm deepak shenoy,0
anil ambani group firm reliance infra q3 net profit jumps 26 at rs 450 crore,1
top seven companies add rs 44 044 crore to investor wealth sbi shines,1
ge appoints munesh makhija as md of india technology centre,0
rautaruukki corporation stock exchange release 3 december 2009 at 12 noon ruukki s construction and engineering divisions are to further improve and adjust their operations in finland,1
gld on closer inspection resistance 10 points north at 200d and downward trendline chart 2 of 2,2
rolta india shares gain almost 12 per cent on smart earnings,1
most infra stocks are fairly valued or expensive,2
voltas ltd q2 net down 1 51 per cent at rs 42 28 crore,2
in the building and home improvement trade sales decreased by 22 5 to eur 201 4 mn,2
sharp correction on nifty unlikely say analysts,0
rajeev vasudeva appointed ceo of egon zehnder,0
infra stocks a safe bet deepak mohoni,1
svyturys utenos alus which is controlled by the nordic group baltic beverages holding bbh posted a 4 7 per cent growth in beer sales for january may to 46 22 million litres,1
britain s ftse gets lift from prudential results,1
the company confirmed its estimate for lower revenue for the whole 2009 than the year ago eur 93 9 million usd 137 3 m as given in the interim report on august 5,2
tvs motor q4 net profit seen 11 lower at rs 51 cr stock down,2
fiis place bids worth rs 813 crore for government bonds,0
infotech enterprises pat rises 12 to rs 69 4 crore in october december,1
british markets breathe sigh of relief as scotland votes no,0
strict import curbs drop gold demand by 13 5 in 2014 world gold council,0
clariant chemicals q2 net slips to rs 24 cr,2
eil trading close to its support of rs 310 vinith jain,0
copper falls in futures trade on global cues,2
mrf clocks record profit in q1,1
a profit is still on target,1
cadila valuations healthy as us generics biz takes off,1
spy mitk fast 56pc dive,2
we offer our clients integrated management consulting total solutions for complex projects and efficient best in class design and supervision,0
take long trades over axis bank mitesh thacker,1
salary hikes likely to impact operating margins of wipro,2
operating profit totalled eur 0 4 mn up from an operating loss of eur 0 8 mn year on year,1
illegal money pooling activities sebi bars three companies from street,0
pound extends gains into third day on better housing data,1
finland s poyry energy has won a contract to advise builders of a new cogeneration power plant in lithuania s second biggest city of kaunas and to supervise the construction process,1
september 1 2014 mecklai financial report on rupee,0
etteplan targets to employ at least 20 people in borl nge,1
bollywood calling irfc bonds catch fancy of film stars like aamir khan and akshay kumar,0
all depends on financing,0
cndo 21 short float shorts likely to take profits into close,2
gild sandbagged the guidance so the can use that last 3 billion up cc was cautiously optimistic wait til next er for confirmation,0
european shares weaken after disappointing french german data,2
the company designs and manufactures high quality clothing interior decoration textiles bags and other accessories,0
rouble touches new 2015 low as oil price retreats,2
sterling falls after british retail sales disappoint,2
kapil kapoor is global coo of timex group,0
crude oil a tale of two crashes,2
the total value of the project is estimated to be over 3 0 mln euro 4 4 mln of which the services will be over 2 0 mln euro 2 9 mln and third party licences more than 1 0 mln euro 1 5 mln,0
following the registration the share capital of biotie is eur 52 556 678 10,0
spike in yellow metal prices hits traders of paper gold,2
g4s slides on balance sheet worries,2
the company will disclose further details including the anticipated transaction timetable and the name of the new investor within one week,0
finnish forest machinery manufacturer ponsse s net sales grew to eur 51 3 mn in the first quarter of 2010 from eur 37 5 mn in the corresponding period in 2009,1
metso will supply the equipment for two process lines at northland resources new kaunisvaara iron ore project in sweden which exploits tapuli and sahavaara iron ore deposits,1
bonds retreats on fresh selling call rates recover,2
airvana s umts home base station femto cell uses software based functionality and off the shelf silicon to accelerate feature development and reduce product cost,1
shareholders miffed at tata motors missed payout,2
wockhardt q4 net plunges 78 per cent to rs 74 45 crore,2
a memorandum of understanding on cooperation between the finnish global chemical company kemira and vietnam national chemicals group vinachem was signed on this occasion,1
procter gamble net up 55 03 pc at rs 80 76 cr in january march,1
qe caution wait for fiis to press the panic button before shorting nifty,2
adpnews jul 17 2009 finland based steel maker rautaruukki oyj ruukki hel rtrks said today it slipped to a net loss of eur 184 million usd 259 7 m for the first half of 2009 from a net profit of eur 2,2
bharti retail appoints craig wimsatt as coo,0
diluted earnings per share eps rose to eur 0 52 versus eur 0 09,1
hardening euro would trigger more monetary stimulus mario draghi,0
metals sector an interesting opportunity from medium to long tem view p phani sekhar,1
coke dividend 3 google dividend 0 for passive income coke takes it goog ko,0
wall street opens flat s p 500 near record,0
sebi orders attachment of demat bank accounts of defaulter,0
genpact appoints edward j fitzpatrick as cfo,0
18 may 2010 finnish electronics producer elcoteq se hel elqav said today that it has signed an extensive cooperation agreement on industrialisation manufacturing distribution and after market services for mobile phones with japan s sharp tyo 6753,1
commission income rose by 25 7 to eur 16 1 mn from eur 12 8 mn in 2004,1
sanoma magazines finland s net sales grew to eur 140 1 mn from eur 131 8 mn,1
in q1 of 2010 bank of land s net interest income increased from eur 9 1 mn to eur 9 7 mn,1
mindtree s q4 net up 14 pc at rs 78 9 cr,1
ultratech cement s q3 net profit dips 38 per cent to rs 370 crore,2
the dollar bounced back after hitting another record low against the euro which reached 1 41 for the first time,0
zydus wellness q3 net profit up 66 at rs 44 crore,1
q4 numbers by psu banks a mixed bag hemindra hazari,0
rathin basu appointed country president of alstom india south asia,0
bluestar low costs rise in other income help post better profit,1
chemical company basf india q1 net profit up by 36,1
corporation bank q3 net rises 16 to rs 147 crore,1
the diesel margin has remained high,1
the parties have agreed to negotiate definitive distribution and license agreements by the end of june 2010,1
housing development and infrastructure ltd q1 net drops 44 per cent at rs 105 38 crore,2
eih to raise over rs 1 160 cr through rights issue,0
nucleus software q4 net up 19 pc to rs 10 45 cr,1
finnish raisio diagnostics is launching new dna based quick tests to ensure the safety of food,1
morrisons and debenhams surprise city with christmas bounce back,1
the company estimates that the trend in demand for sports equipment will be steady in 2006 amer s report said,1
device volume in the area decreased by 21 to 2 7 mn units,2
royal mail breached competition law over delivery service changes ofcom claims,2
oil takes breather in asian trade,0
greaves cotton q4 pat up 12 at rs 38 5 crore,1
sstl q2 net loss narrows at rs 400 4 crore,2
gold firm near 3 week high on china rate cut,0
vadodara based manpasand beverages taps ipo market to raise rs 400 crore through fresh issue of shares,0
jubilant foodworks surges over 3 to hit record high plans pizzas on train,1
commodity prices will dip as super cycle ends goldman sachs,2
decoding the cryogenic engine used in isro launch,0
steel prices remain flat in thin trade,0
barley futures remain up on strong spot demand,1
castrol india net profit grows 46 on lower expenses,1
altia s operating profit jumped to eur 47 million from eur 6 6 million,1
tata elxsi q4 numbers justify its valuations prakash diwan,0
sweet sugar turns bitter for mill owners in 2014,2
bosse added that trygvesta does not have the financial strength to acquire the entire unit,2
mecklai financial report november 07 2014,0
santosh nayar to be md and ceo of ifci,0
city spirits sink after diageo comes up short with sales slide,2
clarity on gas pricing will be a boost of confidendce for ril stock deven choksey,1
contra call not all analysts have ongc on their buy list,2
acc performace in line with with mkt expectations,1
regulatory steps will improve banking sector bp singh,1
wives daughters chip in to rescue listed companies in compliance with sebi new norm,0
autos drive sensex higher can return upto 8 per cent in august say experts,1
use fall in hcl tech to buy it gajendra nagpal,1
agc networks q1 net down 47 18 pc at rs 5 73 cr,2
tsla yeah lets go down to 230s lol,2
the nokian tyre proves its high safety excellently in the important driving qualities stability with mark 1 4 handling 1 5 and braking on wet road with 1 9,1
finnish kci konecranes has been awarded an order for four hot metal ladle cranes by indian steel producer bhushan steel strips to be delivered in 2007,1
according to the announcement of the helsinki stock exchange the share of sentera shall be delisted from the nm list of the helsinki stock exchange accordingly,0
sudhir vasudeva selected to head ongc,0
result before taxes decreased to nearly eur 14 5 mn compared to nearly eur 20mn in the previous accounting period,2
according to scanfil demand for telecommunications network products has fluctuated significantly in the third quarter of 2006 and the situation is expected to remain unstable for the rest of the year,2
f o tracker no major downtick seen in near term says iifl hemant nahata,0
according to ceo kai telanne the company s newspapers achieved the best financial result ever,1
exact exas flagged as strong on high volume exas,1
these are good times to buy vijai mantri pramerica mutual fund,0
sectors that see divestment will be more attractive going forward anish damania idfc sec,0
yes bank performed better than expectation ambareesh baliga,1
ethanol acts as lone bright spot amid china commodity gloom,1
gail net profit falls 23 per cent on low tariff high lng import price,2
shriram transports bond issue a big hit mops rs 1 567 crore,1
gold declines on poor buying amid global sluggishness,2
shoppers stop elevates salil nair to ceo,0
helsinki afx kesko corp is expected to report a lower second quarter eps today due to tax charges but other earnings lines are seen higher year on year analysts said,2
rajnikant patel tipped to become icex ceo,0
icici bank q1 pat at rs 2274 crore,0
a downloadable instruction sheet instructional video and project ideas for the award winning everywhere punch tm window system can be found at,0
hold financial technologies at current level g chokkalingam,0
technology stocks will start falling slowly ashwani gujral,2
servalakshmi paper debuts at over 3 pc premium on bse,1
nevertheless its market share rose to 49 14 percent from 48 51 percent a year earlier,1
bond yields steady ahead of buyback results,0
calcutta high court extends status quo on sale of hpl shares,0
bernanke comments push sensex by over 350 points,1
five reasons why markets could make fresh record high anytime now,1
polishing image fixing of supply chain issues may rerate bata india,1
profit before taxes decreased by 9 to eur 187 8 mn in the first nine months of 2008 compared to eur 207 1 mn a year earlier,2
multiple triggers drive up ril 10 in 3 days,1
it is now the leading private road ambulance service company in finland,1
analyst community took long to downgrade tata steel hemindra hazari,2
gail india q4 profit zooms 57 per cent to rs 972 crore,1
vijaya bank s third quarter net profit plummets 91 per cent,2
looking forward to a target of 700 for enil ashwani gujral,1
lessons from inox wind listing firms with smaller businesses can unlock value by separate listing,0
britain s ftse steadies supported by dixons carphone,1
london stock exchange shareholders approve merger with deutsche b rse,1
lanco infratech rallies as lenders approve higher cost for 4 projects,1
according to eijkens a publisher can do much more than just publish colourful books a publisher can provide value added to information by individualising it,0
sensex in red top ten stocks in focus,2
pfc s q4 profit rises 9 to 1 411 crore,1
apl apollo q2 net up 49pc at rs 12 crore,1
debt funds look more attractive in the short term say experts,1
word on the street is that allergen is looking at endo international after the failed pfizer merger may 20 35 calls active endp,1
idfc rallies over 5 on fund raising plans,1
share sale proceeds to help prestige estates projects cut debt component,0
finnish civil aviation administration decided to temporarily reopen finnish capital s helsinki airport since 3 p m to 11 p m monday local time,0
us stocks end little changed before monthly jobs report,0
rcomm is above 20 and 50 day exponential moving averages rohit shinde,1
street ahead markets edgy over current affairs may stay range bound,0
suven life shares zoom nearly 16 post robust earnings,1
basmati rice remains weak on increased arrivals,2
155 stocks hit 52 week high as markets set new lifetime peaks,1
nasdaq s revamp of psx exchange to put focus back on order size,1
dena bank to raise rs 2500 crore via bonds bring down govt shareholding,0
hcl infosystems appoints two independent directors on board,0
the value of the order is nearly eur400m,0
anand selva appointed as consumer banking head of citibank,0
hindalco q3 net down 23 to rs 334 crore,2
bae systems s sales boosted by european typhoon and currencies,1
sabero s growth prospects appear attractive,1
dqe signs licensing deal stk rallies,1
cision says the sale will return its u k operation to profitability,1
dcb bank shares bounce back as lender revises expansion plan,1
pearl plaza llc the joint venture of srv and shanghai industrial investment holdings co ltd has concluded the investment decision on construction of the first phase of the shopping center in saint petersburg russia,1
china shares recoup losses on power producers carmakers,2
groundnut oil prices edges up on demand from retailers,1
edelweiss clocks rs 66 cr profit in q2 total income up by 44,0
10 yr bond yield stays down friday debt sale watched,2
fullerton india credit to raise rs 6 bn via bonds,0
silver futures up rs 193 aided by global cues,1
s korea won shares fall as fed keeps door open for sept rate hike,2
prabhudas lilladhers largecap ideas to buy in muhurat trading,0
pipavav defence surges on debt recast plans,1
skf india q1 pat up 40 pc at rs 61 cr,1
an eu law on the issue may be introduced around 2010,0
sks scrip snaps losing streak ends 3 up after rate reduction,1
slower us jobs growth props up asia fx trade data underpins rupiah,2
bearish on idfc sudip bandyopadhyay,2
finnish ac drives manufacturer vacon is acquiring the ac drives business of tb wood s part of the us group altra holdings,0
kk maheshwari appointed as grasim md,0
bbry hearing rumours of a major joint venture announcement,1
the other two sellers were the finnish national fund for r d sitra and oras invest oy which also sold half of their shareholdings leaving them with 3 8 pct and 3 2 pct of the company respectively,0
odell has not contacted the state of finland in this issue,0
finmin has not sought halt in trading in ntpc on feb 3 5,0
the market making in accordance with the agreement will begin on september 24 2009,0
markit ipo may value company at about 4 47 bn,0
db corp q3 profit jumps 33 75 to rs 94 46 crore,1
oil jumps 3 per cent to 63 as energy firms slash investments,1
spicejet regional focus can help airline soar further,1
fiis concerned about policy paralysis post elections anup bagchi icici securities,0
i warmly welcome michael frei to outotec,1
astrazeneca pharma rallies over 12 as shareholders approve delisting,1
nordea will coordinate the syndicated loan,0
eicher motors a case of over expectation stock doesn t look cheap kunj bansal,2
boc delisting plan fails as company misses buyout target,2
regulatory hurdle hits kotak group s plan to secure board seat on commodity bourse mcx,2
the company s scheduled traffic measured in revenue passenger kilometres rpk grew by just over 2 and nearly 3 more passengers were carried on scheduled flights than in february 2009,1
eros intl media lines up rs 700 cr capex over next two years,1
affectogenimap builds highly customised it solutions for its customers in finland and the baltic countries,0
five things to watch out for in hcl technologies earnings,0
the phones are targeted at first time users in growth markets,0
kansai nerolac paints q2 net profit up by 40 62 per cent at rs 72 66 crore,1
sensex makes new record high at 22 853 top 20 trading ideas,1
hosiery maker lux industries to debut on nse,0
reliance industries earnings five key takeaways,0
fatpipe networks extends ipo price band revised to rs 80 85,0
this acquisition supports our strategy of being close to our customers all around the world offering both equipment and related services,1
evaluations indicate that the market is sensing a cut in interest rates n jayakumar prime securities,0
pre market nifty50 may open flat tracking mixed global cues,0
infosys q1 results 5 things to watch out for,0
nikkei falls to 1 week low as japan recession spooks market,2
wins 98 acceptance 23 december 2009 finnish industrial machinery company metso oyj hel meo1v said today it will complete its takeover offer for textile company tamfelt oyj abp hel tafks after acquiring 98 of its shares and votes,0
jgbs mixed underpinned by solid 5 year auction results,0
yuan strengthens for sixth day despite flat midpoint fix,1
component mix may impact some auto ancillary stocks more than others deepak shenoy,0
australian shares fall investors wary before us payrolls,2
infra cos should be growing at 25 30 in the next 5 yrs gul tekchandani,1
nitin fire protection industries expects rs 1 000 crore turnover this fiscal,0
however the proportion of the paid standing orders grew in 2009,1
dish weakness continues again 49 43 area resistance after last week,2
the new office located in shenzhen will strengthen vaisala s already 10 year old presence in china,1
nifty hits fresh record high touches 6 822 in intra day deals,1
the five storey eco efficient building will have a gross floor area of about 15 000 sq m it will also include apartments,0
hind sanitaryware not so fragile now improving fortunes,1
silver futures extend gains on global cues,1
us stocks s p hits record focus shifts to payrolls,1
this amount will not be included in the pensionable salary,0
the remote radio head module will be available at 4w power for 2 5 ghz and 3 5 ghz tdd frequency bands,0
liquidity not a big concern for largecap stocks so far kunj bansal,0
mahindra mahindra lags forecast q4 net up 6 4 at rs 606 5 cr,1
the terms and conditions of the year 2003 stock option scheme were published in a stock exchange release on 31 march 2003,0
punj lloyd q3 net profit at rs 13 cr,0
finnish holding company panostaja oyj said on june 12 2007 it has signed a letter of intent to acquire local lahden lampokasittely oy and heatmasters oy active in the heat treatment of metals for a total 3 1 mln euro 4 1 mln,0
operating profit totaled eur 5 5 mn up from eur 0 7 mn,1
however the company saw its net profit for the third quarter down to eur1 4 m from eur1 5 m for the corresponding period of 2009,2
the low capacity utilisation rate in steel production considerably increases the fixed costs per unit of steel produced,2
even a minor price hike can power up adani power,1
ukraine crisis will not affect indian currency rupee will remain range bound arvind mayaram,0
mf revival will be top on new sebi chief s list,0
lamy names william penn official distributor in india,0
most traded 14 year benchmark bond yield nudges lower,2
syndicate bank tanks over 7 hits 52 week low post q1 numbers,2
lic investment calls come under criticism from market participants,2
gold snaps 4 day falling trend on low level buying global cues,0
securities appellate tribunal s dalmia ruling may trigger more buyback offers,0
idbi bank to sell 5 per cent stake in national stock exchange,2
london afx intertek group plc a testing and inspection company said its commercial and electrical division has bought finland based company natlabs oy from etteplan oyj for 1 3 mln eur in cash,0
suzlon expects emerging economies to push sales stock jumps,1
assocham for examining select commods for any insider trading,0
dark horse analysts pick irb infra as top bet in infra space,1
fb down 7 5 from this bearish pattern considering the bullish sentiment that s an impressive bearish move,2
pre market nifty likely to open gap down on greece woes,0
wipro shuffles top deck saurabh govil made in charge of human resources,0
tamil nadu newsprint and papers q3 net soars 2 fold,1
nifty50 slips below 8 100 q2 nos of 4 index stocks fail to induce life,2
2270 2350 is the range for sbi sandeep wagle,0
asian shares tread cautiously after brack obama speech,2
polaris net up 8 pc on lower forex losses,1
mflx up pre mkt looks like gap has been filled lookin 4 short opt here,2
j k bank can slide down to levels closer to 1370 prakash gaba,2
brokerages remain bearish on hul as growth challenges remain,2
steel prices end steady in thin trade,0
finnish construction company yit corporation is planning to build about 200 high quality holiday homes near the tahko ski and spa resort in finland,1
nano sales grow tata motors up at nse,1
asia index to make india hub for south east asia markets,0
southeast asian stocks rise indonesia rebounds ahead of rate decision,1
pulses remain flat in thin trade,0
yes bank q1 profit up 9 6 at rs 439 5 crore,1
micron technology inc nasdaq mu down 2 3 today and down 8 9 since being put on the short,2
operating profit fell to eur 15 1 mn from eur 24 6 mn in 2006,2
yellow fever up to 15 tonne gold gone in three days,2
nalco q1 net profit dips 41 at rs 223 crore on higher fuel costs,2
spike in government bond yield temporary may soften soon p chidambaram,2
it inspects the companys strategic strengths and weaknesses,0
rupee hits 11 month high rbi intervention in focus,1
8300 8400 levels on nifty to be worst case scenario post budget 2015 ashwani gujral,2
gold remains steady in line with international sentiment,0
railway related stocks gain on investor meet report,1
stay out of hindustan copper at the moment ashit suri,2
apple breaks major support here are some levels to watch aapl qqq,2
the price for logs has clearly improved from 2009 and also the price of pulpwood has gone up,1
texmaco rail engineering posts lower q2 net profit,2
quality stocks likely to keep outperforming in h1 2014 prashasta seth,1
fipb rejects hdfc bank s proposal to increase foreign portfolio investment cap stocks may lose weight,2
another problem is cola flavoured long drinks,0
beml will go as low as 540 ashwani gujral,2
gold ends soft amid lacklustre demand,2
dollar hits fresh 2 week low in wake of dovish fed minutes,2
cos to host material details on websites for 5 yrs sebi,0
ril likely to report drop in net profit stock ends flat ahead of q3 results,2
fear of post poll price drop draws people to sell gold,2
inflation corporate governance biggest market worries blackstone asia advisors,0
the solutions will be used for upgrading the networks of a russian mso in 37 different cities in russia,1
rate sensitive stocks rally but worries stay,1
tsla not dipping testing the 200 day ma,1
profit booking hits midcap stocks post budget 2014 top five stocks to buy on dips,2
for nordea moving into the new headquarters signifies the beginning of a new era,1
hmt surges 9 on reports of land sale,1
cox kings indias holidaybreak and other acquisitions begin to pay off,1
monnet ispat gains 6 on share buyback proposal,1
nirma q4 net loss at rs 23 74 crore,2
lining stone sales were also good in the early autumn and order books are strong to the end of the year,1
supply pressure drags down sugar futures 0 89,2
earnings per share eps amounted to eur0 01,0
gsk consumer gains 1 7 on in line q4 results,1
nihd insiders got this one wrong looking for bottom rsi under 30,2
relaxo footwear s stock gained 75 in six months thanks to drop in rubber price,1
rajiv sawhney puts in papers as mahindra holiday ceo,0
bond yields edge down profit taking expected later,2
acinvestorblog spy eod run,1
its main business area the glass machinery group of glaston technologies is the global market leader in glass processing machines,1
optimism about rupee grows barclays cuts one month forecast to 59 vs us dollar,1
kajaria ceramics q3 profit up 17 79 to rs 29 39 cr,1
ptc india financial services reports 91 jump in q4 profit to rs 46 36 crore,1
mcx appoints one more shareholder director on its board,0
in finland finnish pharmaceutical company orion corporation omx helsinki ornav said on wednesday 7 january that it has concluded its personnel negotiations in finland and will reduce the number of personnel by 205,2
bearish on hindustan unilever dipan mehta,2
spicejet soars 7 after placing rs 23 000 crore boeing order,1
sundaram finance q1 net jumps 22 3 to rs 115 99 crore,1
ramky infra fy 11 consolidated net up 62pc to rs 206 crore,1
insurance bill is not a game changer p phani sekhar angel broking,0
rapala fishing frenzy 2009,0
european stocks hover near 3 week low dialog and bhp slump,2
abb stock owners sitting on a lot of cash money flooding back into counters prakash diwan,0
ecb stimulus hope helps emerging stocks to weekly gains,1
also construction expenses have gone up in russia,2
dbs julius baer emerge as potential bidders for barclays asia wealth unit,1
china yuan trades flat after us currency report,0
pharma stocks likely to outperform in next one month ashwani gujral,1
f secure appoints amit nath as country manager india saarc,0
the company will be part of teleste s video and broadband solutions business area,0
wns q1 profit beats estimates raises fy revenue guidance,1
avoid infrastructure stocks until the problems are solved p phani sekhar,2
rise in us bond yields may direct realignment towards em pack gaurav mehta ambit capital,0
wall street slips from record focus shifts to us federal reserve,2
voltas q3 down 19 38 per cent at rs 61 92 crore,2
clams may turn out to be kerala new marine gold,0
ambuja a good bet in the cement space buy at levels of 210 211 ambareesh baliga,1
talktalk hires bae systems to investigate cyber attack,2
hinduja ventures appoints amar chintopanth as group cfo media,0
no curbs but mnc royalty payouts under scanner,0
growing fortunes of auto industry to benefit nrb bearing buy with a target of rs 170 devang mehta,1
tata communications shares down 3 on weak results,2
je looks like we are bouncing would be nice to finish over 6 today and make the hammer nice volume from 5 77 bottom fingers crossed,1
union bank posts 27 fall in q4 net profit at rs 578 88 crore,2
pradeep hejmadi appointed business head of zee tv,0
fiscal deficit of 4 8 gdp very prudent signal from govt axis bank,0
upl shares surge over 3 5 as rbi removes foreign buying restriction,1
s h kelkar to launch rs 500 crore ipo on october 28,0
the bond has a value of eur150m and a maturity of 4 years,0
net sales fell by 33 from the third quarter of 2008 to eur 130 5 mn,2
consolidated operating profit excluding one off items was eur 30 6 mn up from eur 29 6 mn a year earlier,1
guargum prices fall 3 37 on weak overseas demand,2
at mahindra holidays a healthy view of future on cheaper stock valuation better business prospects,1
french company arkema picks up 25 stake in jayant agro s arm,1
kajaria ceramics a good investment attractively valued,1
do not see more consolidation in large cap pharma stocks vijai mantri,0
viceroy hotels rallies over 9 on stake sale reports,1
copper futures fall 1 13 on global cues,2
gsfc surges on strong q2 earnings,1
palm oil stock soars,1
religare capital markets appoints head of institutional equities india,0
nestle falls as government sues company over maggi row seeks rs 640 crore in damages,2
sustained fii flows will push markets higher policy environment weighs deutsche bank,0
sail decides to retain merchant bankers for rs 8 000cr fpo,0
still bearish on sks microfinance rajat bose,2
ndtv posts q1 net loss at rs 60 8 cr,0
maker taker model has value but fees too high says nasdaq ceo robert greifeld,0
europe shares mixed as buoyant results offset by china woes,0
finnish broadband data communication systems provider teleste oyj hel tlt1v said yesterday it returned to a net profit of eur 2 7 million usd 3 8 m for the first nine months of 2010 versus a net loss of eur 579 000 for the same period of 2009,1
subdued ifo takes m a shine off european stocks,1
bank nifty is the key to tomorrow trading mitesh thacker,0
adp news feb 11 2009 finnish management software solutions provider ixonos oyj hel xns1v said today its net profit rose to eur 3 5 million usd 4 5 m for 2008 from eur 3 1 million for 2007,1
gold firms near 1 200 poised to end 2014 largely flat,0
fb nice buyable intraday dip right here,1
brent drops below 97 on rising supply,2
dollar basks in post payrolls glow aussie eyes china data,1
sell uco bank with a target of rs 61 sandeep wagle,2
jindal saw appoints neeraj kumar as group ceo whole time director,0
the operations to be sold include manufacturing units in finland france poland and turkey as well as sales units in germany and lithuania,0
sensex trading in a narrow range top ten stocks in focus,0
rpp infra projects gets sebi nod for ipo,1
hcc a good pick in the construction space abhijit paul brics securities,1
the optimization of the steel components heating process will reduce the energy consumption,1
the mall will be financed on a parity basis by pearl plaza llc the joint venture company established by the chinese investor shanghai industrial investment holdings co ltd and srv group,0
jubilant foodworks q3 net declines 10 9 pc to rs 33 59 cr,2
madura demerger not in the best interests of aditya birla nuvo investors,2
the number of salaried employees and group administration employees to be dismissed from the sievi units is 17,2
easier sebi listing norms aim at encouraging startup industry to tap institutional trading platform,0
bosch q1 net up 26 per cent at rs 326 crore,1
five reasons why markets won t fall for us fed s taper tantrum,0
with the extension of the new contract for a further eight engines the plant will now produce over 100 mw it said,1
use on balance volume chaikin money flow index to track price movement in markets,0
street new peak opto circuits surges over 8 top 20 stock bets,1
glencore sees tripoli based noc as sole legal seller of libyan oil,0
oil net rises 30 pc in q4 to rs 562 cr,1
then it said the contract was estimated to contribute more than eur150m to its net sales in 2010,1
finnish forestry company upm kymmene and waste management company lassila tikanoja said on jan 30 they were planning to produce ethanol and energy from commercial and industrial waste,0
oil slips below 86 on global over supply,2
the executive group will participate in the adjustments with a fixed term 5 salary cut,1
what to expect from rbi policy tomorrow,0
hyundai motor shares slide to lowest in over 4 years after us fine,2
petrofac books further 30m cost for shetland gas terminal delays,2
sectoral churning behind recent correction in pharma stocks present valuations look attractive gaurav mehta,1
airasia offers 2 mn cheap tickets fly from kolkata to bangkok for rs 3 300,0
finnish oko bank has signed a cooperation agreement with raiffeisen concerning finnish companies investments in russia,1
gold extends weakness on sluggish demand,2
after completion of the acquisition poyry s oil and gas expertise will cover multi discipline engineering and consulting services across the complete oil and gas asset lifecycle including deepwater engineering services,0
coffee day to list shares tomorrow,0
in the second quarter of 2010 the company s net profit was eur1 7 m compared to a net loss of eur1 3 m in april june 2009,1
banking pack looks pretty interesting to me mitesh thacker,1
operating profit excluding non recurring items amounted to eur 40 6 mn down from eur 57 3 mn year on year,2
euro bears emboldened by cheapest dollars since 2008,2
the company has established a 3g base station at about 17 000 feet at the foot of mount everest that will enable mountain climbers at the 29 035 foot summit to surf the internet and even send videos of their exploits,1
nokia bought chicago based navteq in 2008 acquiring a maps database to compete with google s maps as well as with navigation device companies such as tomtom nv and garmin ltd,1
godrej industries q2 net up 12 5 to rs 75 cr,1
oil director b n talukdar made new directorate general of hydrocarbons,0
after the reporting period biotie north american licensing partner somaxon pharmaceuticals announced positive results with nalmefene in a pilot phase 2 clinical trial for smoking cessation,1
securities and exchange board of india begins recruitment process for 2 executive directors,0
balrampur chini mills q2 net up by four fold,1
we are very pleased with the fine co operation between the two countries in recent times he said,1
gs is looking weak while this market is moving higher not a good sign unless gs can get above 157 early short below 154 00 today,2
roubini there s a market time bomb risk of a dramatic fall,2
wipro q2 profit up 9 7 per cent lags forecast,1
nagarjuna construction company net profit declines 35 per cent in april june,2
cerc order a new lease of life for adani power clsa,1
ongc is a buy call with a target of rs 418 vijay bhambwani,1
should you buy associated british foods plc great portland estates plc and dunelm group plc following today s news,1
in the czech republic the profiling unit at ostrava will be closed and the machinery will be relocated to ruukki s bigger plants in hungary poland and romania by the end of the first quarter of 2009,0
bank of baroda issues 750 million dollar bonds for 5 5 years,0
panic reaction in metal stocks after china rate cuts jagdish malkani,2
orient cement surprises street with q4 results stock jumps over 12 intraday but ends flat,1
partha chatterjee becomes haldia petrochemicals chairman,0
ruukki is now included on djsi world for the second year running and the european djsi stoxx for the third year running,0
august gold declines after rising to four month high on lack of duty cut,2
diageo receives reports from united spirits on financial irregularities involving,2
sea tv network debuts 20 pc higher on bse,1
l t will continue to perform deepak shenoy,1
dqe india plans ipo chalks out expansion plans,0
7680 7700 on the nifty remains an important level to watch mitesh thacker,0
pepper futures down 0 24 pc on profit booking,2
slump in rolls royce after profit warning hits european shares,2
hznp havent seen vol like this since the runup lets see one more dip to 2 0x,2
gur ends flat on subdued buying,2
spy we re holding above wednesday and thursday closes i m leaning bullish small postions waiting,1
the company admits that 36 months is a relatively short time when operating in russia,0
the contract covers the manufacturing surface treatment and installation of the steel structures,0
sebi to review surveillance systems fast track enforcements,0
monsanto gains on parent s bullish outlook,1
operating loss totalled eur 3 2 mn compared to a profit of eur 7 2 mn in the third quarter of 2008,2
sales at the tiimari business went down by 8 to eur 11 8 million while gallerix stores saw 29 growth to eur 2 million,2
recommend wait and watch for retail sector deepak shenoy,0
danish company flsmidth has acknowledged that it has violated a patent held by finnish metso,2
as a result of the negotiations the amount of employment contracts to be terminated is 13,2
sainsbury sales slip again as price pressures take a toll,2
skip reliance power for other power stocks seshadri bharathan,2
i would suggest to stay away from telecom stocks g chokkalingam,2
the group s result before taxes was eur 1 9 3 0 million,2
vikram akula plans a second innings in microfinance with vaya finserv,0
sell sail with a stop loss of rs 77 5 sandeep wagle,2
2010 16 july 2010 finnish steel maker rautaruukki oyj hel rtrks or ruukki said today it turned to a net profit of eur20m in the second quarter of 2010 from a net loss of eur94m in the corresponding period last year,1
fag end buying in select bluechips lifts sensex by 53 points,1
today s bet 5100 5300 level crucial for nifty,0
surge in government spending to pump up infrastructure related companies analysts,1
infosys appoints kanchinadam as chief compliance officer,0
astrazeneca pharma india to seek shareholders nod for voluntary delisting of equity shares from stock exchanges,0
the company had net sales of eur 19 8 mn and a pre tax profit of eur 1 8 mn in 2005,0
yes bank q4 net profit up by 19 at rs 430 crore to raise funds upto usd 500 million,1
the divested company is part of tietoenator s business area government manufacturing retail,0
commodity prices fall on oversupply results of greece referendum,2
on wednesday he announced that the government would propose granting a licence for two reactors one to be built by fennovoima and the other by tvo,1
dena bank outperforms its peers stock up 77 since january 2012,1
why not give your bedroom a cool makeover for summer,0
target company tieto corporation business identity code 0101138 5 date of change in holding 22 january 2010 portion of the shares and votes the current group holding of op pohjola group central cooperative opk is 2982 587 shares which represents 4 14 of the shares and voting rights,0
cost to hedge sterling swings rises as scottish vote looms,2
under finnish law parliament grants licences to build nuclear power plants,0
nokia losses narrow to 355 million shares tumble 9 on sales dip,2
the tightened competition situation in the production automation market has affected net sales during 2006 cencorp said,2
sebi notifies rules on launch of new mutual fund schemes,0
alembic demerges pharma unit stock up 15,1
amazon shares slide on disappointing earnings outlook,2
sebi proposes norms for reclassifying promoter as public shareholders,0
traders bullish on natural gas even as inventories may show rise,1
bse to shift 21 cos to restricted trade segment from february 23,0
hindalco industries promotes satish pai as deputy managing director,0
aurobindo pharma shares fall company comes under usfda lens again,2
when the web user clicks on the link contained in the mail he finds himself on a bogus site that imitates that of his bank and which retrieves his personal banking data,2
sebi wants strict compliance to mandatory woman director norms,0
cottonseed futures fall on selling pressure,2
rail stocks gather momentum as suresh prabhu tables railway budget,1
cairn india interim ceo p elango quits,0
master of mayawas jointly developed by nokia siemens networks and ufa fremantlemedia and will be actively advertised by maxis in the end of may 2007,0
alkem labs appoints banks for up to 291 million ipo,0
bank nifty may consolidate mitesh thacker,0
gkn to buy fokker technologies for 706 mln euros,1
dow tops 11 000 for first time since may,1
grasim industries q4 net declines 16 92 to rs 679 27 crore,2
the group s sales during the period were eur 37 5 million eur 48 2 million 1 9 2008 and result before taxes was a loss of eur 3 5 1 2 million,2
xinjiang goldwind plans china s first green bond,1
whirlpool q1 net profit jumps 26 at rs 64 55 crore,1
narendra modi wave revives as fiis buy over rs 2 300 crore in nifty futures,1
indices giving positive signals nifty may climb to 8 450 ashwani gujral,1
rupee hits 3 week high on debt related dollar inflows,1
kansai nerolac paints q1 net down 4 at rs 61 cr,2
exel s board of directors will propose a dividend of 0 2 euro 0 3 per share for 2006 at the annual general meeting on april 19 2007,0
diwali only hope for gold traders as demand at two decade low after yellow metal hits record prices,2
operating profit rose to eur 1 6 mn from eur 1 1 mn in the corresponding period in 2006,1
birla wellness group appoints n venkat as new md and ceo,0
103 alter funds allowed to operate in ind by sebi,0
havells india slumps on revenue forecast cut,2
naturalgas settles at 3 year low dbo bno,2
of the sales price a sales gain of some 3 1 mln euro 4 5 mln will be recognized in incap s earnings for 2007,1
with this new version it is very important for us to introduce a bim process that is based on the detailed building information model,0
alma media holds 70 of this company the remaining shares being owned by the company s key employees,0
sintex industries q4 net up 23 to rs 197 78 crore,1
also it is bringing in the right kind of people to upgrade its human resources,1
jhs svendgaard labs sales up 144 28,1
havells falls 7 as earnings estimate is cut in analyst meet,2
media stocks drag down european equities from highs,2
the plant will be fired with a combination of spruce bark chipped logging residues or milled peat,0
coromandel intl s q4 net tanks 82 55 pc to rs 11 67 cr,2
vijay kelkar joins tcs board,0
near term outlook seen strong for nifty,1
religare securities launches virtual stock trading platform,0
adpnews oct 21 2009 finland based it consultancy tieto oyj hel tie1v said today its net profit plunged to eur 29 4 million usd 43 9 m for the first nine months of 2009 from eur 58 7 million for the same period o,2
aapl news is becoming very bullish again,1
financial technologies investors have a tough call to make,0
mcafee appoints anand prahlad as india operations head,0
according to vauramo the plant s lifting equipment is suitable for asian and for some chinese trucks,0
mini indian rupee futures launched in dubai,0
hcl infosystems announces key additions to its board of directors,0
aldata solution oyj thomas hoyer cfo more information aldata solution oyj thomas hoyer cfo tel 358 45 670 0491 aldata in brief aldata solution is one of the global leaders in supply chain software for retail wholesale and logistics companies,0
jgbs little changed as rebounding stocks temper safe haven appeal,2
pulse push unlikely to yield result soon,2
party time nifty likely to surge 22 in just 18 months,1
both micro and macro level problems have brought the bhel stock down ajay parmar,2
the rebuilds are designed to improve the machines performance and product quality,1
foreigners stay with hdfc bank bet on adrs futures after hitting fii stock cap,0
revenue was slightly down at x20ac 495 million 634 million compared to x20ac 497 million a year earlier,2
operating income rose to eur 696 4 mn from eur 600 3 mn in 2009,1
copper weakens in futures trade on global cues,2
motherson sumi q1 net rises over two fold to rs 163 73 crore,1
silver rates spike on robust foreign trends,1
ace to launch direct delivery from sellers location in gujarat,0
eyes on euro zone inflation after fed tempers dollar rally,2
poor q4 earnings pull down eveready stock by over 7 pc,2
in addition the production personnel of the sport division have been given a temporary lay off warning,2
colgate palmolive q2 net profit up 11 8 at rs 100 cr,1
cummins reports 21 decline in q3 net profit,2
gold holds above 1 300 focus on us federal policy meeting,1
the acquisition of sampo bank makes strategic sense for db says lindsey liddell director of fitch ratings s financial institutions group,1
gst isn t a disappointment for market gaurav mehta ambit capital,0
100 days of vishal sikka infosys up at 16 12 per cent,1
at the moment valio is not worried but if the ban continues for long it may become quite a problem,2
reliance capital q4 profit at rs 267 crore,0
mindtree co founder janakiraman srinivasan quits,0
nda may get 230 240 lok sabha seats don t underestimate aap nomura,0
indian markets may follow world trend open on a jittery note,2
stock exchanges are fighting a global war for listings,0
thanks to the internet consumers compare products more than previously and finnish companies are not competitive,2
brokerages raise bharat forge s target price on improved exports,1
see nifty at 7 460 in the short term mitesh thacker,0
gold dives below rs 28 000 mark on fresh selling global cues,2
claris promoter sells 12 lakh shares for over rs 23 crore,2
sugar ends quiet amid sufficient stock positions,0
larsen and toubro to monetise some infrastructure development projects ltd assets,0
the subsidiary is setting up a facility for manufacturing high density interconnection printed circuit boards or pcbs at nokia s special economic zone at sriperumbudur near chennai,0
supreme court upholds 236 million jury award against exxonmobil,2
as part of the reorganization kauko telko ltd will be divided into telko ltd leipurin ltd hamina terminal services ltd and kaukomarkkinat ltd,0
operating profits in the half were 0 8 m down from 0 9 m as glisten invested in the brand and the management team,2
dtc proposal to create volatility in stock markets analysts,2
shalimar paints q3 dips 67 16 at rs 1 54 crore,2
nokia s calling all innovators africa competition has been specifically launched to enable developers to create locally relevant best of breed mobile applications,1
finnish lifting equipment maker konecranes hel kcr1v said on 29 july 2009 it has raised its stake in austrian manipulator maker acs konecranes to 80 and bought german sector player knight europe,1
therefore phase iii of the research will not be conducted by abbott,0
cairn india falls 1 8 on ex dividend day,2
bharti africa q2 loss widens weak voice revenue hurts,2
sundaram bnp paribas q2 net up 10 6 to rs 78 25 crore,1
chrm loooooongggggg base,1
you are warmly welcome,0
rajasthan mining approval from supreme court right investments prop up birla corp stock,1
heard on the street sks microfinance ex ceo gurumani seen in settlement,0
aarti industries q1 net up 39 per cent at rs 25 crore,1
bajaj finserv rights issue at rs 650 share stock down,2
it generated an operating loss of eur 96 3 mn down from a profit of eur 43 9 mn,2
below are unaudited consolidated results for aspocomp group under ifrs reporting standards,0
wipro q4 pat at rs 2 227 crore beats estimates,1
to help sugar sector talk of mixing ethanol with petrol,0
both operating profit and turnover for the three month period increased respectively from eur0 9 m and eur8 3 m as compared to the corresponding period in 2005,1
pretax profit decreased to eur 33 8 mn from eur 40 8 mn in the fourth quarter of 2005,2
parabolic drugs fixes ipo price at rs 75 per share,0
finnish forest machinery manufacturer ponsse has issued a profit warning,2
sell obc with a target of rs 170 mitesh thacker,2
kone s factory located at ayanambakkam a suburb to the west of chennai is a fully integrated facility which gives it the capability to address costs,1
commexes biz falls to rs 34 36 lakh crore till june 15 of fy 14,2
ansal properties infrastructure posts q4 net profit at rs 13 55 crore,0
strong spot demand lifts mentha oil futures 1 15,1
infotech pat down 16 on higher operating expenses topline up,2
share sales to meet holding norm set by sebi secondary market may face severe fund crunch,0
sell ranbaxy with target price of rs 342 ashwani gujral,2
sebi wants bourses to provide a level playing field for hft traders,0
dollar slips after us federal more dovish than expected,2
ipo market lacklustre no exciting issues lined up pramod gubbi ambit capital,0
dvc aims to raise 1 600 cr from bonds for funding expansion,0
torrent pharma q1 net up 46 pc at rs 149 crore,1
race hots up for u k sinha s successor,0
greaves cotton reports net loss of rs 7 98 crore in q2,2
brent oil bounces higher after 3 day losing run,1
lower fuel subsidy lifts ongc q3 profit 23 pc,1
ecb stimulus flows may help rbi to build forex reserves,0
metsa botnia will finance the payment of dividends the repayment of capital and the repurchase of its own shares with the funds deriving from its divestment of the uruguay operations and shares in pohjolan voima and by utilising its existing financing facilities,0
our customer has been satisfied with basware invoice automation solution and extends the implementation to new geographies,1
favourable currency rates also contributed to higher net sales ceo kari kauniskangas said,1
the issuer is solely responsible for the content of this announcement,0
it to find support around 9750 9800 on cnx it ashwani gujral,0
we are overweight on pharma sector bp singh,1
for gujarat state fertilizers and chemicals worst is all but over,2
sebi issues warning against fraudulent regulatory calls,0
ongc slips on buzz that govt increased fuel subsidy burden,2
spicejet cracks nearly 6 here what the management says,2
spotting the real deal how to distinguish between genuine and fake rupee currency,0
finally psu etf launched subscription from next week,0
trading in the new shares which have right to dividends and other distributions of funds will start on the exchange in helsinki tomorrow,0
ncdex seeks permission to do futures trading in sugar,0
meghmani organics a safe bet avinash gorakshekar anagram capital ltd,1
basware s product sales grew strongly in the financial period by 24 percent,1
sbi plunges more than 2 as q3 net profit declines by 34,2
the opportunity will be available only for few employees however,0
binani cement zooms 19 pc on delisting move,1
sadbhav engineering q2 net declines 64 to rs 10 13 crore,2
outlook to remain negative till nifty regains 8010 levels mitesh thacker,2
polls could be a big swing factor for indian market says hsbc,0
nonwovens and specialty papers made by ahlstrom are used in a large variety of everyday products e g in filters wipes flooring labels and tapes,0
sebi asks aifs to give full disclosure on associates,0
godrej industries q4 net up 42 at rs 108 76 cr,1
the credit covers approximately 70 of the ship s price,0
the pilot project proved that rifd technology is ideal for our purposes comments olli saarinen material handling supervisor at yara,1
bearish on commodities mehrab irani,2
tiimari latvian representative ineta zaharova said that the company earned lvl 122 000 in 2005 profit which is 20 times more that in 2004,1
1 february 2011 finnish textile and clothing company marimekko oyj hel mmo1v said today its preliminary operating profit grew to eur8 2 m in 2010 from eur6 3 m in 2009,1
a cut above bring the outdoors in with these birch branch coasters,0
brent recovers above 85 after biggest fall in three years,1
adani powers posts lower q3 loss at rs 426 crore,2
acc unlikely to run up in a hurry ashwani gujral market strategist,2
rcom plans to sell 5 in tower business,2
we reached agreement with the union that flights will continue as normal finnair spokesman usko maatta said,1
poll driven euphoria peters out investors dump mid and small caps,2
broader markets valuations look attractive ambit capital,0
oil rebounds in asia on bargain hunting,1
hdfc bank posts 20 per cent hike in net profit in q2 on retail loan demand,1
mangalore refinery and petrochemicals shares gain over 11 on robust earnings,1
near term pain but outlook positive for it stocks anand tandon,1
operating profit in the fourth quarter went down to eur3m from eur4 2 m for the corresponding period of 2009 as it included costs of growth projects,2
dabur falls as reports name ex director in black money list,2
jp morgan expects that scala will lower nobel biocare s growth forecast for 2007 from the current guidance of 23 25 pct as well as the operating margin target from the current 34 35 pct,2
nokian capacitors equipment will be used to raise the capacity and reliability of the indian grid,1
furthermore bunge will also sign a licensing agreement for the sunnuntai and carlshamn mejeri brands,1
gm infrastructure reshuffles its top deck kiran grandhi to replace rao as md,0
revenue and profit growth to remain subdued for india inc in q4,2
an extra 1 trillion to india s gdp by 2020 makes midcaps hot say experts,1
mafatlal industries q1 net up three fold at rs 13 05 cr,1
munjal auto seems a safe bet kr choksey,1
update 2 pricey beers lift sabmiller s quarterly underlying sales,1
weak monsoon could halt rally in fmcg stocks,0
operating profit for the 12 month period decreased from eur2 9 m while turnover increased from eur24 5 m as compared to the financial year 2004,2
jack palmer case mildly positive for infosys visa issues weigh brokerages,1
lack of clarity on raw sugar exports vexes mill owners,2
it s not,0
the expansion includes the doubling of the floor space and the addition of more lifting capacity and production equipment,1
the output of the contracts totals 72 mwe,0
dish tv makes first profit at rs 35 crore in q4,0
augmenting product portfolio to help kabra extrusiontechnik gain market share,1
australian new zealand dollars vault vs pound firm vs usd,2
cos on bse sme platform cross 100 mark,0
marketing will use tikkurila s existing infra structure and local knowledge in russia,0
l t analysts views recommendations on the stock,0
sell bhel with a stop loss of rs 245 prakash gaba,2
the price of gmo soy is 5 7 lower than that of non gmo,0
education is a volatile space deepak mohoni,2
in addition the company will reduce a maximum of ten jobs,2
rouble edges up as traders reposition after sharp falls,1
mtnl on a roll hits 52 week high up 70 in 2012,1
railways earnings up by 12,1
save breaking it s downtrend line on increasing volume a move above 20 57 could see more upside,1
india s trade with russia currently stands at four billion dollars growing 9 6 per cent in fiscal 2007,1
nmce asks members dealing with nsel defaulters to be alert,2
unusual trades in december series nifty options under sebi lens,0
crompton greaves surges over 4 as company sells mumbai land,1
hinduja global sol q3 profit more than doubles to rs 54 1 crore,1
the segments through which the company operates are frozen food business seafoods vegetable oil business grain trading and other business operations,0
own cash rich companies from the it space vijai mantri,1
relaxo footwears rallies 20 hits 52 week high on dividend bonus issue plans,1
kingfisher at year high on report of wilbur ross investment plan,1
top five factors that took nifty past 8 700,0
alexandria va dec 19 united states patent no 7 853 620 issued on dec 14 was assigned to nokia corp espoo finland,0
sebi orders defreezing of accounts of five entities,0
aap effect after sizzling 2013 foggy start for sensex in 2014,0
repair and maintenance business accounted for net sales of eur 645 3 mn up from eur 563 6 mn,1
niina nenonen marimekko s current director for clothing bags and accessories lines will take up this role,0
scanfil a systems supplier and contract manufacturer to the communications sector will start personnel negotiations in oulu in finland to lay off staff temporarily,2
sobha developers a realty counter that may give over 45 returns,1
gold extends losses for 3rd day on subdued demand global cues,2
hcl technologies slips over 1 on weak october december quarter outlook,2
finland based companies l nnen tehtaat and raisio have decided to dissolve the joint venture company zao scandic feed which was established to start local animal feed business and feed production in northwest russia,0
how kraft heinz merger came together in speedy 10 weeks,1
big ticket market debuts like coffee day enterprises mask thin ipo pipeline,0
emmbi polyarns pat up 46 65 per cent to rs 2 56 crore,1
the industry is coming to an interesting fork in the road as both handset manufacturers and wireless carriers attempt to serve as the portal for web based service to your wireless handset he wrote,0
nyse owner ice may gatecrash deutsche boerse lse merger,2
orient cement rallies 20 per cent hits 52 week high as rakesh jhunjhunwala buys 17 1 lakh shares,1
whats dragging the stock of central bank of india down,2
infotech enterprises q4 net up 29 per cent to rs 70 crore,1
the itunes based material will be accessible on windows based or macintosh computers and transferable to portable devices including apple s ipods,1
monnet ispat surges nearly 13 on likely stake sale by promoters,1
shanghai composite index reverses gains after weak manufacturing data,2
every partner will be allowed to buy a quantity of electricity corresponding to their share in the consortium at production cost a letter of intent said,0
ibma reconstitutes board appoints four new directors,0
jindal saw appoints neeraj kumar as group ceo,0
call data record is important evidence in fraud cases says sebi,0
the company moved to an operating profit of eur10 9 m versus an operating loss of eur15 3 m it also turned to eps of eur0 08 versus loss per share of eur0 04,1
india valuations are less compelling says goldman sachs,0
poll us federal reserve may rates twice in 2015 say economists,0
prop desks build bullish bets on nifty with hopes to make 6 fold returns,1
pfizer net profit declines 56 11 per cent to rs 220 85 crore in fy14,2
5300 to 5355 is the level to watch out on nifty rajat bose,1
cotton rises 10 on demand for exports and local consumption,1
huhtamaki oyj stock exchange release 16 12 2008 at 09 30 huhtamaki oyj has resolved to clarify the group structure by separating the foodservice and consumer goods businesses in its production unit in hameenlinna finland by transferring the businesses into its wholly owned subsidiaries,0
wns q2 net up 65 at 15 3 million,1
new launches help garware wall ropes cast its net wider,1
china stocks mixed as investors hold back before sh hk connect launch,0
benefon s target is to lay off temporarily of permanently up to 20 of the salo plant s staff,2
stock specific play is the way to go in coming week sandeep wagle power my wealth,0
mtnl s q2 loss narrows to rs 947 crore,1
direct fii market access to come from full rupee convertibility,0
ashok leyland q4 net up at 298 23 crore,1
100 infosys shares for 9 5k in 1993 now worth 4 crore,0
consider it stocks as a global play to make portfolio look balanced ajay bagga,0
the company s net profit amounted to ee 55 5 mn which was 36 more than in 2004,1
india s position better than other emergings markets arindam ghosh blackridge capital advisors,0
fewer investors trade on multi commodity exchange,0
finnish bore that is owned by the rettig family has grown recently through the acquisition of smaller shipping companies,1
takeaways from itc results,0
ttml narrows down net loss to rs 156 36 crore in q3,1
aapl weekly still under the 50 moving average and creating a lower high,2
spicejet sinks over 6 despite airline talk on funds,2
ceat gains on share sale to institutional investors,1
food ministry to cut down july quota of sugar,2
the transaction will have a positive impact of around eur2m on earnings which ruukki will recognize during the fourth quarter of this year,1
net sales have been eaten by the weak us dollar,2
exercise caution go light ahead of rbi policy review sandeep wagle,0
bank of baroda falls on msci deletion,2
uco bank reports four fold rise in q2 net profit,1
stores 16 march 2010 finnish stationery and gift retailer tiimari hel tii1v said yesterday that it will cut a total of 28 jobs in its units tiimari retail ltd and gallerix finland ltd as a result of the closure of shops,2
sun pharma has a history of taking stress assets and turning them around harendra kumar,0
pipavav is steady ambareesh baliga way2wealth brokers pvt ltd,0
38 companies in the bse 500 have paid more than 25 per cent of their net profit as dividend,0
took some endp long this am using vwap as guide,1
exide industries focus on profitability makes it an attractive stock,1
tvo s two unit 1 740 mw olkiluoto plant generated 14 2 twh with an operating ratio across both reactors of 93 5 which the company described as high by international standards,0
airasia shares gain 8 per cent after report it may be taken private,1
punters make a killing in geometric,1
i would not like to participate low volume stock like natco pharma ashwani gujral,2
altogether 150 subjects with mildly elevated cholesterol levels participated in the four month long intervention,0
zee media corporation ltd q2 net loss widens to rs 16 97 crore,2
pre market nifty seen opening flat may reclaim 8800,0
oil marketing companies are clear buys manish sonthalia,1
gmr posts rs 593 crore consolidated loss for june quarter,0
abb india net profit rises 33 as order execution picks up,1
recast expansion to help kingfisher stay afloat,1
remain invested in infosys despite key management exits mehraboon irani,0
sell tata steel with a stop loss of rs 538 sandeep wagle,2
ifci q3 net profit up 30 pc at rs 136 35 cr,1
uflex q2 net up 19 to rs 77 74 crore,1
metso estimates the need for personnel reductions to amount to 25 people,2
ruukki signed the contract with norwegian company veidekke entreprenor as,1
in 2009 it reported net sales of approximately eur 6mn,0
moderate earnings expected for it companies in q3 analysts,0
mecklai financial report september 08 2014,0
domestic rubber prices surge above rs 200 kg,1
airports authority of india s revenue net profits rise,1
can expect icici bank to scale up further rajat bose,1
interglobe aviation makes decent debut surges 17 on bse,1
operating profit for the three month period decreased from eur1 65 m while net sales increased from eur14 6 m as compared to the corresponding period in 2005,2
central depository services plans rs 400 crore ipo,0
the cooperation will double the switch s converter capacity,1
nafed likely to market north east horticultural products,0
corporation bank to raise rs 500 crore from tier i bonds,0
corporate earnings likely to remain subdued in q2 crisil,0
gurgaon court asks cinepolis to issue shares to india mds deepak marda milan saini,0
sbi hits global debt markets to raise up to 1 bn,0
recommend slow accumulation into it sector harendra kumar,1
infosys riding on vishal sikka anticipated turnaround strategy p phani sekhar,0
nagarjuna construction q3 net profit declines 15 5 pc,2
moil s net rises 26 pc to rs 588 cr in fy 10 11,1
passenger volumes rose by 8 4 in the accounting period,1
zinc futures fall 0 17 per cent on low spot demand weak global cues,2
finnish electronics contract manufacturer scanfil reports net sales of eur 241 2 mn in 2006 down from eur 321 6 mn in 2005,2
exposure to the middle east market helped voltas perform well dipen shah,1
are you prepared for a bear market find out,2
haitong securities shares fall 10 per cent after trading resumes,2
meanwhile electrowatt ekono philippines inc was also awarded a three year operation and maintenance o m contract by fr cement corporation,1
the study was not designed to enable formal statistical evaluation of therapeutic activity the company said,0
sugar manufacturers gain on hopes of easing curbs,1
brent falls below 103 on higher libyan output lower geopolitical risk,2
commodity bourses turnover drops by over 36 pc in april december of fy 14,2
promoter feud hits sv global,2
miners meltdown as bhp to rio tinto sink in commodities rout,2
masala bonds not spicy enough for the market due to poor pricing,2
sasken shares up 20 as it wins 31 7 million in arbitration case,1
ntpc plunges to 5 year low on cerc pricing rules top sensex loser,2
hong kong stocks flat by lunch,0
holcim ambuja cements deal not winsome for investors,2
mphasis will take a good beating down on the hp front avinash gorakshekar,2
f o tracker call bunching at 7500 on nifty shows resistance,0
hot money returns to pakistan stock market,1
rs butola is the new chairman of petroleum federation of india,0
the company booked april june new orders worth 949 mln eur compared with 786 mln eur in the same period a year ago,1
rupee falls 14 paise to 61 88 against dollar in early trade,2
initial hype over use now low on volumes,2
data surge to support airtel s growth but african woes may stay,0
indians on spending spree time to nibble at discretionary stocks,1
infosys may report sharp 11 3 drop in net profit for june quarter,2
raute said it has won an order worth around 15 mln eur to supply several plywood production lines to mills operated by russian wood products company sveza group,1
nhpc q2 net profit drops 9 67 to rs 707 58 crore,2
sintex industries rallies over 7 post q4 results,1
many promoters still own physical shares despite sebi mandate on dematerialisation of shares,0
with the launch of new 3g handsets nokia aims to become the winner in china s 3g market as it did in the 2g market,1
consisting of seven interconnected units mega image s logistics center will be 347 metres in length and 12 metres in height,0
russian rouble slips as support from tax period fades,2
in the second quarter of 2010 the group s net profit rose to eur3 1 m from eur2 5 m in april june 2009,1
somany ceramics q3 net profit down 41 pc to rs 4 78 crore,2
hyundai motor up more than 4 rebounding from recent falls,1
sebi bars three firms from mobilising public money,0
2014 will remain challenging for indian banks say analysts,2
the contracts have been signed to acquire uranium produced at the sotkamo nickel zinc mine in eastern finland owned by talvivaara,1
the company has some 410 employees and an annual turnover of eur65 4 m vaahto group is listed on the nordic exchange in helsinki,0
the eps outlook was increased by 5 6 pct for 2007 and 7 0 pct for 2008,1
keshub mahindra retires as mahindra mahindra chairman anand mahindra takes over,0
risk reward is pretty positive in bajaj holdings ashwani gujral,1
plan to list syngene in august use ipo proceeds for r d kiran mazumdar shaw,0
mercator shares gain 60 in a month on restructuring talks,1
after the acquisition basware s preliminary pro forma net sales for 2005 amount to eur 52 6 mn and preliminary pro forma operating profit amounts to eur 7 1 mn,0
western coalfields cmd d c garg passes away,0
moser baer near 3 yr high on preferential share issue,1
geosentric oyj s geosolutions business unit gypsii the mobile digital lifestyle application and geo mobility social networking platform has signed an agreement with nanjing mynet to make the gypsii mobile social networking platform available to customers of china mobile,1
last year upm cut production closed mills in finland and slashed 700 jobs,2
last year s third quarter result had been burdened by costs stemming from restructuring in the us,2
zinc futures marginally up on spot demand,1
five reasons why investors should stay away from infosys,2
mid cap funds can deliver more stay put experts,1
icici bank board approves five for one stock split,0
adpnews may 4 2010 finnish cutlery and hand tools maker fiskars oyj abp hel fisas said today its net profit declined to eur 12 9 million usd 17m in the first quarter of 2010 from eur 17 million in the correspond,2
kaveri seeds reports net loss of rs 47 52 crore in q2,0
mfs dominate among 20 buyers of rs 1 000 crore tech mahindra shares,1
won leads asia fx rebounds after us jobs data,1
s korean stocks slip on persistent foreign selling won down,2
finnish consumers prefer to buy the cheapest beer brand,0
nagarjuna fertilizer dec qrt net up two fold at rs 33 37 cr,1
indian hotels a good investment call over medium to long term ashit suri,1
siemens shares gain after strong earnings,1
basmati prices fall on government s measures subdued demand,2
worst is behind for idbi bank all eyes on management activity deven choksey,1
kpit tech rallies on upbeat q2 numbers,1
finnish metso paper has won an order to supply an uncoated fine paper machine to mcc paper yinhe in china,1
wipro likely to sell water business focus more on core,0
coastal projects gets rs 250 cr pe funding,1
britain s ftse forges ahead as shire surges,1
stockoptionexpert mat 6 big trader added 10000 april put contracts 3 days ago,2
intc finally some nice downside move looking for the 31 handle to break,2
cnx it to remain positive and strongest among the tech pack mitesh thacker,1
akzo nobel q2 profit up 5 98 at rs 35 75 crore,1
it is the last smartphone running maemo 5 which is to be replaced with meego a joint project between nokia intel and the open source community,0
wx decent pull back,2
profit before taxes was eur 4 0 mn down from eur 4 9 mn,2
volkswagen shares bounce back from lows to show gain of 4 in late morning,1
lodha developers pvt to raise 1 billion via ipo,0
monsoon fears tight npa norms weigh on shriram transport finance,2
one can short ranbaxy ashuu kakkarr,2
narrows to eur2 8 m 9 mo 09 29 october 2009 finnish software and hardware developer elektrobit oyj hel ebg1v or eb said today that its net loss narrowed to eur2 8 m for the first nine months of 2009 from eur35 6 m for the same period a year ago,1
australia shares set for a strong start tracking wall street,1
55 workers in m l will be affected by the close down,2
divestment to remain overhang on nbcc stock parag thakkar,2
cern consolidating above 50 200 ma nice long entry here w stop below 10 ma targeting 70 area,1
amara raja batteries hits 52 week high on q1 results,1
refile aviva investors to move 34 bln euros in assets from axa fund arm,2
by 14 29 cet on monday shares in bavarian nordic had climbed 1 21 to dkk250 on the stock exchange in copenhagen after having lost 7 41 in the past month,1
jm asset reconstruction company profits up 142 per cent in h1 2015,1
infrastructure stocks could see some bounce back sangeeta purushottam,1
wns appoints adrian dillon renu karnad to board of directors,0
espirito santo securities appoints premal madhavji as equities head,0
munish sharda appointed as future generali life md ceo,0
sugar prices falls on weak demand,2
deepening bond rout rattles world markets,2
mcx receives nearly 60 applications for md and ceo vacant post,0
wheat prices ease on adequate supply reduced offtake,2
no age bar for appointing commex managing director,0
amar ujala plans another ipo to raise about rs 450 crore,0
m m finance plunges 8 5 as brokers cut target price post q3 results,2
valuation of religare invesco deal not expensive,2
he confirmed his view on july 6,0
best performing stocks of 2015 lupin shone through pharma headwinds,1
edible oil prices to come down,2
isms does not disclose its financial results the daily said,0
don t expect performance from oil and gas stocks ahead of polls bp singh,2
nbcc surges 5 as co bags order worth rs 3 000 crore from aiims,1
jet airways posts net profit of rs 118 23 crore in q3,0
what is up with hk from jan to now it s been a sinking ship,2
finnish raute precision has won large glass batch plant and mortar plant orders from mexico and the us,1
kc chakrabarty to join indiabulls housing finance as independent director,0
the chf is a great product,1
the invention carries international patent publication no,0
dollar under pressure after shake out of crowded bullish positions,2
micron shares pounded on fears of loss of business from apple stifel defends aapl mu marjo,2
sell zee entertainment ltd with target price of rs 255 mitesh thacker,2
market avoiding companies mired in coal allocation scam ajay bodke,0
greaves cotton set to flourish with improving margins,1
rate sensitive stocks could do well post elections jyotivardhan jaipuria bofa ml,0
state run iron ore miner nmdc now in nifty 50 index,1
pre tax profit totaled eur 397 4 mn up from eur 164 7 mn,1
ranbaxy for short term deepak mohoni,0
sugar mills in maharashtra can now expect saffron boons,0
pre market nifty likely to bounce back on positive global cues,1
examining sbi rights issue proposal finance ministry,0
why sensex churn matters to investors,0
company law board accepts private equity investors plea on fourcee forensic audit,0
oil led margin growth begins aiding earnings,1
an insurance company underestimated how long people would live and now its stock is crashing,2
apple shares slump ahead of september 9 iphone launch,2
the government has instead proposed an exchange of the state s stake in lmt to teliasonera s stake in lattelecom,0
bharti realty appoints s k sayal as managing director and ceo,0
motilal oswal forecasts achhe din for stock market in 2016,0
chennai petro cracks 15 after posting net losses in q2,2
diluted eps rose to eur3 68 from eur0 50,1
mid cap stocks set to play catch up soon,0
mt educare plans ipo for college campus in karnataka,0
the gross area of eight houses will be 12 167 m2,0
poyry is a global expert in consulting and engineering,0
wipro comes under tax surveillance for body shopping stock falls,2
sterling hovers near 7 week highs eyes growth data and election risks,1
twitter shares fall more than 11 per cent as growth of monthly users slows down,2
i grid shows dia capped for the long term at range of 123 40 124 77 any rally beyond today s levels or into this range leads to meltdown,2
hong kong shares edge up on shanghai connector expectations,1
european shares dip after ecb rally eyes on us payrolls,2
psu banks unlikely to deliver expected earnings over the next quarters harendra kumar,2
fertiliser stocks should be looked only after any move on deregulation ashwani gujral,0
five things to know about trading securities smartly in the stock market,0
here are the jobs most in demand on wall street,0
premium valuations of eicher motors should sustain mayuresh joshi,1
comptel corporation will publish its financial statements for 2008 on 12 february 2009,0
cement cos weak demand high input cost may derail rally,2
unique identification number for hallmarked jewellery bis,0
gmr infrastructure q1 net loss shrinks to rs 429 crore,2
minimum shareholding norm not for non controlling entity sebi,0
nifty could correct maximum by 130 points mitesh thacker,0
wft closng higher from here,1
cummins new cpcb norms and reduced dependence on imports make it a good long term buy,1
finance ministry to give in principle approval for uti mf ipo soon,0
state bank of india rallies over 1 on fund raising plans,1
senior mcx officials e mails may offer key information,0
after the sale savcor group ltd will comprise savcor art a corporate function and an investment in cencorp corporation,0
sebi bars kolkata weird industries from raising funds,2
equity indexes working on a positive engulfing for march sml rut iwc smh sox small caps semis with a fakeout before the b out,1
manappuram finance launches another public issue,0
sintex q3 net profit jumps 91 27 to rs 162 03 crore,1
basf stocks gain 76 in three months but earnings need to grow to match valuations,1
glencore blames rivals for creating metals glut,2
precious metals tumble on dollar investors monitor china fed,2
best time for the insurance companies to list to attract investment deepak shenoy,1
nfl q2 net loss at rs 25 90 crore,2
silver futures retreat 0 81 pc on global cues,2
subscribers of china unicom the nation s second largest mobile phone operator after china mobile are expected to release pictures videos and blog on the internet via mobile phones as of march 2008,0
france raises concerns over proposed lse deutsche boerse deal,2
renn topping tail 5 min chart at 7 31 short from here,2
rbi issues new reporting norms for over the counter trades,0
activision blizzard media networks announces record esports viewership atvi partnered with hdsi for 9 tournament,1
the company will use the money for product development and research activities through 2013 in its key markets finland germany italy and france,0
brent s premium to dubai crude falls to lowest in more than 3 months,2
taipei shares plunge 7 49 per cent in worst ever intra day drop,2
post election results volatility traders save bets for rbi review union budget,0
the move will be carried out by transferring hkscan s production related property plant equipment as well as its holdings in subsidiaries and associate companies in the country to hkscan finland,0
the original patent was filed in finland under application no,0
cash flow from operating activities is estimated to be positive,1
capex cycle revival positive for market prefer logistics stocks prakash diwan altamount capital management,1
hmt surges on hopes government may delay shut down,1
hong kong shares slip ahead of holiday as investors shift to china plays,2
police frame charges against jignesh shah in nsel scam,2
v guard industries q1 net soars 26 13 per cent at rs 22 25 crore,1
why investors should not eagerly await hul results,0
mastek rallies 20 in 3 days ahead of buyback proposal,1
market is contracting preparing itself for a big move ashwani gujral,0
total operating revenue grew by 27 6 year on year to eur61m,1
promoters of maharashtra seamless to buy back rs 100 crore shares,1
27 january 2011 finnish it solutions provider affecto oyj hel afe1v said today it has won a eur1 2 m usd1 6 m contract from state owned lithuanian social insurance institution sodra,1
bengaluru based builder unishire raises rs 126 crore through issue of ncds,0
pawan hans helicopters offers equity stake against rs 131 crore loan,0
less than 50 chance of oil falling below 20 a barrel goldman,0
two reasons why psu banking stocks have turned around in terms of performance,0
finnish financial group aktia s operating profit for 2009 increased to eur 47 0 mn from eur 6 6 mn in 2008,1
speciality chemical companies to gain as production moves out of china vinay khattar,1
renesas mobile europe ltd has approximately 470 employees in oulu,0
iob slumps over 15 as company posts losses for second successive quarter,2
in future the plant will focus on the production of flange profiles for wind farm towers,0
steps taken by management paying off for tata sponge dipan mehta,1
offshore india etfs pull money out in july first time in 16 months sell equities worth rs 750 crore,2
aapl a new long if 110 61 is broken targets are 112 19 119 86 123 82 bears must retake 102 77 qqq nq f ndx,1
cil stake sale subscribed 30 till afternoon trade,0
alcatel lucent confirms plans for ipo of submarine network unit,0
et in the classroom simple strategies to play nifty f o,0
at 3 37 p m eastern time a block of 2 400 contracts changed hands at a bid price of 0 45,0
berger paints q1 net up 17 at rs 57 46 crore,1
net profit was 35 5 mln compared with 29 8 mln,1
oil prices dip as demand stalls but u s supported by rig cut,2
healthy product pipeline to help orchid chem boost sales,1
our approach is very much to only use raw materials that are produced in line with the principles of sustainable development,0
gspc raises rs 3 000 crore through bond markets to meet capex need,1
tesla recalling 2 700 model x units related to faulty latch for third row seats fall to 252 50 level on recall shares up 1 tsla,2
biocon shares fall after july september earnings,2
tilaknagar industries slumps after abd calls off talks of acquisition,2
merrill lynch analyst campbell morgan upgraded his recommendation on paperlinx from neutral to buy in may,1
xander finance appoints rajeev radhakrishnan as cfo,0
airtel to raise 250 million more from bond sale,0
indian bonds slump to 2014 lows on concerns about cash conditions,2
the company can not give up palm oil altogether however,0
reserve bank of india may sell 91 day treasury bills at 8 60 per cent poll,2
reserve bank of india adds net 5 5 billion in up to 1 year forex forwards in july,0
coca cola loses fizz volume growth dips to single digits year on year,2
that s what i go to bed worrying about every night he said,2
rouble crisis ripples through wheat as bulls advance,1
at 12 01 pm the omx helsinki 25 was down 0 66 pct to 3 143 57 and the omx helsinki was 0 67 pct lower at 10 530 74 on 253 mln eur turnover,2
shares in bae systems hit 10 month high on rating upgrade,1
low valuations and better balance sheets make auto stocks a good pick pankaj pandey,1
sebi eases rules for market making in illiquid equity cash segment,0
a le coq special was developed for the bicentenary of the company and the trade mark the brewer said,0
nokia will certainly disagree with qualcomm s views on the patent situation,2
npa situation in banks poor aviodance advised mehraboon irani,2
apple inc announces seven part bond for buybacks dividends,0
pharmaceutical market in czech republic global research data services published recently a market analysis about the pharmaceutical markets in czech republic,0
sales boost for new morrisons chief david potts as tesco turnaround stalls,2
sbux heading for the 200dma and certain doom if it can not hold there,2
4 february 2011 finnish broadband data communication systems provider teleste oyj hel tlt1v said wednesday its net profit rocketed to eur4 8 m in 2010 from eur416 000 in 2009 and it lifted its dividend proposal,1
shriram transport finance net up 7 to rs 366 cr,1
gammon infrastructure projects rallies 10 on sale reports,1
quality chargers under chargz brand are sold in selected retail stores and other sales locations world wide,0
harish bhat to be member group executive council of tata sons,0
stanchart and rbs struggle in bank of england stress tests,2
we are honored to be acknowledged for our commitment to the industry especially in asia pacific,1
kone shares dropped 4 1 percent to x20ac 43 us 55 77 in helsinki,2
7 pantaloon retail promoters sell 25l dvr shares for rs 71cr,2
srei infrastructure finance shares rise over 5 on fund raising buzz,1
reliance industries to stay in 800 950 range says jagdish malkani,0
the group s revenue amounts to over eur 80 million about half of which is accounted for by exports,0
anil manghnani director modern shares and stockbrokers limited talks about performing stocks,0
share markets await narendra modi s maiden budget,0
imax china files ipo in honkg kong looks to capitalise on entertainment demand,0
finnish honkarakenne that specialises in the building of log houses is planning to use pine from russian karelia,0
the omx helsinki index was 0 33 pct lower at 9 364 80 while the omx helsinki cap portfolio index was down 0 34 pct at 5 029 25,2
why 9 000 on nifty matters putting bull market in perspective,0
rakesh jhunjhunwala bullish on ncc buys 4 cr shares via rights issue 6 5l in open market,1
jyoti soars 18 on bagging rs 139 crore order,1
united bank profit at rs 41 78 crore in q3,0
intercontinental hotels group share price climbs on 1 5bn special dividend,1
heritage foods q1 net profit rises 76 per cent,1
hyg potential continuation uptrend on a 60 15 4 charts,1
hcl technologies down nearly 3 post q4 results worst fall since july 14,2
fund managers look to make room for alibaba group holding inc,0
on preliminary estimate the hotel will operate under the brand novotel,0
reliance communications raises rs 6 100 crore via qip to reduce debt,1
ranbaxy laboratories rallies over 8 on usfda nod for diovan s generic version,1
premium valuation for tcs justified among large cap it stocks dipan mehta,1
snowman logistics hits upper circuit for second straight day,1
pohjola and cooperative banks have continued to combine their branch office network,0
destia oy is a finnish infrastructure and construction service company building maintaining and designing traffic routes industrial and traffic environments but also complete living environments,0
markets make merry on narendra modi magic sensex tops 25 000 mark,1
united bank raises 350 million under mtn programme,1
operating profit improved by 16 7 to eur 7 7 mn,1
delhi high court asks centre sebi to reply to plea on automated trading,0
the total delivery volume of paper businesses in 2010 was 1 155 000 tonnes up from 1 132 000 tonnes in 2009,1
budapest august 10 mti finnish electronics maker elcoteq will lay off 700 workers at its plants in pecs s hungary at the end of september because of falling orders communications director for elcoteq s local unit zoltan krippl told mti on monday,2
brent holds near 102 heads for weekly drop as firm dollar hurts,1
according to ceo matti karppinen frozen foods posted a good result in 2010 as it did in 2009,1
by separating side businesses we will be able to faster expand and develop tapro retail network,1
dcth near hod,1
base metals strengthen on global cues,1
wholesale onion prices slide in maharashtra,2
auto trader share price surges as company floats on lse,1
share prices of justdial unlikely to go up futher trade cautiously sudip bandyopadhyay,2
rate cut hopes make traders bullish on bank nifty,1
previously the company has estimated its operating profit to reach the level of 2005 only,1
catch up game bse mid cap index trails bigger peers,1
hero motocorp reverse losses of nearly 2 q3 results below estimates,2
aspen to buy anaesthetics from astrazeneca for 520 million,1
kone s net sales rose by some 14 year on year in the first nine months of 2008,1
net profit in the three months through march 31 fell to x20ac 103 million us 165 million from x20ac 131 million a year earlier the finnish company said,2
helsinki finland sept 18 2009 globe newswire ixonos plc expands the company s smartphone r d services and establishes a new next generation smartphone design unit in connection with ixonos site in jyvaeskylae,1
easyjet expects resilient demand to withstand security fears,1
nifty can reach 8000 levels in six months says ajay bagga,0
nouveau multimedia approve stock split stk gains,1
oversupply in oil market to continue,2
capgemini raises 2015 revenue outlook on igate acquisition,1
container corporation q3 net up 5 4 at rs 249 5 crore,1
the total value of the deliveries is some eur65m,0
sugar remains weak on ample supply low demand,2
russia ukraine talk war sensex ends below 21k 10 safe stocks,2
symphony ltd q1 net rises 51 per cent to rs 21 63 crore,1
sobha q2 net down 33 at rs 40 crore,2
the company is well positioned in brazil and uruguay,1
lupin q4 results misses street estimates stock declines,2
low energy consumption and flexible loading are just a few of the advantages of the chf pro,0
earning upgrades in h2 will give a good fillip to the market avinash gorakshekar anagram capital ltd,0
jignesh shah quits indian energy exchange board,0
dtc will not impact foreign investor fund inflows,0
the company said it estimates to make a slight profit thanks to cost cutting measures,1
the price will be specified at the completion date,0
indian register of shipping appoints new executives in singapore and london,0
currency corner rupee snaps 3 day gain as funds reduce equity exposure,0
the company said production volumes so far indicate the circuit is capable of the targeted output rate of 60 000 tonnes per day or 22 million tonnes a year,0
gspc likely to postpone ipo as merchant bankers advise caution,2
bear grip sensex ends 541 points down here s what you should do,2
sterling slips as scottish vote nears soft uk inflation could hurt,2
hsbc handpicks seven hot midcap themes for the year 2014,0
kotak ing union takes some bank stocks to a high station,0
back then tikkurila s former owner finnish chemicals company kemira oyj hel kra1v distributed an 86 stake to kemira shareholders to facilitate the divestment and listing of tikkurila,0
the company s profit totaled ls 578 100 in h1 2007 down 30 9 year on year,2
pboc steps up intervention in yuan trading sources,0
sell sun tv with target price of rs 330 mitesh thacker,2
steria india sees exits at top ceo hr head svp finance quit,0
telcos pare gains as sc rejects license extension plea,2
rt joemccann the correleation between the dollar index and spy is simply amazing dx finds support spy retreats like clockwork,2
yes bank q3 up 30 yoy to rs 540 crore in line with estimates,1
make a base right now trade in low volatile ranges gaurang shah geojit bnp paribas financial services,0
profit per share was eur 1 03 up from eur 0 87,1
commexes turnover surges 55,1
previously eb delivered a custom solution for lg electronics and now is making it commercially available for other mobile terminal vendors as well as to wireless operators,1
stability may return to markets 150 points run up possible deven choksey kr choksey securities,0
5270 5250 is the most preferred buying level for nifty mitesh thacker,1
dishman pharma shares soar over 13 on robust q1 results,1
onion prices rise 66 as traders overstocked for profits,1
soullor the regular scrappy q swy usually presents sales weak margins down debt still way up,2
be cautious while entering market iv subramanium,2
infotech enterprises investors should use the correction to buy the stock,1
rp sanjiv goenka group to begin new csr initiatives,0
search panel recommends s s mundra for rbi deputy governor role,0
about 72 of evraz group shares are owned by lanebrook whose beneficiaries on the one hand are millhouse the holding company for the assets of billionaire roman abramovich and his business partners 50 and evraz executives alexander abramov and alexander frolov 50 on the other,0
hindustan zinc q4 profit declines 13 pc to rs 1 881 crore,2
dlf s q3 profits fall 30 25 per cent,2
oberoi realty rallies 15 as sc frees up stuck projects in mumbai,1
surya roshni q1 net profit up 22 at rs 12 crore,1
nsel director jignesh shah quizzed again focus now on broking firms,0
record high prices no bar for gold sales,1
hrishikesh nair appointed as infopark ceo,0
pre market nifty seen opening flat gdp data eyed,0
barley futures fall on subdued demand,2
significant corrections from these levels unlikely ashwani gujral ashwanigujral com,0
sppi building rs sweet i want this to break a new 52week the earnings growth justifies way higher,1
uptick in demand lifts turmeric futures by 1 44 per cent,1
dollar wobbles on track for half year loss vs yen,2
sebi proposes including family trusts nbfcs in qib segment,0
see 50 60 upside potential in majesco daljeet singh kohli,1
finnish operator elisa and aker yards have signed a long term service deal through which elisa will deliver all necessary voice and data services for aker yards in finland,1
private banks rally may stall as fii stake nears limit,1
ftse led lower by m s glaxosmithkline,2
sampo group that has become a major shareholder in nordea owns trygvesta s main competitor if p c insurance,0
m teresa kho is adb new country director for india,0
the costanza light with an aluminum base and washable shade comes in white pistachio orange blue and red,0
pre market nifty seen opening flat mid smallcap stocks in focus,0
inha works has invested in its product development and market research,0
nbfcs seeing good q2 numbers on fall in input cost deepak shenoy,1
in addition to verification of an identity and digital signatures new state approved mobile id enables to cast votes in elections as well,0
viking line s cargo revenue increased by 5 4 to eur 21 46 mn and cargo volume increased by 2 4 to 70 116 cargo units,1
bajaj auto q1 pat seen 2 4 up at rs 735 crore,1
should you opt for richly valued stocks,0
radico khaitan q4 net down 36 98 at rs 9 9 crore,2
the group s operating loss was eur 0 8 mn down from a profit of eur 2 5 mn in 2004,2
the new shares entitle their holders to dividends for fiscal 2006,0
t bill volatility a warning shot to investors says jpmorgan head jamie dimon,0
wall street dips in volatile trade oil prices fall further,2
coffee day to list shares on monday,0
check out experts recommendations on infra stocks,0
aircel appoints kaizad heerjee as chief operating officer,0
our decision and resolve on meego is only stronger she continued,1
frost sold shares for 19 million at 6 06 7 12 per share compared with friday s high of 11 33 and low of 10 14,2
jewellery major rajesh exports clocks 64 2 jump in pat in fy12,1
corp bank s q2 net jumps 10 fold to rs 160 crore,1
japan post ipo to include separate listings of bank insurance units,0
sebi to replace listing regulations tighten trading rules,0
treasury income low costs double kotak net,1
new recommendation from carl kirst of bmo capital markets for wmb is buy price target is 62,1
viber ups marketing efforts with cmo appointment,0
jsw steel promoter hikes stake in company,0
it holds 38 percent of outokumpu s shares and voting rights but in 2001 lawmakers gave it permission to reduce the stake to 10 percent,0
i m not sure what s happening,0
tyre stocks may go up by another 30 from these levels p phani sekhar,1
sugar closes steady on sporadic buying,0
mecklai financial report 22 september 2014,0
subex rallies nearly 5 on reports of buyout by global tech firms,1
the department store division reported an increase in sales of 4 per cent,1
metals including other commodities would benefit vineet bhatnagar,1
160 165 level to watch out for in eros deepak mohoni,1
adlabs ipo a good opportunity for investors willing to invest in entertainment biz deven choksey,1
upcoming festive season likely to augur well for the retail sector sudip bandyopadhyay,1
the contract which was signed yesterday will run for five years and includes a two year extension option,0
voltas shares slump 6 as top brokerages downgrade on earnings concern,2
the equipment ixonos acquires with this deal includes mechanical engineering hardware an rf and antenna measurement laboratory facilities for the measurement of audio cameras and displays as well as devices and robot units for the testing of mobile devices,0
sebi considers proposal on cross currency futures pairs,0
subbarao hints at forex market intervention,0
earnings per share eps in the first half of 2007 amounted to eur0 29 down from eur0 40 year ago,2
itg s share in the deal is estimated at some 500 000 euro 627 000,0
tnh looks like an explosive setup if it can break the 20ema and 105 level,1
electrosteel castings q2 net profit down 35 to rs 12 77 crore,2
hul fails to grow q1 net profit amid uncertain demand,2
i don t see strong momentum in cnx it mitesh thacker,2
according to finnish pension insurance company varma varma was the recipient of over two thirds of the revenue of the earnings related pension cover that was under competitive tendering in finland,1
sebi to seek extra funds for investor programmes,0
sponda will record a profit from the sale of 8 5 mln euro 12 4 mln,1
bonds little changed treasury bills auction in focus,0
strong pipeline of films low risk business model drives net profit of eros international,1
larsen toubro net profit up 35 per cent to rs 894 crore below estimates,1
liquidity overhang hits sbi margin net flat at rs 2 479cr,2
oil prices rebound in asia,1
finnish printed circuit boards pcbs maker aspocomp group oyj said on december 4 2006 it named henry gilchrist senior vice president of the group s asian operations as of january 8 2007,0
among the biggest christmas sellers were a 35 satin bow shift dress styled on outfits worn by victoria beckham and a 75 paris hilton prom dress,0
cover up all positions for sbi mitesh thacker,0
chinese stocks hit fresh 7 year high despite rush of ipos,1
ample stocks drag down mentha oil futures by 1 51,2
three psbs to raise rs 4 500 cr in perpetual bonds,0
aldata solution a global company engaged in supplier to consumer business process optimization has announced the details of its dollars for dinosaurs program,0
d street could move 2 on either side on thursdays fed outcome,0
sbi to submit revised proposal on rights issue in june,0
turnover rose to eur21m from eur17m,1
era infra engineering plunges into red on lower sales,2
ruukki has signed a contract to deliver and install the steel structures for a bridge over the kyronsalmi strait in savonlinna finland,1
iea sees much higher demand for opec oil for rest of 2014,1
operating loss totalled eur 4 0 mn compared to a profit of eur 8 6 mn in the second quarter of 2008,2
mid caps yield from sips higher than large cap funds,1
nifty likely to revisit 7450 7500 support levels mitesh thacker,0
downside of 105 110 levels possible for pfc ashwani gujral,2
pepper futures rise on spot demand,1
global lng asian prices continue to slide on weak demand,2
metso s delivery will include a complete coated board line with related air systems and two winders,0
the company does not at present hold any of its own shares,0
facing a rs 2 700 crore loss fis swoop down on bhushan steel,2
balfour beatty plc set to reinstate dividend and rival national grid plc and centrica plc once more,1
the company s net profit rose 11 4 on the year to 82 2 million euros in 2005 on sales of 686 5 million euros 13 8 up on the year the company said earlier,1
the liquid handling segment offers laboratory equipment and accessories including mechanical and electronic pipettes and disposable tips used in the research institutions universities and hospitals as well as in the pharmaceutical food and other industries under the biohit brand,0
debjani ghosh is intel south asia head,0
management commentaries to sway sentiment on it counters mayuresh joshi,0
mentha oil futures remain weak on sluggish demand,2
atul auto net profit up by 26 at rs 3 87 crore in june quarter,1
the situation of coated magazine printing paper will continue to be weak,2
my wife is looking forward to getting a paycheck again he quipped recently as a six knot current swirled around his anchored and heavily sponsored jet sled,0
break above 8 340 on nifty can trigger 100 point rally on index mitesh thacker,1
marico q2 net up 27 to rs 150 72 crore,1
the company did not distribute a dividend in 2005,0
this includes a eur 39 5 mn change in the fair value of investment properties,0
sebi collates kyc details of nearly two crore investors,0
hong kong shares close mixed on china bank reform plan,0
lic housing finance profit up 37 percent in q2,1
added more bbby jimcramer is wrong about this one still a very profitable merchant with profitable stores,1
idfc will not give immediate gains nitin raheja,0
lietuvos respublikos sveikatos apsaugos ministerija has awarded contract to uab affecto lietuva for financial systems software package,1
expect nifty to test 6000 in next few months bp singh,0
raisio s malting capacity was in full use in 2008,1
ibm staying strong,1
jbm auto q1 net profit soars 60 per cent,1
infosys can slip to rs 2 700 levels what should investors do,2
we will continue to make it easier for users to explore services on their handsets and will work towards bringing internet to a wider range of devices including mid and low end devices said kallasvuo,0
glaxosmithkline share price slips as fda okays asthma therapy only for adults,2
finnish scanfil a systems supplier and contract manufacturer to the communications sector and the electronics industry reports net sales of eur 49 6 mn in the first quarter of 2009 which are only a per cent smaller than in the corresponding period in 2008,2
dhampur sugar mills net profit up at rs 52 63 crore for march quarter,1
last year the company raised its turnover to approximately 7 million litas eur 2 mln from 6 1 million litas in 2004,1
wall street brightest minds reveal the most important charts in the world,0
dry fruit prices rule steady in tight movements,0
ubs says just over 90 of shares tendered into exchange offer,0
ranbaxy hits 52 week high on ubs upgrade,1
jim rogers buys euros says bailouts will destroy currency,1
zurich insurance considering offer for uk rival rsa insurance,1
sebi mulls fresh checks on mis selling of mutual funds,0
sales in finland decreased by 10 5 in january while sales outside finland dropped by 17,2
nordstjernan will make the offer in approximately one month in september 2007,0
retail investors hit by intra day drop in silver,2
componenta s objective with this agreement is to increase business on its existing production lines,1
investments in product development stood at 6 0 mln euro 8 8 mln,0
icici bank shares fall nearly 2 per cent post earnings,2
finnish sampo bank of danish danske bank group reports profit before taxes of eur 152 3 mn in 2010 up from eur 32 7 mn in 2009,1
cag report gmr infra slips over 3,2
pharmaceutical market in netherlands global research data services published recently a market analysis about the pharmaceutical markets in netherlands,0
rupee at 1 month low weak shares aid,2
lloyds to cut 945 jobs as part of three year restructuring strategy,2
shibulal may succeed kris gopalakrishnan as infosys ceo this april,0
infosys q4 fy14 results 10 takeaways,0
basware invoice processing basware contract matching basware order matching and basware kpi reporting tool are part of the basware s enterprise purchase to pay product suite,0
forex gains drive maruti q1 net up 49 per cent,1
it makes a wide range of mobile devices with services and software that enable people to experience music navigation video television imaging games and business mobility,0
china yuan rises for the 5th day despite weaker fixing,1
multi commodity exchange signs new technology contract with financial technologies india ltd,0
top 12 value picks to choose from in times of global rout sbicap securities,0
government looking to list uti amc to seek nod from arun jaitley in a month sources,0
crude likely to fall to 60 a barrel in near to medium term experts,2
bond yields steady auction results awaited,0
united bank of india plunges over 3 as cmd archana bhargav quits,2
25 march 2011 finnish electronics contract manufacturer scanfil oyj hel scf1v said today its plan to merge wholly owned scanfil ems group with ojala yhtyma oy has hit a snag as shareholders of the domestic rival rejected the deal,2
lic housing finance q3 profit up 38 at rs 326 59 crore,1
hikal reports net profit of rs 5 crore for q1,0
brent falls below 60 for first time since 2009,2
no relief for ranbaxy in the near term five facts,2
crude palm oil futures decline 0 34 on sluggish demand,2
comparable net sales are expected to increase more than 10 in 2008 in line with group target,1
political uncertainty may dampen market mood,2
the terms of the financing were approved by the annual general meeting of the company held on june 30 2010,1
iwm relative weakness is pretty apparent but the short boat is getting full on this one i prefer the boat closer to empty,2
re touches 15 month high ends at 45 70,1
maruti skids 9 as board approves 100 suzuki subsidiary in gujarat,2
little cautious on abb avinnash gorakssakar,2
sebi revamps securitisation trustee norms,0
banks tank as rbi moves to introduce new methodology for base rate calculation,2
jewellers incentivise customers who sell old gold to increase flow of yellow metal,0
according to swedish authorities traces of the very toxic osmium tetroxide have been found on the coast of per meri the northernmost part of the gulf of bothnia,2
claris lifesciences promoter sells 10 lakh shares,2
a survey conducted by taloustutkimus for sampo life shows that companies are badly prepared to losing key staff members,2
bse asks brokers to remit excess stt to government,0
ramky infrastructure rallies 18 on sale of 3 highway projects to pirmal group,1
finnish suominen corporation that specialises in wet wipes nonwovens and flexible packaging reports net sales of eur 44 1 mn in the second quarter of 2010 up from eur 43 3 mn in the second quarter of 2009,1
brcm raises revenue forecast,1
l t is operative in finland sweden latvia russia and norway,0
swing calls that can give sharp returns in a weak market,0
honeymoon over adani group stocks plunge upto 13 on basket selling in late trade,2
nifty likely to retest 8 340 level mitesh thacker,0
insecticides india s q4 net profit at rs 6 13 crore,0
global weakness turned markets towards a flat day ashwani gujral,2
crown castle buys tower development corp for 461 million,1
each year the dividend is deducted from the subscription price,0
gujarat pipavav port net doubles to rs 89 5 crore in july september,1
it sector continues to be enduring story of india jagdish malkani,0
tesla is recalling 2 700 model x cars tsla,2
ge shipping sept qtr net up 98 pc at rs 161 crore,1
history signals a better second half for gold,1
overall we re pleased with the startup curve and we re pleased with the quality of the paper stora spokeswoman patricia dietz said tuesday,1
8 600 m and at the time of investment it is fully leased to several tenants,0
infosys december show federal minutes to set pace for markets,0
imfa s q4 net up over 28 pc at rs 24 48 cr,1
teliasonera has secured deliveries for 4g modems with support for 3g and 2g during the second quarter 2010,1
hong kong shares end down losses limited by better than expected china data,2
core projects q3 net profit dips by 21 to rs 24 43 cr,2
s korean shares fall to 5 week low on oil plunge won firmer,2
difficult for apollo tyres to cross 66 67 levels mitesh thacker,2
fii holdings in auto component makers at multi year high,1
wipros revenue from media telecom down 3 1,2
valuations steep but monte carlo ipo worth a shot,0
mfs get sebi warning for violating investor norms,0
sterling near 4 week low vs euro ahead of uk inflation data,2
ramky infrastructure rallies on debt restructuring plans,1
equity mfs continue to bet big on it stocks,1
the company had hoped the new plant would be on stream by the end of 2008,0
the sellers were eoss innovationsmanagement and a group of private individuals,0
valuations continue to remain daunting in consumer durable space nitin raheja,2
things that influence pharmaceutical sector growth story,0
renatta fr0van kjepeneter rptl strong close 4 plnr coming,1
see 3 5 uptick in indices if gst gets rajya sabha nod emkay global financial services,0
silver futures recover 1 98 pc on global cues short covering,1
hewlett packard co to resume share repurchase program,0
currency trading is next big thing in india veracity financial service ltd,0
cardamom futures extend weakness on sluggish demand,2
west coast paper plunges 11 on stake sale reports,2
global banking news 28 september 2010 tieto corporation and pohjola bank pink pojlf are to cooperate on swift services,1
uae exchange appoints b r shetty as chairman promoth manghat as ceo,0
valuation gap between mid and largecap it stocks to narrow chokkalingam,0
markets likely to remain volatile top five trading strategies for budget week,0
via the agreement ramirent will expand the range of equipment and services it delivers to destia ramirent finland s managing director kari aulasmaa said,1
in 2009 stora enso s net loss was eur 879 7 million compared to eur 673 4 million in the previous year,2
nine banks keen on hind copper fpo mandate,0
divis lab can climb to levels closer to 1160 prakash gaba,1
nitesh estates post q2 net profit of rs 15 2 crore,0
syndicate bank q2 net declines 33 to rs 315 crore,2
sebi plans new norms for municipal bonds,0
overall strength in the market is visible hemang jani sharekhan,0
trading firms raised early concerns about barclays dark pool reports,2
yuan gains but china warns it won t fix economy,1
amit akali calls it quits at grey worldwide india,0
the value of the contract is about eur1 0 m poyry headquartered in vantaa finland provides consulting and engineering services to the energy forestry and infrastructure environment sectors,0
private sector is more promising than psu bank stocks,0
guargum prices rise in futures trade propelled by strong markets,1
eros international q1 net up 49 per cent at rs 53 crore,1
vaisala also said it expects net sales of eur 253 2 million for 2010 compared with eur 252 2 million recorded in 2009,1
sap names adaire fox martin as president of asia pacific japan region,0
all are welcome,0
bertrand sciard has been the vice chairman of the board of directors of aldata solution since april 2007,0
itc q4 pat rises 18 at rs 2278 crore stock ends in red,2
sun pharma ranbaxy deal increases optimism of more all stock deals but risks linger,0
nilkamal s stock price rises 7 pc,1
the reason for this is st petersburg status as a capital one of the participants in the meeting quoted chikunov as saying,0
guarseed futures gain on speculative buying,1
bt st call for welspun corp ashwani gujral,1
gsk raises india unit stake to 75 via open offer,1
however in march 2009 the government of st petersburg passed the front part of the building with the area 1 900 square metres and a land plot for a hotel worth usd 10 15mn to the company delta,0
zensar q2 net declines by 4 7 at rs 67 31 crore,2
sistema on way to market,0
the per share subscription price of the shares subscribed with the option rights was eur 1 35,0
gol recommends dividend of rs 2 50 per share,0
panacea biotec q3 net profit at rs 83 crore,0
brokerages up target price for tech mahindra post comviva buy,1
operating profit excluding non recurring items totaled eur 5 4 mn compared to eur 5 5 mn in the corresponding period in 2007,2
asahi could be about to snap up more of sabmiller s beers ahead of ab inbev sale,1
vix jumps 64 on covering of short nifty put options squaring off of bullish bets,1
see this week s upside continuing in next week too mitesh thacker miteshthacker com,0
sell oil india with a target of rs 515 sandeep wagle,2
pfc fpo oversubscribed 4 32 times on final day,1
as a result of the negotiations the company will terminate total 5 employment contracts,2
pharmaceuticals poland this brand new market analysis gives a clear overview of the actual situation and future outlook of the pharmaceutical market in poland,0
sponda plans to renovate old real estate and develop new property,0
wall st week ahead jobs report may test market complacency,0
more exits from ranbaxy laboratorie top management team,2
provogue s net rises 24 7 to rs 26 cr in fy10 11,1
caustic soda rises on industrial demand,1
parsvnath developers seeks shareholders nod to raise up to rs 1 500 crore,0
the venture which will be 51 owned by kemira and 49 by ivrcl will operate an inorganic coagulant manufacturing facility to be built in vishakapatnam vizag in the state of andhra pradesh and to kick off operations in the second half of 2011,0
forward markets commission asks investors to live with commodity transaction tax proposes reforms,0
sell adani enterprises ltd with a target of rs 445 ashwani gujral,2
jubilant foodworks q1 net down 18 at rs 27 72 crore,2
nifty ends at all time high after hitting 6 700,1
simultaneously his responsibility area is extended from legal affairs to cover also mergers and acquisitions,0
sell oil india ltd with a target of rs 540 prakash gaba,2
sharda cropchem has good business model kunj bansal,1
citibank india profit grows 41 4 to rs 2 718 crore,1
all yit capital markets day materials will be available on the company s internet site at at 10 30 on september 26,0
the huge bridge girders will be delivered to the site from our plant in ylivieska finland,0
operating profit rose to eur 5mn from eur 2 8 mn in the fourth quarter of 2008,1
warren buffett cuts tesco stake to below 3 per cent,2
horizonte acquires neighbouring glencore nickel property in brazil,1
the company said that sales in the three months to the end of march slid to eur86 4 m us 113 4 m from eur91 2 m last year,2
britannia sales rise 11 per cent in q1 margins improve,1
these sections will be put into place to form the load bearing steel structure of the bridge says sami eronen senior vice president infrastructure and northern europe ruukki construction,0
dilip buildcon files for nearly 100 mn ipo sources,0
in middle east north africa tecnotree has grown considerably in the recent years,1
pre election rally likely nifty may touch 6500 level ambareesh baliga,1
forget iraq woes sensex can still rally another 2 000 points ahead of budget 2014,1
soiles bhattacharya takes interim charge of sail,0
dlf asked to give fund requirement plans for interim relief,0
gsk consumer healthcare transfer of pricing pressure is the key,0
after the share purchase is completed financing will also be provided to expand latvia s broadband infrastructure and to develop new areas of business including acquisitions of other companies,1
gold at 2 week low on easing of import curbs by rbi,2
recommend lupin in pharmaceutical space g chokkalingam,1
outperformance of cnx it may not continue ashwani gujral,0
nifty50 to face strong resistance at 8 000 sandeep wagle,2
indian overseas bank q2 loss at rs 245 crore,0
sanjiv misra joins the board of directors of edelweiss capital,0
finnish energy company fortum oyj said on november 13 2007 it was granted an environmental permit to build a biofuel fired combined heat and power chp plant in vartan harbor in eastern stockholm,1
reliance communications closes share sale to raise a total rs 6 100 crore,0
glaxo s viiv healthcare signs china manufacturing deal with desano,1
surya roshni s industrial consumer businesses doing well make a case for demerger prakash diwan,1
jump in gold price could damp demand trade official,2
the share of the share capital of both above mentioned shareholders remains below 5,0
sameer goel takes over as cipla s india head,0
cesc has been experiencing volatility for few days mitesh thacker,2
religare launches new trading portal,0
israel shekel at 3 year high on israel hamas truce hopes,1
investigators turn bankers into informants in forex probe wsj,0
eid parry is a good pick from sugar and agri space shrikant chouhan,1
if the employee leaves the company within the duration of the cover the money invested to ensure commitment is returned to the company,0
cuts equivalent to the costs of about 35 45 employees are the target the company said,2
turnaround in fmcg may take a few more quarters,0
dlf gains momentum as q2 pat grows 9,1
vivus vvus bear raid in effect stock down 12,2
fortum needs a clear signal of commitment from the government that the permit is available before the company will start the next round kuula says,0
maharashtra seamless should resume its rally deepak mohoni,1
amara raja batteries q2 net up 23 at rs 123 crore,1
the continued operations mean the structure after the restructuring of the aspocomp group including aspocomp oulu and the headquarter operations,0
cognizant beats st net zooms 43,1
euro heads towards 9 month lows germany zew survey seen weak,2
drug licence supply gains turn it on,0
shanghai hong kong stocks rise at open,1
expect market to be volatile for time being gautam sinha roy motilal oswal amc,0
fiscal deficit to be around 5 this year jp morgan,0
due to the rapid decrease in net sales personnel reductions have been carried out on a wider scale than initially expected,2
euro slides to 3 month low on german data eu election uncertainty,2
chilli teja futures climb 3 60 percent on spot demand,1
educomp extends gain stock up 10 on debt restructuring plans,1
nine banks including barclays citi agree to pay 2 billion to settle forex,2
gold s expensive india feels the pinch finally,2
rupee rises most among em currencies since august 2013 low,1
sysopen digia plc press release 7 february 2006 ibm finland has rewarded its most distinguished partner companies for 2005,1
he will report to capman plc s ceo heikki westerlund,0
swot analysis is just one method of categorization and has its own weaknesses,0
facebook revenue profit beat forecasts shares hit all time high,1
pre market nifty seen opening higher on us federal reserve outlook,1
galeria podlaska a shopping mall on wysockiego street in bia ystok is approximately 60 percent leased or reserved,0
rl nordic is a part of raiffeisen banking group austria and is a subsidiary to raiffeisen leasing gmbh in austria,0
5150 5300 the big base for nifty this year il fs,0
isrg pt raised to 700 from 640 at leerink keeps outperform rated,1
cash flow after investments amounted to eur45m down from eur46m,2
koutons retail set for better days,1
the most popular mobile data services are email surfing the internet as well as news and weather services,0
cummins rallies over 6 as management raises fy15 guidance,1
hedge funds have never hated gold this much,2
yelp wayyy overvalued right now imo should be trading single digits may take a short pos into earnings near term target 18,2
bharat forge seems a safe bet deepak mohoni,1
ksb pumps to issue bonus shares stock surges,1
pfizer q2 net profit up 33 at rs 69 59 crore,1
finnish media company talentum oyj s net profit decreased to 2 5 mln euro 4 0 mln for the first quarter of 2008 from 3 0 mln euro 4 7 mln for the same period of 2007,2
ipca laboratories stock slumps 16 per cent,2
wait and watch on bharti airtel vinay khattar,0
endp we saw a large order in this one last week someone also accumulating may jun 35 s calls today,1
rupee weakens in line with asia as us federal reserve seen hawkish,2
new credit suisse boss faces stiff challenge in asia,2
tajgvk hotels resorts q4 net jumps 8 fold to rs 4 92 crore,1
britain s ftse edges up on speculation about dovish fed,1
investor fears on end of easy money right absolutely says jp morgan,0
aanjaneya lifecare q1 net up 68 pc at rs 18 93 crore,1
den demerger talk lifts stock,1
v mart q4 net profit declines marginally to rs 1 09 crore,2
the fair value of the company s investment properties went down to eur 2 768 billion at the end of 2009 from eur 2 916 billion a year earlier,2
hdfc bank misses estimates on provisions q1 net up 20,1
rupee falls 31 paise vs us dollar to one week low of 61 41,2
cautious on two wheeler space david pezarkar,2
another 100 150 correction on nifty is possible ashwani gujral ashwanigujral com,1
brief legal general s retirement business books 4 billion stg h1 sales,1
infosys reclaims status of top sensex stock,1
is trouble brewing at legal general group plc and aviva plc,2
bse issues guidance note on price sensitive disclosures,0
sensex heads for cloud 26 000 recommendations,1
its a good time to accumulate zinc,1
cisco rejigs india operations appoints dinesh malkani as president sales,0
revenue in july to september grew 14 percent to euro 467 million from a year earlier the company said thursday,1
bgr energy net rises 60 pc to rs 323 cr in fy11,1
bgr energy can test 370 levels mitesh thacker,0
nokia s share price fell less than one percent to 18 70 euros 25 41 in helsinki while siemens shares fell 1 02 percent to 90 19 euros 122 57 in frankfurt,2
offshore yuan surges by more than 1 per cent set for biggest daily gain,1
vaswani industries ipo over subscribed 3 87 times on final day,1
raute headquartered in nastola finland is a technology company serving the wood products industry worldwide,0
net sales of the paper segment decreased to eur 221 6 mn in the second quarter of 2009 from eur 241 1 mn in the second quarter of 2008 while operating profit excluding non recurring items rose to eur 8 0 mn from eur 7 6 mn,2
the move is aimed at boosting sales cost efficiency and market share in finland,1
bsnl reports operating profit of rs 672 crore for fy15,1
asian shares hit 1 year high on wall st rally ukraine vote,1
the scheme for teliasonera and altimo is practically identical except that it involves the merger of their stakes in vimpelcom and kyivstar,0
yes bank may find it tough to grow retail biz,2
ambuja cements a good bet deepak mohoni,1
alibaba symbol of china new technology giants,0
the company s net sales in 2009 totalled meur 307 8 with an operating margin of 13 5 per cent,0
piramal enterprises q4 net loss at rs 311 crore,2
irb infrastructure q3 net profit down 24 pc at rs 109 crore,2
arss infra pat up by 2 at rs 26 11 cr,1
kajaria ceramics q1 net up 50 at rs 39 crore,1
option bets soar as nifty seen at 5800 next month on reform push,1
leo puri likely to become cmd of uti asset management company,0
in january september 2007 finnlines net sales rose to eur 505 4 mn from eur 473 5 mn in the corresponding period in 2006,1
directors on psb boards to get market fee soon,0
operating profit rose to eur 3 2 mn from eur 1 0 mn in the corresponding period in 2008,1
investors should be wary of cyclicals even if narendra modi wins,2
early diwali on dalal street sensex rallies over 400 points,1
downside risk to niit looks limited,0
10 yr bond yield rises on profit taking,1
barley futures decline on selling pressure,2
separately yit corporation and austrian firm e ag last week signed an agreement on the sale of e s building system service business in germany austria poland the czech republic hungary and romania for eur 55 mln,1
sesa goa iron ore policy demand from china hold key,0
according to pkc the acquisition would bring a significant addition to pkc s customer base,1
calculus higher working capital weighs heavy on l t,2
do not see nifty testing 8000 levels ur bhat,0
shanghai shares close at highest in nearly two months,1
operating profit rose to eur 26 7 mn from eur 14 9 mn in the corresponding period in 2006,1
nse to shift stocks of 47 firms to restricted trading segment,2
vaisala headquartered in helsinki in finland develops and manufactures electronic measurement systems for meteorology environmental sciences traffic and industry,0
infinite computer ipo opens on jan 11 price band rs 155 165 share,0
v mart q1 net up 26 15 per cent at rs 9 02 crore,1
juha jordan chief engineer at glaston said one of the reasons for choosing vacon as a global ac drives supplier is that it has service and support centres in the same countries where glaston operates,1
sanofi q1 net up 16 44 at rs 51 7 crore,1
chana falls 0 25 on increased supply,2
the repurchase of the bonds was executed in the open market in accordance with section 7 f of the terms and conditions of the convertible bonds,0
infosys elevates pravin rao as whole time director,0
cement companies to benefit from peak construction season strong demand,1
finnish rautaruukki has been awarded a contract to supply and install steel superstructures for the partihallsf rbindelsen bridge in gothenburg in sweden,1
no service pricing details were disclosed,0
gold drops for fourth day on sustained selling global cues,2
piramal enterprises integrates realty finance businesses,0
tax free bonds rural electrification corporation scores another hit,1
alembic pharma q1 net up 38 65 at rs 64 67 crore,1
jagran prakashan rallies as q1 net profit jumps over three fold,1
in the fourth quarter of 2008 net sales increased by 2 to eur 1 050 7 mn from eur 1 027 0 mn in the fourth quarter of 2007,1
we have a license agreement with nokia corp which in part expires on april 9 2007,0
snb forex reserves up in august,1
catholic syrian bank files for up to 64 mn ipo,0
marico hits 52 week high on expansion plans,1
gold climbs after reports of us strikes on isis militants,1
sell arvind with target price of rs 137 prakash gaba,2
100 per cent growth in pat for tube investments,1
eurozone shares record biggest monthly gain since february,1
sterling in limbo ahead of uk jobs housing reports,0
gold falls from 2 month high physical buying lags,2
elections may provide a short term market boost jpmorgan,0
torrent power reports rs 7 3 crore quarterly loss,2
fb small long 109 25 via calls,1
3 sebi staff being probed in bribery other cases,2
rally in industrials may fizzle out soon,2
we are proud to welcome another distribution facility to north mississippi and the region known as the logistics center of the united states said gray swoope executive director of mda,1
extremely bullish on eicher motors mayuresh joshi,1
bp shares plunge us threatens new penalties,2
palm oil rises to 17 month high on inventory weather woes,1
upside capped at 90 for ramsarup siddth capital,0
in a separate announcement to the helsinki stock exchange atria revealed that the company s third quarter profits declined from eur13 9 m in the third quarter of last year to eur12 7 m in this year s q3,2
natco pharma shares jump 15 on dilip shanghvi stake buy reports,1
lean system supports change management and component purchasing extremely well,1
base metals decline on bearish lme trend,2
dk sarraf to become new ongc head govt rejects sudhir vasudevas extension,0
dlf ltd is a sell call with a stop loss of rs 215 5 and target of rs 200 mitesh thacker,2
tokyo stocks flat by the break,0
mf hnis lap up drl shares on better earnings hope,1
sensex in uncharted territory investors should tread cautiously,2
cocoa hits 32 month low,2
any global risk off scenario can lead to sharp market reaction at this time mahesh patil birla sunlife mf,0
the agreement strengthens our long term partnership with nokia siemens networks,1
chilli teja futures down 1 55 per cent on muted spot demand,2
gur falls on sluggish demand adequate supply,2
mahindra mahindra q2 pat down 4 33 at rs 946 63 crore,2
pnb shares settle down 1 79 m cap erodes by rs 1 373 crore,2
the company will publish its financial statement for 2008 on february 25 2009,0
cardamom futures decline 0 47 on sluggish demand,2
australia shares close lower for fourth session but recover from lows,2
minority shareholders of nirma shocked over fresh exit offer of rs 225 share,2
wall street week ahead don t leave small cap stocks for dead,0
dlf ipo disclosure case sebi imposes rs 85 crore penalties,2
finland based elcoteq se a privately held provider of electronics manufacturing services to communications companies said thursday it signed a long term manufacturing supply deal with communications equipment company andrew corp,1
drug firm abott india posts rs 38 40 crore net profit in january march quarter,0
finnish scanfil a systems supplier and contract manufacturer to the communications sector and the electronics industry reports its net sales totalled eur 94 7 mn in the first half of 2010 down from eur 99 5 mn in the first half of 2009,2
the transaction covers a building lot of 46 763 sq m and factory buildings of 19 631 sq m since the autumn of 2007 when scanfil discontinued its production operations in oulu the facilities have been partly leased to other parties,0
v a potential bearish shark pattern if point b 226 to be taken out,2
efficiency improvement measures 20 january 2010 finnish stationery and gift retailer tiimari hel tii1v said today that it will continue to improve its operational efficiency by focusing on its profitable core operations,1
abbott india q2 net profit down 3 per cent at rs 61 70 crore,2
sell icici bank with a target of rs 1390 sandeep wagle,2
canara bank q3 net profit drops 42 39 on higher provisioning,2
ois rates surge to highest in nearly 3 months after cpi,1
the negotiations concern 246 salaried and senior salaried employees and are scheduled to be completed in six weeks,0
shoe maker jimmy choo to step out on london market,0
c m vasudev re appointed as hdfc bank non executive chairman,0
grasim surges over 13 as clsa raises target price,1
unsure about deregulation impact on fertilizers sanjeev prasad ed kotak institutional equities,0
capitex kalmar will continue to be responsible for the maintenance and technical development of the services,0
jewellers shine as rbi removes restriction on gold coin imports,1
gold tumbles by rs 340 on fall in demand global cues,2
to keep growing in 2010 stock markets want costs under check,0
no financial details were revealed,0
gold futures fall on weak global cues,2
idfc to remain in 120 140 range says jagannadham thunuguntla,0
net sales of finnish sanoma learning literature of finnish media group sanoma decreased by 3 6 in january june 2009 totalling eur 162 8 mn down from eur 168 8 mn in the corresponding period in 2008,2
asian stocks mixed on us earnings goods orders,0
eih posts consolidated net loss of rs 5 23 cr in fy11,0
dtdc picks up 70 in logistic firm nikkos for rs 1 crore,1
novelis third quarter net profit jumps 3 fold to 46 million on new business model,1
leisure revenue buoys cox kings,1
rouble s woes spread to other ex soviet currencies,2
this vessel order will help aspo secure the long term competitiveness of its fleet both in terms of technology and pricing,1
government plans to curb rbi role in financial markets,0
ex staff can t sell esop shares for one year post ipo sebi,0
in a note to clients published the dutch broker described the company s third quarter results as soft although it also noted that elcoteq retained its guidance dealers said,0
hdfc beats street with 22 jump in q2 profit,1
hdil q4 net profit down 72 at rs 31 89 crore,2
buy cummins india with a target of rs 950 mitesh thacker,1
chinese yuan s winning streak broken by swiss central bank move,0
gujarat psu stocks lose allure sans cm narendra modi 6 out of 7 listed state psus decline up to 45 in a year,2
lemminkainen talo oy s lahti office is a significant logistics and business premises constructor,0
sundram fasteners net zooms to rs 21 cr in q3,1
dish tv appoints sandeep bajpai as vp marketing,0
the agreement was signed with biohit healthcare ltd the uk based subsidiary of biohit oyj a finnish public company which develops manufactures and markets liquid handling products and diagnostic test systems,1
revenue in the quarter fell 8 percent to euro 2 4 billion compared to a year earlier,2
enter into hindalco at 190 195 levels ashwani gujral,0
niit bounces back to profits revenue rises to rs 225 3 crore,1
abn 59 087 901 620 now represent 5 10 of the voting rights and share capital of citycon oyj,0
centre states gear up for moil offer,0
pharmaceuticals group orion corp reported a fall in its third quarter earnings that were hit by larger expenditures on r d and marketing,2
nectar life q4 up 19 53 pc to rs 31 82 cr,1
high growth lubricants business can fire up hpcl s profits,1
argentina makes 1 billion bond payment,1
sebi proposes new title of vice chairpersons for its members,0
sell sun tv ltd with target price of rs 324 sandeep wagle,2
the total investment of the project will be approximately eur 36m,0
ixonos estimates that it will hire 20 specialists in mechanical engineering electronics design and r d for its new unit in jyvaeskylae by the end of 2009,1
sesa sterlite shares see marginal gain,1
sebi s move on fast track rights fpos to help government in disinvestment of state owned companies,0
european shares steady attention turns to euro zone summit,0
according to him construction work will start in spring 2007 and the facility is to be commissioned in spring 2008,0
pfc to start selling rs 1 000 cr tax free bonds tomorrow,0
snowmans ipo gets overwhelming response subscribing 60 times,1
allahabad bank q4 net rises 25 npas increase,1
claris lifesciences rallies over 8 on share buyback plan,1
johnson matthey raises prospect of investor payout,1
operating profit for continuing operations fell to eur 48 3 mn from eur 72 4 mn in the first half of 2007,2
too much diversification is not helpful parag telang dhanayush capital advisors,0
according to the company staff will be laid off temporarily when necessary,2
cnx it holding the market ashwani gujral,0
snowman logistics gives 100 returns in six sessions,1
there did not seem to be enough hours in a day for pekkarinen,0
aapl is now beaten down hated etc hhhmm opposite of 700 what happens next,2
bids or offers include at least 1 000 shares and the value of the shares must correspond to at least eur4 000,0
sebi s new rules what it means for investors companies fund houses mf distributors,0
vodafone starts preparatory work for ipo in india expresses optimism about government,0
sks shares plunge 15 pc to slip below ipo issue price,2
adp news jan 27 2009 finnish industrial machinery company vaahto group ltd oyj hel wat1s said today that its subsidiary vaahto ltd would cut 15 jobs in finland,2
fuel cost spike lands jet airways in the red in q4,2
reliance communications to raise rs 4 300 crore from investors promoters,0
elcoteq dongguan was established in 1999 in the nancheng district of dongguan china and is one of elcoteq s four volume manufacturing plants in the asia pacific region,0
singapore bail in proposals make senior bond holders breathe easy,0
dhanalaxmi bank wait and watch ashwani gujral,0
idbi federal life elevates vighnesh shahane as ceo,0
jeffrey currie goldman sachs global commodities research head called gold crash right,0
acad under 2 today,2
sell hdfc with a target of rs 1 320 mitesh thacker,2
sebi mulls new group for manipulation prone penny stocks,0
gold imports set to rise as rbi eases curbs ahead of budget,1
world stocks hold at all hit time after bumper week,1
won t get a 2008 like opportunity where everything was so cheap nilesh shah axis capital,0
petronet lng is a good pick rajesh jain,1
euronext shares fall 3 per cent on first day of trading,2
insurance companies raise holdings in equities as markets correct,0
upm said the move will lower net profit by x20ac 385 million us 520 million in the second quarter mainly due to impairment charges,2
you can sell bank nifty march futures around 9950 rajat bose,2
neotel sale will give a boost to tata communications dipan mehta,1
a spokesperson told wwd to expect a 50 50 mix of clothing and home decor,0
shoppers stop q2 net drops 19 to rs 13 crore,2
bm4 middle layer headbox will be equipped with a dilution control system,0
an international conference call and audio webcast concerning the financial result january march 2010 will begin at 14 00 eet,0
sebi clears amalgamation of aarti industries promoter firms,0
rashtriya chemicals and fertilisers q1 net profit up by 65 per cent,1
hpcl shares fall 2 5 as gross refining margins disappoint,2
f o tracker nifty likely to cap resistance at 6270,0
balasore alloys faces shutdown by year end over power arrears,2
he answers questions on how many visitors conversations gets how big the team is and what the problems are when setting up social media channels,0
maruti versus minority shareholders it a precedent in the making,0
xli potential intermediate top in an uptrend on a 60 15 4 charts,1
dsp blackrock mf s senior fund manager to manage offshore funds as company shuffles management,0
the latest result included per share charges of 5 cents for stock compensation 1 cent for research and development and 1 cent for strategic investments,0
almond futures extend losses on increased supply,2
dovish us federal hands euro best weekly gains in 18 months,1
j k bank surges 12 as 1 10 stock split comes into effect,1
sebi ask cos to follow std format for auditor certificates,0
limited options in banking space to pick harendra kumar,0
ab inbev approaches sabmiller to explore 250bn tie up,1
insecticides india q1 net profit up 23 per cent at rs 17 4 crore,1
bafna pharma q2 net up 4 pc to rs 1 28 cr,1
rec shares end 2 higher after government share sale,1
agri stocks to scale up further despite the recent run dhiraj sachdev,1
gurmit singh joins yahoo india as new managing director,0
expect nifty to touch level of 6 900 by year end gautam chhaochharia,0
noel tata takes over as chairman of tata group s logistic arm,0
ixonos will finance the acquisition through a 3 8 mln euro 5 2 mln loan,0
manoranjan dash appointed additional director of dhanlaxmi bank,0
monetisation of telecom retail investments holds the key see ril 1 200 jaideep goswami,1
goa carbon posts rs 8 03 cr profit for q4 fy14,0
gpro down 25 since tue morning,2
market driven by expectation of a reformist government says vijai mantri,0
vrl logistics ends 42 up on debut,1
panostaja did not disclose the purchase price,0
rpg life sciences net up 31 pc,1
easy ride over for shipping companies global slowdown a drag,2
this is super nasty said eric schultze chief technology officer at shavlik technologies llc a st paul minn based maker of patch management tools,2
the use case dramatically narrows if you go only with the hot s ltd,0
brazil s leftover coffee sales may send ice futures lower,2
boomeranger boats oy specialises in boat building and designs manufactures and sells customised rigid inflatable boats rib primarily for the baltic sea market,0
lender invokes united spirits pledged shares,2
sebi to soon notify norms to regulate research analysts,0
igate to create team that targets strategic deals revenue rises 3 5 per cent,1
cesc q4 net down 5 per cent to rs 243 crore,2
according to its notice skandinaviska enskilda banken ab publ helsinki branch has on 10 august 2009 divested in total 11 958 000 alma media shares to ilkka yhtyma oyj and kaleva kustannus oy as the conditions of the agreement made by the companies on 1 july 2009 fulfilled,0
hyundai elevates r sethuraman to board of directors,0
ramky infrastructure faces rising interest cost,2
financial technologies india ltd pacts with jhunjhunwala others to exit mcx sx bourse,0
banks seek shareholder nod for rs 5 934 crore capital infusion,0
onmobile expects to raise rs 47 6 crore through open offer,0
teleste and sentry 360 have formed an integration partnership between sentry s advanced 360 degree immersive camera product line and teleste s enterprise video management systems,1
net sales revenue per passenger is expected to increase,1
earnings per share for january june 2010 were eur0 30 an increase of 20 year on year eur0 25,1
ramco systems plans to raise rs 123 crore from rights issue,0
hul s gains post open offer pulls up other mnc fmcg stocks,1
turkey stocks tumble 6 lira hits record low amid political uncertainty,2
nbcc ipo subscribed 58 pc on day 3,0
still short lng from 11 70 area next stop could be down through 9 00 someone slammed it hard with 230 000 shs this am more to follow,2
mr mcdonald started the evening with his own set featuring hits from his solo career and his doobie brothers years and a selection of r b cover songs that met with mixed results,0
avoid psu banks worst is over but stocks will take time to pick up mehraboon irani,2
the port operator however favors retaining the port fees in 2010 citing the owner the governemtn of estonia commiting the port to pay eek 400mn eur 25 56 mn usd 36 44 mn in dividends to the state in 2009 and another eek 300mn in 2010,0
vanhanen said the strike would be extremely damaging as some 1 300 participants and reporters begin to arrive in finland for the one day eu summit with russian president vladimir putin in lahti about 100 kilometers 60 miles north of helsinki,2
investors should tread carefully in midcaps ahead of results,0
nz dollar hits 1 year low after central bank chief s fx comments,2
the measures result from weak demand in the shipbuilding industry,2
stock markets to see cautious trading amid elections iip data report,2
rnn more bleeding monday,2
the bank of tokyo mitsubishi ufj ltd acted as agent for the loan,0
still some money left on the table for it space vijai mantri,1
solid volumes may help ashok leyland stock maintain momentum,1
sib posts higher q2 net to focus on casa funds,1
bajaj auto motorcycles president k srinivas quits,0
parrys sugar reports q1 net loss at rs 20 12 crore,0
basware is headquartered in espoo finland,0
few stocks may take market rally ahead says ubs,0
centralised online system for investor grievances sebi,0
there s the issue of thieves stealing them from building sites said mr smith,2
invest in stocks of companies with high pricing power matthews asia,0
manali petrochemicals q4 net down 72 6 pc,2
sell lupin ltd with target price of rs 853 mitesh thacker,2
k ilango elected as cii coimbatore zone chairman,0
foreign institutional investors trimming their overweight positioning on india says ubs,0
what the size of a country stock market says about quality of life,0
euro stays afloat in tentative trade amid geopolitical concerns,1
itc q2 profit at rs 2 425 16 crore,0
city union bank attractive bet for long term investors,1
l t q3 net profit rises 9 at rs 867 crore,1
rolls royce to ensure compliance after petrobras bribery report,0
mmtc climbs as board approves icex stake sale,1
steady supply keeps brent oil below 100 a barrel,2
airtel hits global bond market raises 1 billion to fund capex,0
texmaco rail a good bet from long term perspective p phani sekhar,1
voltas cost overruns slowing orders dampen prospects,2
its time to take banking sector funds into account,1
arun gupta appointed cmd of shipping corporation of india,0
tower deal is great news for rcom experts,1
rakesh jhunjhunwala bullish on ncc stock gains over 6,1
coal india shares rise almost 5,1
prestige estates q2 sales bookings up 29 at rs 1 486 crore,1
in addition cramo and peab have signed exclusive five year rental agreements in finland and have extended their existing rental agreements in the swedish market for another five years,1
intel could rise 30 per cent over next two years report,1
thus the method will cut working costs and will fasten the planning and building processes,1
kesoram industries rallies over 18 on reports to sell its tyre unit to mrf,1
important that bank nifty captures 19150 levels again mitesh thacker,0
the total headcount reduction will be 50 persons the company said,2
when this investment is in place atria plans to expand into the moscow market,0
fast gww daily sales slowing again pretty timely coincident indicator,2
essel finance seeks licence to enter housing finance business,0
finnish construction group yit has been awarded a contract to install heating air conditioning and cooling systems to the new head office of the automobile association adac in munich in germany,1
in the newly formed company yit stavo the local contact network expertise and market know how of euro stavokonsult will be combined with yit s housing concept said juha kostiainen yit s vice president corporate communications and business development,1
ramirent finland is the domestic unit of machinery rental company ramirent oyj hel rmr1v,0
sebi initiates proceeding against entities in ponzi schemes,0
jyothy laboratories q3 net jumps 63 11 to rs 27 37 crore,1
hsbc shakes up board with two new business chiefs three departures,0
j k bank q1 net profit rises 35 per cent to rs 246 crore,1
private placement to 30 million investors wonders sebi s chief u k sinha,0
the polish business employs about 1 000 people and it had net sales of about eur 70mn in 2007,0
dollar falters as iraq air strike order saps risk appetite,2
dishman pharma rallies 3 on debt reduction plans,1
h kan dahlstr m head of mobility services at teliasonera has forecast that mobile data volume on the teliasonera network in sweden will rise eight fold to 200 000 tb by 2014,1
need to be careful about selection of pharma stocks dipan mehta,0
rajesh exports hits new high on asset buy buzz,1
weak demand higher supply drag down mentha oil futures,2
cencorp estimates that its net sales in the last quarter will be as earlier stated eur4 3 m to eur5 0 m and operating profit ebit is estimated to be positive,1
pentik inen emphasises that the most of the internet contents media houses provide can not be free forever,0
jaguar land rover ceo david smith steps down,2
egypt security to keep buyers away saudi budget eyed,2
cargotec corporation press release april 28 2008 at 2 00 p m finnish time cargotec s macgregor business area providing marine cargo handling and offshore load handling solutions has received significant hatch cover orders for bulk carriers,1
foreign investors navigate turmoil in chinese markets with new playbook,2
german shares lag in europe as ukraine conflict hits zew,2
rally in mid caps to continue et poll,1
bel is a decent bet from the defence space based on an impressive order book neeraj deewan quantum securities,1
oil companies to give mixed results for the fourth quarter of fy13,0
nirma a buy in 220 230 range devang visaria,1
chinese firm new crystal material holdings appeals against taiwan regulators over ipo,0
exercise caution on infosys amid management row poor valuations mehrab irani,2
sterling stays close to six year highs after robust uk data,1
narayan ramachandran to resign as morgan stanley country head,0
network18 group ceo b sai kumar quits,0
state bank of travancore q3 net plunges 88 per cent at rs 14 76 crore,2
yang double bottom 5 2,1
lkab headquartered in lulea sweden is a high tech mining company producing upgraded iron ore products for the steel industry,0
volatility would continue in the market fayeza hafizee,2
yes bank registers 30 rise in q2 profit on higher fee income,1
gold declines after 17 week high spurs selling by traders,2
delta corp can get down to 40 levels ashwani gujral,2
ifc raises rs 300 crore more from global rupee bond sale,1
supreme industries q4 net up 12 pc at rs 105 crore,1
adecco india head sudhakar balakrishnan quits,0
the floor area of the yliopistonrinne project will be 7 900 sq m and the building s gross area will total 12 800 sq m a total 25 1 of the facilities have been let,0
bleak quarter seen for india incs earnings growth amid low demand,2
director finance of mrpl vishnu agrawal gets additional charge of md,0
finnish industrial group ruukki group has brought counter action against finnish metal company rautaruukki in the dispute concerning the names of the companies,2
sbi s rs 20 000 crore rights issue round the corner chairman pratip chaudhuri,0
intertek swings to 347 mln loss on oil s slump,2
srf q1 profit after tax doubles to rs 44 crore,1
share price of itc ltd crashes by over 6,2
odds of us federal reserve tightening monetary policy have increased christopher wood clsa,0
reforms bring investors back to equities,1
three in fray for mcx sx top post,0
neutral on power sector pankaj pandey icici direct,0
asian shares slip as china concerns trump us optimism,2
combining the two producers will create a strong eu based fertilizer industry capable of meeting global competition they added,1
hoec is on an uptrend deepak mohoni,1
aapl short some 592 49,2
financial technologies india ltd reports net loss of rs 371 25 crore in q4,0
transgene biotek stock up after delisting plan announced,1
sjvn s profit after tax jumps 8 87 to rs 343 24 cr in q1,1
a look at the dow 1 000 point milestones,0
auto stocks may not ride the excise duty cut euphoria for long,2
the goal is significant expansion in finland and in the northern baltic region,0
fb i ve been dead on so far such a bloated valuation,2
brooklynbandit simo basing nice a close over 24 18 is bullish qqq spy study watch for a close near hod currently up 3 up 5,1
several growth initiatives in the chosen geographic areas are already ongoing it continued noting lindex opened its first store in the czech republic this autumn in brno,1
another 200 300 points downside is possible on bank nifty ashwani gujral,0
hong kong shares close down on weak financials mainland fall,2
slower project execution drop in business verticals to weigh heavy on l t,2
railway stocks on a roll ahead of rail budget gain up to 8 per cent,1
finnish electronics manufacturing services company elcoteq signing a cooperation agreement with a japanese mobile phone manufacturer bypasses elcoteq tallinn says jan kotka ceo of elcoteq tallinn,1
operating profit excluding non recurring items decreased to eur 6 2 mn from eur 16 8 mn in 2007 representing 2 3 of net sales,2
demand for sports equipment was good in 2005,1
border guard service has banned the mooring of the company car shipping ferry on its test travel at the railroad car terminal of the russian port as the border checkpoint is not yet ready,2
meanwhile alfa owns 25 1 of megafon through altimo and 4 99 of turkcell via an 18 5 stake in cukurova holding,0
pearson slump drags britain s ftse lower,2
idfc should head towards 75 76 levels ashwani gujral,1
infrastructure company il fs transportation q4 net profit falls 34 pc at rs 78 crore,2
ajit kalghatgi is bharat electronics limited s new director research and development,0
trade steel stocks today deepak mohoni,2
does sesa sterlite look attractive as sc lifts ban,0
tesla s bullish production outlook drives stock higher,1
re touches two week low ends at 46 04,2
vips similar pattern like beginning of may did u sell same now will go up much higher after this drop,1
lending club bursts onto wall street with 870 million ipo,0
nmce to launch select forward agri contracts this month,0
money finally flowing in to small midcap stocks dipan mehta,1
the acquisition is part of suomen helasto s strategy to expand the lukkoexpert security chain suomen helasto ceo kimmo uusimaki said,0
muted response to tax free bonds by ports due to weak market g k vasan,2
oil slips towards 110 as supply fears fade,2
ponzi scheme crackdown in 2014 sebi orders refund of over rs 60 thousand crore,0
rice procurement crosses 20o lakh tonne,1
deutsche mf launches inflation indexed bond fund,0
adjusted for changes in the group structure the division s net sales increased by 1 7,1
educomp solutions gains on indiacan stake sale to pearson,1
finnish energy company fortum has set itself new stricter target limits for short term carbon dioxide emissions from its heat and electricity production,0
62 smallcap stocks doubled investor wealth in 2015,1
q4 weakness a temporary blip buy largecap it stocks on dips neeraj deewan,1
won slips after weak data lags regional peers,2
expect announcements on the ordering side from l7t over next few months pankaj pandey icicidirect com,0
worst is behind for sun pharma valuations look attractive mayuresh joshi,1
ifc raises 250 million masala bonds,1
cabinet to consider proposal for sebi ordinance tomorrow,0
nucleus software q1 net down 9 pc to rs 11 16 cr,2
euro off to calm start in event laden week,0
june oilmeal exports up 20 m m trade body,1
pharma stocks need to consolidate ashwani gujral,0
cardamom prices soften 0 34 on profit booking,2
recommend to be cautious with nbcc jagdish malkani,2
ramirent s net sales in the second quarterended june 30 were euro 128 7 million about u s 163 million a 3 3 percent increase compared with euro 124 6 million for thesecond quarter last year,1
on the route between helsinki in finland and tallinn in estonia cargo volumes increased by 36 while cargo volumes between finland and sweden fell by 9,0
diamond sales in domestic market remains flat despite regulatory measures,2
dealers said the share was largely hit by investor disappointment about a refining margin of just 9 48 usd per barrel for the quarter and the performance of its shipping unit which saw ebit drop to 5 mln eur from 20 mln eur a year amid a fall in volumes and tanker rates,2
since the registration of the shares subscribed in a directed share issue the new number of panostaja shares and voting rights is 41 733 110,0
yen rises on global economy worries,1
alkem laboratories prices ipo at rs 1 050 per share,0
also technopolis plans to build a 100 million euro technology park at the special economic zone neudorf in st petersburg the st petersburg government said in february,0
justdial ltd is a buy call with a target of rs 1550 mitesh thacker,1
sbux down pm from db downgrade pt cut from 70 to 64,2
construction companies surge up to 15 per cent as government plans infra push,1
defence stocks investors go on the offensive,1
oracle financial net profit at rs 1111 cr stock surges,1
barclays sells benchmark indices unit to bloomberg,1
why mcd looks set to fall further,2
gallantt ispat lists with 4 pc premium at rs 52,0
alibaba s record ipo covered entire deal in 2 days sources,0
alma media expects its net sales to increase as forecast previously,1
tsla to recall 2 700 model x suvs for seat belt fix,2
eero katajavuori currently group vice president human resources will take a year long sabbatical starting from october 1 2010,0
both operating profit and net sales for the six month period increased respectively from eur13 8 m and eur143 6 m as compared to the corresponding period in 2007,1
skf india clocks 40 pc increase in pat in q1 2011,1
r systems share jump post 26 acquisition offer from investor,1
operating profit fell to eur 35 4 mn from eur 68 8 mn in 2007 including vessel sales gain of eur 12 3 mn,2
escorts q1 net down 41 49 per cent at rs 34 11 crore,2
q1 earnings aurobindo pharma net loss seen at rs 65 cr,0
dcm shriram consolidated rallies 17 hits 52 week high on plans to reward shareholders,1
technology stocks in decline stoke fear in us investors,2
retail life sciences and financial services are our focus areas hcl,0
bosch s march quarter net slides 11 90,2
marico kaya to be listed on bourses,0
british pound hits 14 month low after dovish boe report,2
technical charts indicate we could be headed for a 13 year bull run lkp,0
new zealand dollar slips to five month low,2
no tax on capital gains on offshore rupee bonds cbdt,0
european shares edge lower after us sell off,2
jaggery prices steady in thin trade,0
the first group of customers to be trained will be paint shop owners and their assistants,0
shree cement january march net profit up 26 to rs 274 crore,1
seppala s revenue increased by 0 2 to eur10 1 m in finland revenue went down by 2 4 to eur6 8 m while sales abroad rose by 6 2 to eur3 3 m sales increased in all the baltic countries as well as in russia and ukraine,1
john kerin named icrisat ambassador of goodwill,0
visa steel appoints punkaj kumar bajaj as new ceo,0
most railway related stocks slip in red after hitting fresh 52 week highs ahead of rail budget 2014,2
blackrock etf funds draw record 102 8 billion in new money,1
rupee tumbles to over 7 month low down 42 paise vs us dollar,2
the transaction strengthens our position in design and branded goods said fiskars president and ceo heikki allonen pointing out that the two groups have relatively few overlapping operations,1
jaiprakash power ventures ltd reports rs 133 69 crore net profit in q2,0
the personnel reduction will be carried out in anjalankoski hollola jyvaskyla jarvenpaa karhula turku and valkeakoski units,2
starbucks downgraded on same day as new downgraded rewards program starts sbux,2
city union bank q1 net profit up 12 at rs 112 crore,1
india bond yields edge lower at open on bargain buying,2
whats brewing coffee exporter ccl products looks strong after 155 rally,1
us bond mood worst since disastrous 2009,2
suominen corporation estimates that the cost cutting program that started in autumn 2005 higher sales prices and expected growth in volume of wet wipes will make the company s operations more profitable,1
finnish financial solutions developer basware corporation omx helsinki bas1v said on tuesday 23 september that it will deliver a complete invoice automation solution to a large us engineering construction and technical services organization,1
gold drops to 3 week low after fed optimism over us economy,2
sundaram clayton sells 4 shares via offer for sale route,2
olvi has posted a strong set of figures for the first six months of this year,1
nsic may soon become mini ratna i company cmd,0
citigroup inc nyse c deutsche bank nyse db and pohjola bank are lead managers for the sale,0
uflex crashes 13 on reports of bogus sale worth rs 100 crore,2
london stock exchange deutsche boerse merger under threat from brexit,2
yhoo making new hod,1
pulses prices ends flat in thin trade,0
the event can also be viewed as a live webcast at,0
european shares sink to 3 1 2 month low in broad sell off,2
beat fed blues with these top 15 high conviction ideas by experts,0
cipla posts 52 profit growth in june quarter,1
defence related companies gain as government approves 49 fdi,1
metals will continue to remain weak sandip sabharwal,2
balaji telefilms q1 net plummets 80 28 per cent at rs 2 08 crore,2
gur closes steady on low demand,0
sugar ends steady in thin trade,0
operating profit totaled eur 37 7 mn up slightly from eur 37 2 mn in the corresponding period in 2006,1
the company said it observed a current stabilisation in prices and there is potential for higher prices for deliveries in the first quarter of 2011,1
the internal revenue service sees about 20 percent of all taxpayers wait until the last two weeks to file with about 40 million returns filed in april,0
suggest to buy tvs in the auto sector nitin raheja,1
ccd may be valued at 1bn in april ipo,0
buy hindalco with a target of rs 141 prakash gaba,1
preparing for a breakout trade in netflix nflx,1
the company s board of directors would propose a dividend of eur1 00 per share for 2005,0
usha martin q3 net falls by 59 4,2
european stocks slip amid poor eurozone data,2
cmc s fourth quarter profit rises 45 8 per cent to rs 89 43 crore,1
construction volumes meanwhile grow at a rate of 10 15 percent annually,1
insider trading on sebi chief uk sinha s radar,0
tata power existing investors should participate in upcoming rights issues,0
rupee ends little changed fund flows in focus,0
the russian government will contribute 20 of the necessary funds he said,0
euronext london gets key uk regulatory approval,1
z bavelloni s long standing md dino bavelloni has retired at the end of 2005,0
star appoints m k srinivasan as senior vp for north america,0
operating profit increased to eur 14 0 mn from eur 4 9 mn in the corresponding period in 2005,1
can t pay rs 580 crore due to financial crunch dlf to supreme court,2
sell canara bank with a stop loss of rs 392 prakash gaba,2
world stock markets slip as buying fervor cools,2
just dial jumps as board approves hike in fii limit,1
oracle financial services software good show on cards but margins may shrink,2
suven life drug candidate clears toxic tests stock up,1
nikkei posts biggest drop in 3 weeks downing of malaysia jet hits mood,2
foodgrain prices rule steady in wholesale market,0
aapl stock climbs as barron s sees 40 upside jim cramer s take,1
reported operating margin was a negative 5 9,2
eros is planning to delist its indian subsidiary stock surges,1
no change in foodgrain prices,0
heard on the street oracle financial soars over 11,1
the method utilises waterborne ultra products giving protection to wooden surfaces in an industrial painting process whereby two layers of top coat are applied on exterior wooden panels and boards without a separate primer,0
pratibha industries bag rs 297 cr contract stock up,1
nifty s consolidated p e makes indian markets cheaper than its peers,0
nifty likely to test 7 630 in next few days mitesh thacker,0
mrpl outlook positive due to better margins capex,1
mumbai realty stocks rally up to 14 as ready reckoner rates go up by 20,1
ficci establishes centre for corporate governance,0
maize futures dip on selling pressure,2
pepsico india appoints new ceos for beverages foods businesses,0
recovery cycle not picking up vinay khattar edelweiss financial services limited,0
turmeric futures fall 2 on fall in demand profit booking,2
profit for the period was eur 9 8 mn up from eur 6 0 mn in 2004,1
cfcl q1 net up 81 at rs 146 32 cr,1
go short on midcap stocks ashwani gujral,0
most of the raw materials come from europe and the us and are paid in euros or us dollars while sales take place in rubles,0
jindal steel looking strong on the back of good earnings avinnash gorakssakar,1
insecticides india q2 net declines 12 73 pc to rs 13 84 crore,2
den networks surges over 8 on fii limit hike,1
pvr q2 jumps over four fold to rs 41 crore,1
arvind gains on strong business outlook valuation,1
adpnews sep 28 2009 finnish silicon wafers maker okmetic oyj hel okm1v said it will reduce the number of its clerical workers by 22 worldwide as a result of personnel negotiations completed today,2
trend in markets to be choppy ashwani gujral,2
db realty rallies over 3 as q2 profit rises to rs 10 crore,1
the financial statements release will be available after publishing on the company s internet pages at,0
adani enterprises surges 13 experts say surge in group stocks likely to continue,1
sbi raises 100 million from 5 year offshore bonds,1
ameriprise financial closes financial planning division in india,0
beginning of pre budget rally on nifty ashwani gujral,1
bad weather hampers rabi oilseed cultivation,2
galaxy surfactants withdraws ipo a day before its closing,2
shares of standard chartered stan rose 1 2 in the ftse 100 while royal bank of scotland rbs shares rose 2 and barclays shares barc bcs were up 1 7,1
sebi mulls stronger norms to check misuse of poas by brokers,0
berger paints q3 net up 31 44 to rs 43 85 cr,1
cargotec corporation press release august 26 2008 at 10 a m finnish time cargotec s macgregor business area providing marine cargo handling and offshore load handling solutions has received significant offshore crane retrofit order,1
gail profit up 42 at rs 1 303 crore,1
futures segment of ncdex witnessing steady growth,1
maize futures rise on spot demand,1
guarseed futures recovers on short covering,1
ing vysya net jumps 34 to rs 170 cr on improved asset quality,1
chinese stocks vs reality shares are untethered to economy,0
anil dua quits hero motocorp to pursue career abroad,0
market taking bearish or a negative position ashwani gujral,2
did fiis get a whiff of the daiichi sale,0
our customers include companies in the energy and process industry sectors in particular,0
the first phase will be completed by the end of 2012,0
f secure internet security 2010 is a security service for surfing the web online banking and shopping e mail and other online activities,0
pyramid saimira reports rs 5 20 cr loss,2
ifc doubles rupee bond offering to rs 2 000 crore,1
hong kong shares fall to 3 mth low on pro democracy protests china inches down,2
consumption is forecast to grow by about 2,1
sjvn q2 standalone net rises 7 4 to rs 415 63 crore,1
oriental bank of commerce q4 net rises marginally to rs 310 crore,1
profit after taxes was eur 0 1 mn compared to eur 0 4 mn the previous year,1
nse sees senior level changes,0
stora enso oyj the largest papermaker in october said it would close four mills,2
lodha developers gives guidance for debut us dollar bond,0
genpact q1 net up 28 at 36 million,1
mideast crude market rides out iraq conflict for now,0
edible oils strengthen on millers buying,1
cheaper inputs help but weak demand a drag on asian paints,0
dlerch lol fmcn back under 17 darn those shorts no chit sherlock,2
the value of the order is eur 700 000,0
focus on infra in the budget likely to benefit hcc rajen shah,1
us dollar wipes out sales gains for sabmiller,2
the shares carry a right to dividend and other shareholder rights as from their registration with the finnish trade register,0
in 2010 sanoma magazines expects net sales to be at the 2009 level,0
scanfil a systems supplier and contract manufacturer to the communications sector will give notice to 20 productional employees and temporarily lay off 15 employees at the company s plant in sievi in finland,2
scanfil has also issued a profit warning,2
eih q4 profit up 35 per cent at rs 36 44 crore,1
it is the most awkward thing to use if you re holding the phone with one hand,2
over 30 entities under sebi lens for unusual trading activities on may 16,0
state run oil companies settle 6 per cent higher on iran deal,1
day trading guide by edelweiss,0
domestic companies turn back on bank loans issue bonds instead,0
progress group qpr s representative in saudi arabia and north africa has signed a framework agreement for a long term strategic relationship with ise,1
aapl afternoon selloff as usual will be brutal get ready to lose a ton of money,2
adp news nov 5 2008 finnish electronic measurement products and solutions maker vaisala oyj omx vaias said today that its net profit rose to eur 18 million usd 23 1 m for the first nine months of 2008 from eur 1,1
post q2 results guidance foreign brokerages turn cautious on infosys,2
capman has four investment areas capman buyout capman technology capman life science and capman real estate and each of them has a dedicated team,0
operating profit for the nine month period increased from eur3 1 m and net sales increased from eur61 5 m as compared to the corresponding period in 2007,1
karur vysya bank q2 profit surges 57 to rs 142 crore,1
surging oil marketing companies may stumble on subsidy woes,2
top nine trading strategies in a rising market,1
refined soya oil futures extend gains on rising demand,1
major order in india comptel corporation has received a significant long term order for mediation and provisioning solutions being used by a leading operator in india,1
elcoteq se stock exchange announcement february 4 2009 at 10 00 am eet elcoteq will publish its financial statements bulletin 2008 on wednesday february 11 at 9 00 am eet,0
spy less than 0 2 down and people are calling it bearish some heading for exits already maybe 1 down will be the crash disturbing,2
finnair s passenger load factor which measures the number of sold seats as a share of all available seats dropped by 1 3 percentage points to 76 7 in september,2
micromax hopes to hit market soon with ipo,0
adp news feb 6 2009 finnish fishing tackle company rapala vmc corp hel rap1v said today its net profit rose to eur 19 2 million usd 24 6 m for 2008 from eur 17 5 million for 2007,1
camlin fine sciences may return 100 200 in next 30 months mehraboon irani,1
the developers of that project predict that once it is completed in april 2009 skanssi will attract some 4 5 million visitors annually,1
london afx uk and european brokers recommendations issued today as collated by afx news from a range of market sources,0
fdi discom policies show reform momentum intact fitch,0
shilpi cable technologies rallies as q1 net profit jumps 55,1
asian traffic declined by 3 4 per cent,2
sterling treads water just off six year high,1
ssh establishes new global sales and marketing group to be led by george adams adams establishes global sales and marketing group to drive worldwide programs supporting ssh tectia enterprise security solutions,0
nsel appoints five new independent directors,0
vip industries q1 net up 16 52 at rs 26 8 crore,1
obc tanks over 5 as december quarter pat falls 91,2
that topped consensus forecasts for earnings of 0 21 euros a share,1
rbi ensures resumptions of rtgs functions in bond trading,0
major recovery happening in terms of economic environment in power sector sudip bandyopadhyay,1
analysts cautious on fertiliser stocks,2
potato futures extend gains climb 3 on strong demand,1
benchmark brent crude bears the scars of more u s oil,2
atria said its offer would give the swedish company continued ownership and control of its slaughtering and cutting operations,0
finolex cables q4 pat at rs 18 68 cr,0
see 7900 7950 as key resistance level for nifty gaurav mehta,2
expect nifty to be in 7350 7500 band on the upside mitesh thacker,0
higher holding in promoter firm will not trigger open offer sebi,0
etmarkets com webinar how to invest in equity in challenging times join amar ambani head of research iifl live at 2 pm on thursday,0
anant raj industries will face resistance around 110 120 levels rohit shinde,2
rbi to conduct 14 day term repo auction for 610 billion rupees,0
operating profit for the nine month period increased from eur13 6 m while net sales increased from eur394 7 m as compared to the corresponding period in 2005,1
in china finnish kone that provides elevators escalators and solutions for modernisation and maintenance will build 342 escalators that will be installed in a high speed railway section between beijing and shanghai in a 1 5 years time,1
istreet network to raise rs 100 crore for expanding operations,0
need to be patient while investing in psu banks mayuresh joshi,0
rail linked stocks surge up to 20 on narendra modi effect,1
digia said its consolidated net sales for january june 2010 were eur67 8 m up 9 7 on the same period in 2009 eur61 9 m,1
midcaps important part of our portfolio kunj bansal centrum wealth management,0
markets are expecting reforms oriented budget this time hemindra hazari,0
wonderla holidays ipo subscribed 42 on day 1,0
european shares edge lower after german data miss,2
radico khaitan hits 52 week high as rakesh jhunjhunwala picks 6 85 lakh shares,1
castorseed futures recover on short covering,1
why sebi should not treat pe investors as a privileged lot,0
sebi s p note diktat uncertainty over reforms rattle markets,2
buyback not trending right cpix spending more as shares pricier hopefully will pull back w 6 87 q2 closing vwap,2
ranbaxy plunges 20 as usfda halts drug imports from toansa plant,2
markets may move in 8000 8200 range,0
chambal fertilisers q1 net up by 47 per cent at rs 112 98 crore,1
improving us buyer confidence lifts crude oil,1
viking line head jan kaarstroem told tt that his company s ferries were well equipped to handle ice and that all the passengers were safe,1
zee announces closure of share buyback programme,0
orders received grew by 55 year on year to eur732m,1
the operating margin of aker yards cruise ferries division went down from 8 3 to 6 4 in the first quarter of 2007,2
united spirits appoints anand kripalu as ceo,0
state owned idbi bank readies plan to raise rs 2 600 crore via sale of infrastructure bonds,0
max indias vibha paul rishi decides to move on,0
selling pressure on suzlon seshadri bharathan,2
resource oriented stocks are a negative buy today anu jain,2
fiis returning to bond street as yields turn attractive,0
fiskars will be undertaking community projects throughout the uk and they are also on the lookout for local volunteers who are interested in helping out with the selected restoration projects,0
oil minister dharmendra pradhan approves appointment of new ioc chairman,0
delta corp sells kenyan foray for 23 mn stock up,1
f o tracker nifty likely to end at 8400 on expiry,0
relief over china growth pushes dollar to 1 week high versus yen,1
hindustan copper q3 net down 9 to rs 69 crore,2
metsaliitto however narrowed its net loss for the second quarter of 2007 to 5 0 mln euro 6 9 mln from 61 mln euro 83 7 mln a year ago,1
rolta india net up 25 3 pc at rs 84 04 cr for jan mar,1
cement sector may attract institutional investors on likely uptick in utilisation rate roe girish pai,1
lakshmi vilas bank q4 net soars 90 5 per cent,1
aberdeen am posts h1 outflows says conditions to remain challenging,2
sensex rangebound trades below 26000 top 20 trading ideas,0
pre open nifty likely to open on positive note find support at 8 100,1
cage farming of mullet gains popularity,1
rcomm volumes are good devang visaria,1
barclays appoints heads of equities for india korea,0
insurance companies rally up to 7 as government clears insurance bill,1
positive on grasim sonam udasi,1
pick of the week kec international a good long term bet,1
crm sep 40 calls are 35 since entry bang,1
hpq says breakup will cost billions but sees savings too,2
kv kamath to map infosys succession plan stock rises,1
airtel shares down 3 per cent after it hangs up on loop mobile,2
right to buy infosys ambareesh baliga,1
hcl tech q2 seen flat at rs 1 430 crore forex loss pegged at 23 million,2
exl services q1 net up 48 69 pc at 8 36 mn,1
outlook for it sector positive pick it names for long term gains neeraj deewan,1
gail to benefit most from rasgas price tweak,1
the empire strikes back why gold will matter in 2014,0
the server is responsible for managing devices and user accounts and a desktop client application enables remote access to the mobile phones,0
monnet ispat energy raises rs 175 crore,1
capital goods stocks may lead markets down ashwani gujral,2
kesko s car import and retailing business vv auto saw sales grow by 17 1 pct,1
nokia solutions and networks reports q1 net profit of 124 million euro,0
the production is to be liquidated before june 2009 and 325 employees loose their jobs,2
crude palm oil futures weaken by 0 17 on low demand,2
it combines a perfect price performance with sophisticated management facilities the company said,1
coriander futures up 2 51 pc on strong demand,1
diageo shares surge on report of possible takeover by lemann,1
sell arvind ltd with target price of rs 168 ashwani gujral,2
nifty s market cap way behind global indices,2
london copper set to end week flat on us rate hike worries,0
samsung everland ipo seen spurring samsung group restructure,0
don t read too much into market movements prashant sharma max new york life insurance,0
these moderate but significant changes resulted in a significant 24 32 reduction in the estimated cvd risk,1
last year sysopen digia invested in ibm product know how in the building of portal and trading place systems and successfully implemented customer solutions supported by it,1
adlabs entertainment rallies on market debut,1
we have a group of 120 volunteers made up of digicel employees who will manage the distribution over the next week they will distribute the 19 000 tents to more than 150 organizations digicel haiti ceo maarten boute said,0
cardamom futures fall 0 50 pc on profit booking,2
net sales dropped by 6 year on year to eur 11 9 million,2
hospitals are very capital intensive ajay bagga,0
egypt crisis likely to keep rupee under pressure,2
big uptrends in it stocks is over for the near term neeraj deewan,0
return on investment was 16 6 compared to 15 8 in 2004,1
srei infra q2 net rises 194 per cent,1
wmt bullish with macd crossover with rsi and sto going up above 73 4 ma50 res could run,1
euro down as euro zone pmi eyed after china survey fails to excite,2
muted q2 results cast shadow on d st top 10 stocks to bet on,2
china unicom nyse chu hkse 0762 and shse 600050 the second largest mobile carrier in the country,0
dabur plans three new plants overseas stock up,1
city union bank h1 pat rises 13 17,1
the major breweries increased their domestic beer sales by 4 5 per cent last year to 256 88 million litres from 245 92 million litres in 2004,1
crompton greaves can go up to 136 144 levels mitesh thacker,1
u k sinha gets two year extension as sebi chief,0
as global oil futures tumble us cash crude traders ask what glut,2
petronet lng a strong stock ashwani gujral market strategist,1
it should pay to stay with psu banks ashwani gujral,2
top five factors which are weighing on indian markets,0
update 1 astrazeneca boosts respiratory unit with 575 mln takeda deal,1
china stocks jump other asian markets await fed minutes,1
the first ship has been delayed and is estimated to be completed in spring 2010,2
bihar polls sebi exchanges beef up risk management systems,0
the ebrd is using its own funds to provide a 21 6 million a loan while the b portion of 10 million euros has been syndicated to two finnish commercial banks nordea bank finland plc and pohjola bank plc,0
weak opening likely as jp morgan q4 hurt sentiment,2
the training modules aim at strengthening the public accounting abilities and fulfilling communal project management,1
mrpl plummets post weak september quarter results,2
vix slump to a 9 month low catches punters short,2
nifty to reach 8600 8700 at some point ashwani gujral,0
where is the market headed here is what technicals show,0
boc india soars 20 pc on delist offer,1
torrent pharma q4 net dips 27 56 to rs 42 84 crore,2
ntpc bangladesh to sign mou for 2 new projects of 1320 mw each r s sharma,1
gevo plunging back to 3 55,2
tough to curb rubber futures volatility expert committee,2
european shares pause for breath ahead of data,0
india inc s second quarter profits flat but silver lining visible,0
revival in demand fueling ashok leyland stock ajay bodke prabhudas lilladher,1
management decided at the end of 2005 to increase cathode copper capacity,0
currently yit builds a housing estate zapadnye vorota 26 000 square metres in the city and a house 9 910 square metres which will be completed at the end of 2009,0
operating profit totalled eur 21 1 mn up from eur 18 6 mn in 2007 representing 9 7 of net sales,1
global happenings likely to affect markets in the short term prateek agarwal,0
finnish publisher alma media hel aln1v said wednesday it has decided to further extend its eur1 85 usd2 75 apiece mandatory tender offer for media group talentum hel ttm1v which started on 19 august until 16 november,0
acc shares fall q2 net dips 45 to rs 133 cr,2
geosentric is acquiring extra financing by issuing a maximum of 220 000 new shares and a convertible bond with subscription rights for 880 000 shares which have been fully subscribed,0
sell motherson sumi systems ltd with a target of rs 400 prakash gaba,2
spy still wants higher i think,1
gcpl extends winning streak up 14 in 5 sessions more upside,1
pawan munjal elevated as new vice chairman in hero motocorp,0
rswm dec qtr net up four fold to rs 39 89 cr,1
shire helps keep ftse 100 afloat on bid speculation,1
valeant ceo pledges to heed critics after painful experience,2
mcx sx extends rights issue till april 30,0
asian shares pressured by wall street geopolitical tensions,2
for the first nine months of 2010 the company s net profit rose to eur41m from eur30m for the corresponding period of 2009,1
bharat forge q3 net jumps two fold to rs 196 34 crore,1
fsdc sub committee to discuss inflation linked bonds tomorrow,0
higher supply pulls down crude palm oil at futures trade,2
commodities market comes back to bite,2
ab inbev attacks sabmiller bid rebuffal,2
bse star mf processes over 50 000 orders on a single day,0
consumer goods makers gain as investors shun risk,1
usfda glare high valuations trigger correction in pharma stocks,1
megafon s subscriber base increased 16 1 in 2009 to 50 5 million users as of december 31 while its market share by the number of customers amounted to 24 as of late 2009 up from 23 as of late 2008 according to teliasonera estimates,1
oracle financial services plunges on dispute with irish customer,2
it is estonia s second largest meat processing company by market share according to ac nielsen s 2008 data 13 percent,0
vip is now trying to get out of rs 750 755 ashwani gujral,2
ey appoints mark weinberger as global chairman and ceo adpots new logo brand name,0
aurionpro solutions q4 net profit at rs 11 24 crore,0
fiat chrysler crowns merger with wall street debut,0
jbm auto q2 net profit up 18 to rs 18 crore,1
spicejet makes top level changes,0
china yuan inches lower on corporate dollar demand little changed on week,2
incap contract manufacturing will carry out the manufacturing for these agreements at its factory in tumkur near bangalore,0
financial statements include the consolidated financial statements of the group the board of directors report the auditors report and the corporate governance statement,0
equity to outperform other asset classes in 2015 experts,1
indraprastha gas surges as sc rejects pngrb s plea,1
rupee hits over 1 week high on bunched up dollar inflows,1
groundnut oil prices rise on fresh demand,1
refined soya oil futures remain weak on sluggish demand,2
pkt momentum building for breakout trigger long setup,1
fmc mulls centre specific commodity forward trades,0
following the issue the new shares will constitute 10 percent of the firm s capital,0
the bridge is part of the highway 14 development project,0
alibaba investors beware history not on your side,2
strides surges 13 as bangalore facility gets usfda approval,1
another noticeable thing is that the search for tata and airtel brands was mostly related to broadband connections,0
basware invoice processing basware contract matching basware order matching and basware kpi reporting tool are part of the basware s enterprise purchase to pay solution suite,0
the deal strengthens ramirent s position especially in the industrial sector and in large investment projects,1
16 february 2011 finnish industrial machinery company metso oyj hel meo1v said today it will deliver minerals processing equipment and basic engineering to canadian miner northland resources osl naur tse nau,1
rupee snaps two day fall as exporters corporates sell dollars,1
bearish on ashok leyland gaurang shah,2
icici bank q3 pat in line with estimates at rs 2 530 crore,1
spice i2i appoints dilip modi as executive vc,0
when sebi turned bullish on bringing back trust to markets,1
why it will be a tough task for vishal sikka to revive infosys back to its glory,0
additionally the company will use the solutions to automate the preparation of financial statements according to ifrs standard,0
alumni back iim a 40 crore promised in a day,0
hopes of government spending post elections fire up infra stocks,1
religare s top four picks for 2014,0
january 07 2014 mecklai financial report on rupee,0
ioc plans to hive off e p business stock up,1
nifty s strong support seen at 5750 levels,0
vip may go down further ashwani gujral,2
indo rama synthetics q3 zooms manifold to rs 97 38 crore,1
trent q2 net down 27 per cent at rs 11 43 crore,2
neutral on telecom ramanathan k,0
not betting hugely on large cap indices ashwani gujral,2
flight to safety keeps gold near one month high,1
markets to trade in range till bihar election results sudip bandhopadhyay,0
eicher s profit jumps 63 pc to rs 107 cr in july september,1
infinite computer solutions ipo opens jan 11,0
two iifl subsidiaries get investment adviser licence,0
glencore shares surge in hong kong on agriculture asset sale hopes,1
investors lap up sbi bonds again issue subscribed three times,1
ugaz will this cold put a dent in the massive horizontal rig production who knows,2
finnish plumbing and heating systems supplier uponor announced a company wide cost reduction program in august 2008,0
hsil rallies 11 after rbi allows fiis to buy shares ends nearly 3 down,1
the met is located in the central business district cbd of bangkok,0
narayana hruduyalaya ipo opens today here s what experts say,1
pharma stocks that outperformed benchmark indices,1
century textiles posts rs 1 58 crore profit in q3,0
however this increases signaling traffic which wastes network resources and allows fewer smartphones to connect,2
chandrakala padia to be iias first woman chairperson,0
stora chief executive jouko karvinen has described the russian tariff hikes as a threat to the future of the forest products industry in finland,2
bharti infratel fourth quarter net profit may rise by 36 per cent report,1
nifty can hit 12 000 in five years says raamdeo agrawal,0
rnn staying above the open a very good sign,1
i m happy with the outcome sneed said after the hearing,1
maruti may get re rated post diwali prakash diwan,0
as part of the reorganisation measures that will take place in spring 2006 tamglass finton will start personnel negotiations that will affect its entire staff of 33,2
k c samal is the new director finance at nalco,0
sugar price steady on scattered buying,0
brent s premium to dubai crude falls to lowest in nearly 4 years,2
the corrected chapter is in its entirety below,0
shoppers stop net profit falls 53 in q4,2
stx move off the bottom but still in bear market datasecurity emc sndk wdc,2
highest yields on german short term bonds boost euro,1
blue dart rallies post q1 results net profit up 33 yoy,1
bharat electronics high raw material cost impacts profitability,2
bharti airtel prospects don t look bright as of now dipan mehta member bse nse,2
5400 5470 is the nifty range for next few days ashwani gujral,0
finnish ponsse has signed an agreement with babcock africa for the distribution and support of ponsse forest machines harvester heads and information systems in south africa,1
finnish software developer basware oyj said on november 30 2006 its u s subsidiary basware inc won an order to provide software for contract lifecycle management to an unnamed u s medical technology company,1
clsa s top five mid cap picks in tough macro environment,0
ifc launches 2 5 billion rupee denominated bonds for infrastructure projects in india,0
google inc completes acquisition of icoa inc icoa goog,1
the hack had been extra nefarious because the tweets activated without being clicked on it was enough for web surfers to move their mouse cursors over them,2
ht media q3 net profit at rs 67 02 crore,0
wns appoints ronald gillette as chief operating officer,0
putting target number on wockhardt difficult avinnash gorakssakar,2
edelweiss financial senior partner rajeev mehrotra quits,0
the acquisition is expected to improve access to chrome ore resources in turkey,1
retain big it names mehraboon irani,0
gold s fall threatens to squash run of mining m as just as momentum was picking up,2
ubs cuts gold base metals price forecasts,0
initiate trade on idfc mitesh thacker,0
hedge funds hit by wrong kind of volatility,2
automation makes it possible to conduct several tests simultaneously,0
how india inc can woo more international investors,0
dollar stands tall as euro hit by economic gloom yen also wilts,2
db realty rallies over 17 on hopes of approvals on stuck projects,1
trading under the name velta uk a former uponor brand the company has been uponor s long term partner in supplying velta branded systems particularly for the commercial and industrial building sector in the uk and internationally,0
sell hdil ltd with a stop loss of rs 86 sandeep wagle,2
modi loses sensex cracks yes by about 3 000 points experts,2
the policy was also aimed at making the companies more profitable and competitive,1
expect large caps to consolidate ashwani gujral,0
those will be partially offset by a 186 mln eur gain on the sale of its celbi pulp plant in portugal,1
net sales will however increase from 2005,1
gold trades nearly flat on dull demand,0
the total investment in 2006 and 2007 is expected to amount to about eur75m,0
voltas surges on cooling products led beat in earnings,1
operating profit rose to eur 13 5 mn from eur 9 7 mn in the corresponding period in 2006,1
zenotech laboratories q3 net loss widens to rs 3 75 cr,2
orchid chemicals is a sell ashwani gujral market strategist,2
fb gettin in the buy zone soon,1
indian bank q4 profit down 7 per cent to rs 271 28 crore,2
mos looking good here at 58 65 calls are active in this month and weekly,1
launch of 4g services key to reliance industries stock parag thakkar,0
aviva m g suspend property funds as investors panic,2
spot demand lifts copper futures amid firming domestic trend,1
idea q2 net profit falls 18 to rs 180 cr,2
china slaps restrictions on 7 securities and futures institutions,0
current holdings via options long aapl v gs aet short vxx,1
vedanta cairn deal may not go through ajay bagga,2
cargo volume increased by approximately 5,1
bse to introduce new group w from friday,0
idfc ltd april june net down 13 per cent at rs 449 crore,2
castrol india shares surge 9 on bourses,1
break above 8 060 on nifty may trigger 100 point rally on index mitesh thacker,1
against the odds german bund yields on track for biggest fall since 2008,2
moil in a declining trend ashwani gujral,2
komli media ceo prashant mehta quits for personal reasons,0
equity markets expect tighter interest rates edelweiss securities,0
euro dips in asia ahead of ecb comments,2
bears beat bulls are markets in downward spiral,2
engineers india q4 net up 32 54 pc to rs 165 57 cr,1
cyclicals are the ones to bet on kunj bansal,1
mustard oil declines on subdued local buying,2
agri stocks to remain subdued in the short term nitin raheja,2
5490 is a key level for the nifty today ashwani gujral,0
technology action plan boosts pulses growth,1
equities are the real gold over long term,1
los angeles based pacific office properties trust acquires owns and operates office properties in the western u s focusing initially on the markets of honolulu san diego los angeles and phoenix,0
glaston s share gla1v is listed on the nasdaq omx helsinki mid cap list,0
patel engineering is on the verge of breaking down ashwani gujral,2
prime focus up 18 in 2 days can gain 15 more,1
centre for more power to sebi regulator to get power of search seizure and recovery,0
u k stocks little changed near record as barclays shell fall,2
parsvnath dec qtr net up 26 to rs 31 37 cr,1
cipla q1 net profit lags estimates as higher costs hurt,2
taiwan stocks down tracking global markets,2
sun pharma falls despite earnings being in line with estimates,2
crisil shares hit 52 week high as net profits rises by 38 5,1
deccan chronicle holdings posts loss of rs 46 57 cr in q4,0
august 7 2014 mecklai financial report on rupee,0
neste shipping is the most likely to remain finnish as the oil sector and its transports are significant for emergency supply,0
groundnut oil prices gain on renewed demand,1
china stocks after wild ride reverse course and close higher,1
zsl looking very weak could be a good short setup,2
tata power appoints ashok s sethi as executive director,0
tv today network q2 up 84 at rs 24 31 crore,1
dscl q1 net jumps over three fold to rs 114 crore,1
greene king s third quarter sales boosted by festive season,1
jsw energy closes up a paltry 0 75 on bse,1
glencore chief blames rivals overproduction for share price fall,2
acc q2 net dips 79 pc to rs 86 31 cr,2
smart things to know about inflation indexed bonds,0
almond prices decline on reduced offtake,2
texmaco can move up rajat bose,1
the robust growth was the result of the inclusion of clothing chain lindex in the group in december 2007,1
twitter shares fall below ipo price,2
cera sanitaryware q3 net up 50 18 at rs 16 16 crore,1
nifty may be on its way to 6800 ashwani gujral,0
sahara group stocks fall 5 as subrata roy two directors sent to jail,2
uncommonly weak snow conditions in nearly every market have affected our first quarter result chief executive roger talermo said,2
china yuan slips in 2014 first major decline since 2005 revaluation,2
nalco q2 net profit jumps manifold to rs 179 crore,1
gps gap september comparable store sales 4,2
indosolar net profit at rs 46 lakh stk surges,1
the chain has been trying to cut its own costs pressuring vendors such as fitness equipment manufacturer precor to slash prices,0
exit idea immediately rajat bose,2
the evidentiary hearing in the investigation is scheduled for april 21 may 1 2008,0
q1 earnings lanco infratech pat seen at rs 3 480 crore,0
sales of clothing developed best,1
the australian company mirabela nickel has awarded outokumpu technology a contract for grinding technology for its nickel sulfide project in bahia state brazil,1
ajay shriram takes over as new cii president,0
some big banking stocks may see upside in near term avinash gorakssakar,1
pistachio gains on festive demand,1
in 2005 cargotec s net sales exceeded eur 2 3 billion,0
trend micro appoints dhanya thakkar as md india and saarc,0
polaris ends 14 higher on stake sale buzz ceo dismisses reports as rumours,1
ovl s h1 net up 14 at 1 886 crore,1
nestle india recovers after slipping 5 global ceo says maggi safe,1
cairn india q3 pat down 5 at 2 884 cr qoq,2
net sales grew in the period to x20ac 402 million 585us million from x20ac 401 million in 2006,1
karur vysya bank q3 net up marginally to rs 113 88 cr,1
cognizant beats every estimate driven by revival of us outsourcing services,1
turkish lira hits 11 month low as media raid jars nerves,2
nsel scam lotus refineries chief sent in police custody,2
sell tata motors ltd with a target of rs 415 mitesh thacker,2
new novator products are supposed to be exported,0
kec international looks attractive on revenue visibility and margin improvement mayuresh joshi angel broking,1
double bottom with handle buy point of 29 51 ip,1
marks and spencer reliance india appoints venu nair as managing director,0
q1 earnings loss widens for suzlon energy on high interest cost,2
allahabad bank q2 net climbs 21,1
january 11 2014 mecklai financial report on rupee,0
gillette india q3 net up 15 pc at rs 27 cr,1
cost savings will then rise to some 20 mln eur a year from 2007 oko said,1
kingfisher takeover of mr bricolage could hit a brick wall,2
stay invested mkts poised for good run,1
standard chartered lags on capital worries,2
according to schmardin nordea will most likely try to win customers over from other pension fund providers,1
sell petronet lng with target price of rs 131 mitesh thacker,2
the total investment necessary will be eur40m the company estimated,0
satyam soars 10 on tax row settlement,1
philip morris bat sue over law taking branding off packs,2
the omx nordic 40 omxn40 index comprising the 40 most traded nordic stocks on the nasdaq omx exchange closed down 0 87 at 1 064 14 points on thursday,2
recommend wait and watch for reliance communications deven choksey,0
the wireless industry is bracing itself for the iphone which will launch on june 29,0
cotton farmers to suffer from fibre security,2
jul 18 police are looking for a man who they say terrorized three males at gunpoint on east maple avenue this afternoon shooting one of them and kidnapping another,2
consistent performance behind bajaj finance s premium valuations stock a long term play deven choksey,1
sterlite industries plunges as tnpcb orders closure of smelter plant,2
us crude prices fall sharply as inventory grows,2
elisa will expand the use of this technology provided the pilot proves successful,0
mahesh kothari share stock brokers is defaulter bse,2
hcc reports rs 5 39 crore net profit in q3,0
china yuan falls to two month lows as central bank sets weaker midpoint,2
more than 50 nse listed firms yet to hire women directors,0
what should investors expect from hdfc q4 results,0
kaveri loses almost a third of mcap on pending royalties,2
gold holds above 1 300 focus on fed policy meeting,1
samvat 2072 starts on a cheerful note sensex up 124 points in biggest new year gain since 2010,1
bata india slips over 4 as q2 net profit declines to rs 59 37 crore,2
sell nmdc ltd with a stop loss of rs 153 ashwani gujral,2
the event can also be viewed as a live audio webcast at,0
on fedday looking for a sharp move up in equities aapl hd low fb seeing uvxy tvix getting hammered even though market is down,1
restructured asset to post challenges for psu banks pankaj pandey,2
intc aapl strong tech leads dow higher,1
valuation gap with larger peer makes stylam industries an attractive option,1
thyrocare considering ipo to allow investors to exit company is being valued at around rs 1 500 crore,0
hul brews plan to open coffee shop stock down,2
geojit bnp paribas q1 profit almost doubles to rs 16 48 crore,1
would not take a position on the nifty deepak mohoni,2
turmeric futures slide 1 70 pc on weak demand,2
wipro slips for second session after q2 results,2
yamaha domestic sales up 35 81 in july,1
offshore chinese yuan rises as hong kong mainland shares rebound sharply,1
fiis outpace domestic investors in bse200,0
petronet lng remains a good long term bet despite short term headwinds,1
lead futures weaken on global cues sluggish demand,2
p padmanabhan takes over as managing director of numaligarh refinery limited,0
unseasonal rains hailstorms affect rural demand for gold in wedding season,2
emami names ajith babu narasimha new healthcare ceo,0
ap paper gains as sat dismisses international papers appeal,1
financial technologies may have to absorb over rs 5 200 crore nsel liabilities,2
tata power q3 consolidated pat seen at rs 230 crore,0
sail to speed up coal acquisition plan abroad stock down,2
elder pharma defaults on rs 261 crore interest payment on debentures,2
income tax department orders special audit of mcx sx nsel,2
the solution is demonstrated on a tablet developed by aava mobile as a multi window system which enables the use of several applications simultaneously for example the viewing of messages and calendar side by side,0
300 nifty points led by banking sector jagdish malkani,1
as with other stakeholders comptel has been involved in the workshops meetings and filed comments on the issues of greatest importance to the competitive sector of our industry,0
as a result the russia s import restrictions on finnish dairy companies will be canceled on 6 august 2010,1
after chuck smith was laid off on may 30 from his 90 000 housing consultant job he and his wife had to cut spending in half for their family of six having to rely on his wife s income about the same as his alone,2
asia shares edged lower ahead of us jobs figures,2
finnair expands finnair plans to add more flights on routes to hong kong india and russia,1
the social plan negotiations were part of the three year turn around program which is expected to ensure salomon s future competitiveness,1
nifty will revisit 7930 7940 levels mitesh thacker,0
the total restructuring costs are expected to be about eur 30mn of which eur 13 5 mn was booked in december 2008,0
companies should get listed within six days of share sale sebi,0
rice basmati remains weak on sluggish demand,2
also a six year historic analysis is provided for this market,0
hargreaves lansdown bucks weak markets to see assets rise 2 6 percent,1
ingen is an established medical device manufacturer with an emerging new medical product line for the respiratory market worth an estimated 4 billion in the u s and 8 billion globally,0
condition not in favor of jp associates deven choksey,2
spicejet s q3 loss widens in battle to stay afloat,2
f o tracker short nifty around 6300 buy atm calls,2
do not expect ril to give you great returns in short term ur bhat,0
for teleste the acquisition marks an entry into services business in a market where it has long been an established and significant supplier of products,1
seek an exit from sks microfinance rajat bose,2
talk of 2 bn defence deal lifts m m stock,1
nihilent technologies considering ipo in 12 18 months,0
total two offers were received by contracting authority for participating in this contract however the contract was allotted to affecto finland oy,0
immediate support for rupee is placed at 55 10 bonanza,2
18 january 2010 finnish it consultancy trainers house oyj hel trh1v said last friday it resolved to issue a eur5m hybrid bond to domestic investors in a bid to strengthen its capital structure,1
limited room left for further upside says p phani sekhar karvy stock broking,0
murli indst to dilute stake to partly fund 3 cement plants,0
exel is headquartered in mantyharju in finland,0
united spirits could have the best risk reward ratio,1
v guard shares gain 2 4 on q1 results,1
t k sengupta takes over as director of ongc,0
palm down to 3 month low tracking other oils as demand doubts hurt,2
swiss bank credit suisse international will act as an investor in the locomotive manufacturing plant the astana administration said,0
ncdex initiative has gulab bagh reaping big with maize contracts,0
dena bank surges 5 as board approves raising of funds,1
net sales surged by 30 to eur 36 million,1
shire surge pushes ftse towards record peak,1
equities to reap maximum returns in coming months survey,1
sameer garde appointed philips healthcare south asia president,0
russian media ventures minority shareholder peter hervy denied the plans to sell ova press the daily said,0
bad loans widens dhanlaxmi bank oct dec loss to rs 119 crore,2
cat is hangin on my a thread 1click away from a cliff drop needs follow through or snap back on the vix,2
panostaja oyj s board also decided at its organisational meeting held upon completion of the agm to implement the agm decision concerning board member fees paid as shares in such a way that shares are transferred on a quarterly basis on the date following publication of the quarterly annual report,0
patel engineering plans to sell non core assets stock gains,1
of course greece had a plan for a new currency paul krugman,0
bpcl is a good long term investment deepak mohoni,1
according to ringman finnish paper companies have acquired know how and capacity in paper recycling which has turned out to be a successful strategy,1
new product launches in finland will more than double from 2005,1
margin calls in mid small caps pull indices down sensex falls 323 points,2
whirlpool may head to around 450 475 devang visaria,0
ncmsl raises 18 5 million in equity funding,1
sentimental impact coal pricing is inevitable p phani sekhar,0
sutlej textiles q3 profit jumps 61 47 per cent to rs 39 90 crore,1
royal mail share price edges lower as group raises stamp price,2
orchid chemical can be sold with a target of 290 ashwani gujral,2
icici banks k ramkumar moves from hr to head csr division,0
stay long on sun tv with stop loss of rs 380 vinith jain,1
euro fails to hold friday gains,2
tvs motor q2 net jumps over two fold at rs 54 78 crore,1
olvi expects sales and market share to increase in the first quarter of 2010,1
in october upm reported a third quarter net loss of euro86 million 110 million compared with a net profit of euro120 million in 2007,2
known as post bank the concept would see fidelity bank rolling out 75 offices in ghana post premises to provide financial services to the people,1
tax sops to oil companies will be helpful ashith kampani jm financial,0
volkswagen stocks rise 4 over better than expected third quarter earnings,1
adp news jan 22 2009 finnish mobile phones maker nokia oyj omx nok1v said today its operating profit decreased to eur 5 billion usd 6 5 bn for 2008 from eur 8 billion for 2007,2
finnish plumbing and heating systems supplier uponor is temporarily laying off its whole workforce in finland for two weeks as of mid july 2009,2
bearish on fmcg iv subramaniam,2
australia shares seen steady ahead of emergency summit,0
greece or not there would have been a slowdown atsi sheth macro sutra,0
s group s loyal customer magazine yhteishyv came second with 1 629 000 readers and sanoma corporation s daily newspaper helsingin sanomat was third with 1 097 000 readers,0
yuan rises slightly as lacklustre trade data offsets strong midpoint,1
jet airways continues its plunge down over 8,2
target of 165 on orchid chemicals ashuu kakkarr,0
important support for eur usd lies at 1 3588 86,0
platinum supplies may be hit if africa unrest spirals,2
should you bet on tyre stocks,0
shoppers stop surges 14 per cent to hit year high on fund raising plan,1
jyothy lab q2 net up 54 at over rs 38 crore,1
dish tv posts loss of rs 16 05 crore in q1,0
agricultural newspaper maaseudun tulevaisuus had 318 000 readers representing a decrease of 6,2
lse gets hong kong regulatory nod to hk firms to become lse members,1
january 03 2014 mecklai financial report on rupee,0
txrh reports q1 eps of 0 37 versus the estimated 0 35 beating by 0 02 eps were up 19 from the same quarter last year,1
gail slips nearly 2 after explosion at pipeline,2
the contract will take effect in 2009 for a five or ten year period,0
network18 founder raghav bahl to continue as non executive board member,0
analysts divided over nestle some say hold others see downside risk,2
taj group names p v ramana murthy as global head hr,0
fb dax says bye bye 2013 finished a great yr w 28 plus,1
potato futures down 0 76 on weak demand,2
stanchart idr holders can convert 25 of holding into shares,0
infosys beats forecast but analysts still wary,1
gujarat plant factor not to affect maruti in the near term neeraj deewan,0
adi rajaram appointed tniic chairman,0
crude palm oil futures rise as demand picks up,1
caustic soda declines on reduced offtake,2
global fund managers eyeing fall in sensex to turn buyer post 10 20 correction in market,2
mcx migrates to latest version of exchange software,0
did federal reserve s janet yellen just enter currency wars,0
finnish consulting and engineering group poyry plc omx helsinki poy said on wednesday 1 october that it has been awarded a contract by tanqia dibba fzc as owner engineer for the wastewater system of dibba emirate of fujairah uae,1
decision on cairn vedanta deal today stock up,1
chilli futures decline 0 58 on adequate supply,2
sell ashok leyland ltd with a stop loss of rs 43 prakash gaba,2
exports accounted for 65 4 of net sales representing an all time record for the company,1
stock markets see sector specific performance,0
il fs engineering files papers for rs 300 crore rights issue,0
castor seed futures fall on profit booking,2
the majority of the company s personnel in finland is temporarily laid off from one to six weeks in the period from february to june 2009 period,2
nokia will continue to invest in future development of qt for the benefit of all users both commercial and lgpl,1
if needed she provides also further information on ferry connections and hotels,0
jet airways is best pick in aviation sector rajesh jain market strategist,1
gateway distriparks rallies nearly 5 on reports that it plans to list rail unit,1
diluted earnings per share eps rose to eur 0 29 from eur 0 05,1
edible oils weak on global cues stockists selling,2
once hot india bond markets turn vulnerable ahead of fed decision,2
august 1 2014 mecklai financial report on rupee,0
guargum futures recover on rising spot demand,1
srg housing finance extends closure of ipo amid bank strike,2
atul auto posts 11 growth in fy15,1
that was quick out fio 21 35 market tanking scaling down longs now,2
city union bank gains 2 on strong response to share sale,1
omc stocks likely to witness profit booking in short term deven choksey,2
is facebook s user engagement falling fb,2
asia stocks muted as jobs data awaited greece risk rises,0
info edge promoter sanjeev bikhchandani transfers 13 000 personal shares to employees,0
nuan held up well after the big gains maybe we re finally on the move on this its still very undervalued and has major upside,1
pullback rally over now nifty likely to take support at 8 000,0
bajaj holdings has corrected quite a bit ashwani gujral market strategist,1
the bridge will be built to the south of the existing bridge spanning the strait,0
market regulator sebi may put high mutual fund salaries on a leash,0
sebi has it all to prove in insider probe,0
slumps at volkswagen and rsa weigh on european shares,2
kesoram industries to mop up upto rs 500 crore through a rights issue,0
uco bank looking negative somil mehta,2
profit taking pulls nikkei from 5 1 2 mth high,2
nikkei drops as stronger yen china worries hurt sentiment,2
hdfc bank q4 net profit up 20 7 yoy in line with estimates,1
chilli teja futures surge 3 25 per cent on strong demand,1
ten market linked insurance funds beat nifty on fiscal returns,0
in the third quarter of fiscal 2008 efore swung to a net loss of eur 400 000 versus a net profit of eur 200 000 for the corresponding period of fiscal 2007,2
moil price hike helps company post growth in sales during q1,1
the firm s services include copying printing cad modelling digital printing scanning sokopro project bank and courier services,0
update 5 barclays chairman mcfarlane axes ceo to speed up strategic change,2
asset quality concerns persist for indian overseas bank,2
market on a consolidating mode mitesh thacker,0
sell dr reddys with stop loss of rs 3192 mitesh thacker,2
grounds for the notification tiimari plc 12 30 2010 issued capital convertible loan allocation decision by the board on 01 31 2011,0
non subsidy current spends should be minimised jp morgan,0
hal s made in india combat chopper to test its firepower,0
australia shares slip most sectors fall,2
turmoil continues in the mutual fund industry,2
stock specific action likely on it counters nitin raheja,0
makemytrip posts q4 net profit of 3 7 mn,0
reliance industries stock on the rise despite arvind kejriwal s repeated attacks,1
hsil q3 turnaround in building products division may trigger a re rating,1
wall street week ahead fed change unlikely to blunt equitie appeal over bonds,0
defence related companies rally as government notifies fdi hike,1
european traffic grew nearly 30,1
it is part of the development of the world class magnetite deposit at karara which has the known potential for over 30 million metric tons of annual processing of magnetite over its estimated 30 year life,0
raute reported a loss per share of eur0 86 for the first half of 2009 against eps of eur0 74 in the corresponding period of 2008,2
huhtamaki s rigid plastic consumer goods operations which are mainly in europe will be separated into a new reporting segment as of 1 january 2009,0
central bank of india extends poor show net falls 4 in q4,2
alexandria va nov 19 erkki aho elimaki finland has developed a method and apparatus in conjunction with a shoe press,0
la opala sets record date for share sub divison stock rallies,1
utilise any correction to buy pharma stocks hemindra hazari,1
3i infotech to begin talks for bond refinancing source,0
m m probably retest levels around 550 ashwani gujral,0
dr reddy laboratories slips nearly 3 post q2 results net profit down 16 8 yoy,2
airline stocks take off on cut in jet fuel prices,1
alok industries looking strong deepak mohoni,1
eb announced in its stock exchange release on november 18th 2008 that j t bergqvist has resigned from the chairmanship and membership of the board of eb,2
f secure reported that the first half of 2008 has seen a growing number of targeted malware attacks on individuals companies and organizations,0
outokumpu of finland stainless steel manufacturer plans to enter into a supply agreement with the indian railways,1
ihcl more room to grow as occupancy shows signs of improvement,1
exports and non truck business to drive ashok leyland,1
the tower s engineers have created an 18 degree westward lean four times the inclination on the leaning tower of pisa using diagrid structures that are aligned geometrically using tekla structures bim building information modeling software,0
the initial estimated total value was 1744900 eur and the final award value was 1744900 eur,0
a merger between upm and finnish swedish stora enso is not likely either,0
oracle financial services software gains q1 net profit falls 16,2
havells q2 net up 1 per cent to rs 113 crore,1
sebi revamps committee on disclosures accounting standards,0
seeing decent growth in auto stocks ahead networth stock broking,1
samsung sds may list shares at around 200 000 won a share source,0
actions to improve operational efficiency and adjust operations are expected to deliver annualised permanent cost savings of around eur 4 5 million and will be effected mostly during the first half of 2010,1
india produces 14 3 million tonne sugar till mid february,0
lanco infratech q1 net loss at rs 300 crore,0
ppg descending triangle but i am liking it for an upside break,1
finnish industrial investor panostaja oyj omx helsinki pnaas omx helsinki pnabs said on friday 11 july that it has signed a deal to acquire the entire share capital of kospa oy the manufacturer of waste disposal equipment,1
mid cap stocks would be the outperformers despite steep valuations analysts,1
seat belt recall who cares i m a buyer tsla,1
the identity of the buyer is not yet known,0
ramco systems net profit at rs 4 77 crore,0
gold extends losses on stockists selling global cues,2
ramco systems climbs over 14 on order win,1
brent falls towards 85 amid supply glut lower price forecasts,2
what brokers are expecting from infosy q2 results,0
why does high speed rail remain elusive in the us,0
as part of the transaction m real and sappi have also signed a long term agreement on the supply of pulp and bctmp and other smaller services and supplies,1
clariant chemicals rallies over 12 hits 52 week high on land parcel deal,1
saunalahti is a part of the elisa group,0
negative bias on gail mitesh thacker,2
turnaround in biz fortunes helps abnl post a profit in q3,1
the company is involved in the the sale of financial products including insurance mortgages car and personal loans financial brokerage and equipment finance leasing,0
petronet lng reports 30 per cent drop in q1 net profit,2
make a contra call on itc hemendra hazari,2
gold rules firm for ninth day on global cues seasonal demand,0
nasdaq omx enters indian market for the second time to open new office in bangalore,0
games fund managers play in maruti,0
10 year bond falls on profit booking,2
2014 lok sabha elections psu banks surge as nda set to win majority comfortably,1
staying active in flat european stock markets,0
blue star climbs 6 as cci approves merger with group companies,1
world s biggest airport operator aena jumps 20 7 in market debut,1
the latest date for registration is on 4 april 2006,0
alexandria va june 7 michael g williams of newbury park calif has developed a network device,0
gur ends flat in thin trade,0
gujarat alkalies and chemicals ltd net profit at rs 48 68 crore in q2,0
currently 95 of trainers house s revenues are attributed to the finnish market,0
the company is in the process of building a new fleet and has placed orders for 10 p max tankers of 65 200 dwt,1
hard to say if the rebound in the markets will sustain or not ashwani gujral,0
supply crunch rising prices make indian black pepper uncompetitive,2
reforms pushed by narendra modi government likely to attract investors to psus,1
the copying republication or redistribution of afx news content including by framing or similar means is expressly prohibited without the prior written consent of afx news,0
feels like 1986 oil on track for longest weekly losing streak in 29 years,2
sebi exchanges to tighten grip on speculative stocks,0
aditya birla group stocks jump up to 20 on apparel business merger,1
the bridge will be 1 2 km long and is located between anasmotet by the road e20 and the new traffic junction in marieholm by the road e45,0
the firm builds components for mobile phones and other communications products,0
techno electric to raise rs 750 cr stk surges,1
cottonseed futures gains on increase buying,1
as a result of the negotiations the employment of 130 blue and white collar employees at the oulu plant would be terminated,2
godrej consumer q4 net down 29 28 at rs 236 28 crore,2
10 year bond yield soars to 8 8,1
large banks in banking space look attractive iv subramanium,1
a 25 fall in crude is like a 10 billion stimulus for indian economy say experts top stock bets,0
retail chain suomen l hikauppa was given the index 5 8 airline sas 5 8 teliasonera s broadband 6 1 german retail chain lidl 6 1 tele finland s mobile subscriptions 6 1 tallink shipping line 6 3 and power company helsinki energy 6 3,0
pboc says china stocks rout almost over is it good news for india,0
rupee drops 7 paise trades at 58 54 vs dollar,2
the availability of the internet services is highlighted in the service offer of kesko s k group stores,0
5450 5500 is possible on nifty aptart technical services,0
sterlite industries tanks 5 on bourses,2
the boeing company nyse ba bearish trader bets 550k that stock will sell off 9 79 by july expiry ba,2
broader markets banking stocks gain post gdp numbers,1
america q3 results or politics what s making markets surge,1
shell challenges exxon dominance with 47 billion pound bid for bg,2
markets assuming lots of policy actions will happen but it is unlikely mayuresh joshi angel broking,0
sell hindalco ltd with target price of rs 101 sandeep wagle,2
return on equity bottoming but priced in credit suisse,0
next few years need stable fdi flows jp morgan,0
slv 4 44 at 18 now awful down from 42 50,2
ing vysya bank rallies 3 hit 52 week high as shareholders approve merger,1
spy don t hang your bull hat yet next week we will pop higher on qe3 hope on back of fed s 2 day meeting,1
sensex plunges over 426 points in global sell off,2
dalmia bharat up on deal talks,1
alok industries q1 net down by 49 at rs 30 07 crore,2
valuations do not warrant fresh buying in britannia existing investors should stay put mayuresh joshi,0
reliance industries may post a flat performance for q1,0
the company s us subsidiary vaisala inc acquires aviation systems maintenance inc asmi a kansas u s based airport service company with over 2 6 million usd net sales in 2008,0
we can capitalize on our experience from a number of similar bridge projects in the nordic countries,1
bulls run for cover sensex plunges over 860 points on oil greece concerns,2
at the same time profit of the company increased by 10 in h1 and reached ls 79 000,1
apple shares top 300 a share for first time,1
study company s management before buying infra stocks prashasta seth,0
honkarakenne oyj a world leading manufacturer of genuine wooden homes will be sponsoring finnish crosscountry skier virpi kuitunen for the next three years,0
eps for the quarter came in at 0 36 eur up from 0 33 eur a year ago and ahead of forecast of 0 33 eur,1
birla corp q1 net profit falls 46 pc to rs 45 99 crore,2
panacea biotec q2 net loss at rs 56 crore,0
the basware connectivity services allow companies to handle purchase to pay processes online and make their internal processes more efficient said ceo ilkka sihvo basware corporation,1
hul s q2 profit flat sales grow marginally below expectations,2
seven month sales of ragutis which is controlled by the finnish brewery olvi declined by 11 2 percent to 15 41 million liters and the company held 9 89 percent of the market,2
f o next support of nifty seen around 5000 levels,0
march 15 2014 mecklai financial report on rupee,0
according to finnish insurance companies tapiola local insurance group l hivakuutus and pohjola the two fierce storms at the end of july and in the beginning of august 2010 that felled trees around finland have speeded up sales of forest insurance,1
sbbj q2 profit rises 48pc at rs 127 crore,1
cooling division making voltas a hot pick hemindra hazari,1
dalal street flummoxed as mangalore chemicals and fertilisers shares defy gravity,1
punj lloyd surges 5 as it bags rs 1 418 crore order,1
one of the challenges in the oil production in the north sea is scale formation that can plug pipelines and halt production,2
dhoni s csk will play ipl says sc india cements on the ball up 8,1
iron ore upswing may not last as china mulls raise in output,2
with the new production plant the company would increase its capacity to meet the expected increase in demand and would improve the use of raw materials and therefore increase the production profitability,1
helsinki thomson financial kemira growhow swung into profit in its first quarter earnings on improved sales especially in its fertilizer business in europe which is normally stronger during the first quarter,1
china keeps investors on edge is it 2008 again,0
finnish it solutions provider affecto oyj hel afe1v said today its slipped to a net loss of eur 115 000 usd 152 000 in the second quarter of 2010 from a profit of eur 845 000 in the corresponding period a year earlier,2
airasia india trebled quarterly losses in july september over previous year,2
hul ltd with target price of rs 586 mitesh thacker,0
cci holds nse guilty of unfair trade practice in currency derivates market,2
very bullish on nbfc space sudip bandyopadhyay,1
rail stocks fail to pick up steam ahead of railway budget 2015,2
finnish swedish stora enso does not understand the decision issued by a federal judge in brazil concerning stora enso s associated pulp company veracel,2
videocon industries jumps over 10 per cent on fund raising plan,1
in complying with the european water framework directive requirements the pre treatment unit will be fully renovated including hydraulics of waste water inception degridding sand and grease removal and treatment and deodorization of the unit,1
operating profit excluding non recurring items totalled eur 1 0 mn down from eur 1 6 mn,2
like it or not china s crude oil futures will be a global benchmark,1
nbfcs look good from macro perspective but stay selective amit khurana,0
aurobindo pharmas q3 numbers may surprise market on upside sharekhan,1
hlf shorts made a killing last couple days might make more if cover and buy back,2
kalyanasundaram resigns as independent director of tata communications,0
the investments and operational changes enable additional optimisation of the working hours and thereby further cost savings of some 7 9,1
npa factor pnb surges 6 despite q3 net profit declining by 42,1
titan ltd falls after ending deposit schemes,2
expect markets to be range bound in the near term mitesh thacker,0
singapore index rises ahead of price data others flat on greek debt,1
shell s 70 billion bg deal meets shareholder skepticism,2
stora enso norske skog m real upm kymmene credit suisse first boston cfsb raised the fair value for shares in four of the largest nordic forestry groups,1
rolls royce wins 9 2 billion order from emirates airline,1
tvs motor tanks over 11 per cent despite strong q1 show,2
mtnl raises rs 1 5k crore through 10 year bonds,1
arto ryymin born 1964 will replace juhani kaisanlahti who has worked as acting evp healthcare welfare since august 2007,0
products include consumer electronics devices such as mobile phones and their accessories set top boxes flat panel tvs as well as system solutions products such as infrastructure systems modules and other industrial segment products,0
early triggers coming into abg shipyard rajesh jain,0
nmdc q1 net up nearly 6 at rs 1 906 crore,1
renzo piano s building design will be a wonderful addition to london s skyline says noud veeger evp and area director for central and north europe at kone,1
in a release on oct 28 peab said the two businesses will continue to be conducted under the brands cliffton and stockholm entreprenad both part of the peab group,0
lead futures soften 0 19 on sluggish demand,2
the plant would use palm oil certified by the roundtable on sustainable palm oil rspo,0
currency hedged etfs outperform pick up inflows as dollar gains,1
sensex conquers 27 000 over 300 stocks hit fresh 52 week high,1
under the terms of the off take agreement with talvivaara cameco will provide an up front investment to a maximum of 60 million to cover the construction cost of the uranium extraction circuit,1
com and possibly also through photo msn,0
hsbc securities registers for new foreign portfolio investor scheme,0
titagarh wagons forays in metro coach business stock up 1 per cent,1
the new agreement which expands a long established cooperation between the companies involves the transfer of certain engineering and documentation functions from larox to etteplan,1
operating profit for the quarter april june 2006 amounted to eur182 2 m on sales of eur3 62 bn,0
guargum futures decline over 2 on weak spot cues,2
at the beginning of the subscription period on may 2 2006 the share subscription price under b option right is eur 10 22 per share,0
brent drops below 87 as fed optimism lifts dollar,2
he said things will be different when new finnish nuclear power stations go into operation and the large hydro powered stations of northern europe have a good year,0
for q2 2010 consolidated earnings before tax totaled eur4 5 m compared to eur3 9 m and net profit was eur3 2 m compared to eur2 9 m in the previous year,1
how to protect your stocks against el nino,0
ndx component tesla has announced it is recalling 2700 model x suvs tsla,2
rupiah extends losses hits lowest since august 1998,2
mercator lines well placed above moving averages nirmal bang,1
commonfloor com plans to launch ipo in 3 5 years,0
back to back agms of reliance adag companies not in shareholders interest experts,2
oil india september quarter net drops 5 3 pc to rs 903 64 crore,2
cognizant q1 revenue rises 20 to 2 42 billion signals bullish outlook,1
repco home makes weak stock market debut tanks over 6,2
south african sappi will become the largest foreign forest industry company operating in finland as a result of the acquisition finnish m real corporation s graphic papers business unit,1
cognizant q3 profit at 397 2 million raises full year revenue guidance to at least 12 41 billion,1
markets will move sideways before next upside starts ashwani gujral,2
sell pnb with target price of rs 490 ashwani gujral,2
tekla will implement the renewal in software versions which will be introduced in spring 2011,1
bearish on infosys gaurav mehta,2
indigo and somoncom serve 377 000 subscribers and had a market share of approximately 27 as of may 2007,0
operating profit totalled eur 1 22 mn down from eur 3 56 mn in the first quarter of 2008,2
options suggest range of 8 000 8 300 for nse,0
ample supply profit booking hurt chana futures shed 2 36,2
aditya birla nuvo ltd is a sell call with a target of rs 2 195 and a stop loss of rs 2 276,2
the company expects net sales to significantly increase from 2009,1
5 reasons behind sensex s 600 pt slip and why investors needn t worry,2
escorts scrip tank 7 on weak december sales nos,2
aapl at resistance right here sold my shares will buy back if it dips or if it goes in the 128 gap zone,2
heidelberg cement india q1 net loss at rs 8 crore,2
sudhir mathur becomes the new cfo of cairn india,0
hsil falls nearly 4 after approving qip at discount to floor price,2
divis labs q3 net up 45 07 pc to rs 98 42 cr,1
this is the second successful effort for the financial investor this year,1
brfl is a good buy sandeep wagle,1
real estate is a market to go short and not long ajay srivastava,2
cool off period likely to continue for sensex top 4 events to watch,0
the terms of the aforementioned funding are considerably below the bank s current cds levels in the market and have a maturity ranging from 1 to 7 5 years,2
gold down 1 per cent hits 8 month low on weak physical demand,2
vst industries analysts remain bullish despite continuation of poor performance,1
kingfisher airlines posts rs 822 crore q3 loss,2
it companies may not enjoy the rupee edge for long,2
fiis submit bids worth 1 58 billion for government bonds,0
koutons retail q3 profit up 18 63 per cent at rs 15 79 cr,1
the financial impact is estimated to be some 1 5 meur annual improvement in the division s result starting from fiscal year 2007,1
long term outlook on it space bullish says anand tandon,1
mindtree q4 net profit falls 8 6 at rs 129 crore,2
anant raj group to exit hospitality biz stock up nearly 6,1
london stocks index ftse 100 hits record highs,1
sell united spirits at a stop loss of rs 2390 mitesh thacker,2
msci move to include hong kong china adrs in em index may hit indian stocks,0
cardamom futures fall 0 42 per cent on profit booking,2
a purchase agreement for 7 200 tons of gasoline with delivery at the hamina terminal finland was signed with neste oil oyj at the average platts index for this september plus eight us dollars per month,1
markets may take cues from global factors this week experts,0
essar stocks fall group signs pacts with russian firms,2
nikkei rises to 1 1 2 week high financials track u s counterparts,1
jgbs mixed after solid demand at 5 year auction,0
the union filed a grievance over the company s overtime assignment policies,2
the repurchases shall decrease the distributable capital and reserves,2
gammon india bags rs 1947 cr project stock surges,1
govind rubber q1 net profit up acquires land for project in gujarat,1
natural rubber dull demand unlikely to help upturn in prices,2
stock pick how ultratech is cementing its future,1
sebi s toll free service for investors open whole week,0
the board further said the company omitted to tender for a substantial part of the works and as such they had rightfully been found non responsive by the evaluation team,0
kartik kaushik to lead citi india s consumer banking division,0
in q1 2010 18 may 2010 finnish electrical components maker salcomp oy hel sal1v said today it turned to a net profit of eur1 6 m in the first quarter of 2010 versus a loss of eur2m in the corresponding period last year,1
australia shares fall to their lowest in over 7 months,2
crude rout slams stocks safe haven assets sought,2
tv today q2 profit at rs 12 83 crore,0
finnish it consultancy satama interactive oyj posted a net profit of 1 4 mln euro 2 0 mln for the first nine months of 2007 compared to a net loss of 462 000 euro 664 000 for the same period of 2006,1
fb churning in high volume ipo price lot s of sellers trying to get out might take a while here to consolidate before moving higher,2
cushman wakefield appoints praveen singla as national head for debt financing services,0
structural issues may continue to weigh on realty stocks bounceback unlikely deepak shenoy,2
dollar moves narrowly in asia trade,0
kolkata based firms rally on trinamool win itc top gainer,1
difficult to sustain 6000 at nifty in next few days ashwani gujral,0
guarseed slips in futures trade on weak export demand,2
rbi bets on shut period to improve liquidity,0
rupee at 60 26 down 18 paise vs us dollar,2
infosys ends 3 down global brokerages raise target price post q1 results,2
mmtc surges after company sees turnaround in q2 earnings,1
gold trading flat reflecting overseas trend,0
despite recession itdc registers profit,1
the tekla structures product box if needed is now made from recycled material,0
finnish airline finnair is starting the temporary layoffs of cabin crews in february 2010,2
the firm is headquartered in vantaa southern finland and has 16 employees,0
surya pharmaceutical q3 net up 30 82 pc to rs 28 01 cr,1
bharti airtel africa q1 net loss widens,2
10 year yield edges down on value buying sale papers in line,2
comptel corporation sami ervio president and ceo distribution nasdaq omx helsinki major media comptel dynamic oss solutions enable telecom service providers to deliver services flexibly and charge them effectively,0
malaysia airlines shares plunge as much as 15 per cent after jet crash,2
wait and watch for asian paints sandeep wagle,0
samsung shares down over 7 pc after losing patent case,2
the estimated synergy benefits are at least eur7m annually,1
l t in talk to supply nuclear equipments stock up,1
jgbs extend losses as market feels heat from bunds rout,2
multi commodity exchange appoints praveen kumar singhal as interim ceo,0
acc s october december net profit rises 9 74 to rs 276 crore,1
can the party in us stocks keep going in 2015,0
customers include hotels and restaurants as well as wholesalers and some retailers,0
status agreed,0
like in 2009 will rupee shoot up 300 paise post may 16 verdict,0
what investors should expect from axis bank q2 results,0
sectors that are likely to outperform in samvat 2071,0
indonesia s richest get 9 billion hit on commodity currency doldrums forbes,0
in addition lehdentekijat oy will start producing a new membership magazine viisas raha wise money for the association,1
cmc is a good mid cap it stock for the portfolio deepak mohoni,1
upgrades include a five megapixel camera voice control and what looks to be an optical mouse instead a d pad an upgrade click happy s60 has needed forever,1
tsla recalling pretty much every single model x cnnbrk got to short that even at work you jump in money trade,2
the airline has ordered nine airbus a350 900 aircraft with deliveries from 2011 and in doing so becomes the lead airline for the latest variant of rolls royce trent series engines called the 1700,1
finnish waste management and cleaning group lassila tikanoja oyj l t net profit went down to 32 2 mln euro 47 7 mln for 2007 from 35 3 mln euro 52 3 mln for 2006,2
net cash from operating activities was a negative eur 0 3 mn compared to eur 30 9 mn in 2009,2
however the growth margin slowed down due to the financial crisis,2
gold stuck near 7 1 2 month low set for worst week since may,2
the reductions will be concluded by autumn 2010,0
aurobindo pharma s longer term trend turned down deepak mohoni,2
gujarat pipavav port s expansion plans to make it a major container hub stock likely to rise,1
foreign assets in hong kong exchange fund hk 2 670 6 billion at end june,0
brent hovers below 103 as ample supply weighs,2
in january september 2009 the group s net interest income increased to eur 112 4 mn from eur 74 3 mn in january september 2008,1
finnish retail software developer aldata solution oyj reported a net loss of 11 7 mln euro 17 2 mln for 2007 versus a net profit of 2 5 mln euro 3 7 mln for 2006,2
cairn india q3 net drops 14 on forex losses,2
omnitech infosolutions bets big on rtgs implemetations,0
piramal enterprises q3 net profit at rs 249 crore,0
voltas is a buy call with a target of rs 295 ashwani gujral,1
camlin fine science will see 60 70 jump in revenues in coming years daljeet singh kohli,1
binani cement buyback offer positive for company and investors,1
some of the lay offs will be implemented using part time employment contracts,0
what should investors do with ril ahead of q2 results,0
suneeta reddy promoted as apollo s joint md stock up,1
reliance infra q3 pat seen down 31 at rs 337 crore,2
the six breweries recorded a 5 2 percent growth in domestic beer sales last year to 270 21 million liters from 256 88 million liters sold in 2005,1
raute posted a net profit of 1 8 mln euro 2 6 mln for the third quarter of 2007 compared to a net loss of 299 000 euro 430 000 for the corresponding period of 2006,1
zinc succumbs to profit booking softens 0 18 per cent,2
jeera futures surge 1 38 per cent on strong demand,1
in addition to supplying a new headbox and a modern sizing and coating unit vaahto group will provide erection supervision training and start up services,0
operating profit for the 12 month period decreased from eur28 2 m while net turnover increased from eur313 42 m as compared to the financial year 2004,2
elsewhere the tendency is towards more developed packaging than before,0
adp news feb 13 2009 finnish retailer kesko oyj hel kesbv said today its total sales excluding value added tax vat stood at eur 661 3 million usd 853 1 m in january 2009 down 15 2 year on yea,2
era infrastructure is a fundamentally strong company sudhir nair,1
shree renuka sugars has had a lot of bad luck jagdish malkani,2
mustard seed futures slip on selling pressure,2
cipla move to enter biotech looks opportune,1
finnish pharmaceuticals company orion reports profit before taxes of eur 70 0 mn in the third quarter of 2010 up from eur 54 9 mn in the corresponding period in 2009,1
chana futures extend losses on sluggish demand,2
hexaware technologies bags 25 mn deal stock rises,1
politics holds indian market back slightly says aberdeen amc s martin gilbert,0
aapl aug 645 calls 550 67c,1
mrf poised to perform well dipan mehta,1
yen strengthens ahead of us jobs report as investors push into safer assets,1
fci raises rs 8 000 crore via eight year maturity bonds,1
cbi probes mcxs market debut,2
finnish financial software developer basware oyj said today it will provide its invoice automation ia solution to an unnamed major retail company in the usa in a deal worth more than eur300 000,1
copper futures fall 0 15 on profit booking,2
helsinki afx shares closed higher led by nokia after it announced plans to team up with sanyo to manufacture 3g handsets and by nokian tyres after its fourth quarter earnings report beat analysts expectations dealers said,1
icicis provisioning up 36 at rs 850 crore healthy car casa base offer comfort,1
fb they are hitting everything in sight short it but twtr,2
gvk power can go up to 14 15 levels vijay bhambwani,1
pc jeweller q3 net up by 19 at rs 79 98 crore,1
sebi notifies new esop regulations,0
the manufacture of cpps will be undertaken at the existing export oriented unit eou at wartsila s factory at khopoli near mumbai,0
yes bank launches sovereign gold bond,0
in july it and quadriga capital sold their lewa gmbh pump making business to japan s nikkiso co,0
scanfil will execute the temporary lay offs by mid october 2009 and the job cuts by march 2010,2
i m pleased to receive the nomination committee s request and confidence says jon risfelt,1
ai registers loss of rs 1791 cr in 1st quarter of this fiscal,2
elektrobit eb has renewed its it infrastructure contract with ict services provider fujitsu services for eb s patja service,1
ansuman das takes over as full time cmd of nalco,0
this assignment strengthens poyry s position as an international provider of engineering and project services to the chemical process industry,1
the recent troubles simply make neteller cheaper,2
passenger related revenue rose by 5 1 to eur 460 8 mn from eur 438 5 mn in 2009,1
foreign investors put in bids worth rs 2 094 crore for government bonds,0
kirloskar oil to sell bearings operations stocks up,1
the value of the contract is eur 25mn,0
the shipyard hopes the regional government in andalusia can offer its some form of financial support,0
dark horse what s making analysts bullish on indiabulls power,1
dhanteras demand for gold unchanged from last year,0
as earlier reported nokian tyres is building a plant in the town of vsevolozhsk in russia s leningrad region with an annual production capacity of 4 million tires,0
nse operationalises sme platform with first listing,0
green bonds value may double to 100 billion in 2015,1
shangai stock index hits 8 month high despite worries over economy,1
radico khaitan q2 net down 21 48 at rs 17 32 crore,2
acc net profit down 7 in april june,2
egom could be slightly negative for telecom sector prashasta seth,2
petronet lng posts flat performance for march 2013 quarter,0
tariff value of gold increased to 521 10 gm import of gold to be costlier,2
in the baltic states the company reports net sales of eur 11 9 mn down from eur 14 2 mn and an operative ebit of eur 2 2 mn down from eur 1 7 mn,2
the acquisition of boomeranger boats oy is in line with the done solutions strategy of developing its business through company acquisitions,1
the terms and conditions of stock option scheme 2004 are available on the group s website,0
5450 5650 will be the range for next few days sandeep wagle aptart technical advisory services,0
the lowering of prices by us and by our competitors shows that the real estate market has stabilised and returned into balance and apartments are acquiring a fair price in the eyes of our clients,1
anshu jain joins iif board,0
dlf surges on reports to launch cmbs issue in next two months,1
broader market likely to outperform nifty could further move up by 100 120 points ashwani gujral,1
the unit is planned to be operational during the second half of 2007 and in full stream in 2008,0
nfl stock tanks 5 issue subscribed 24 pc in early trade,2
sahara housingfina stock slumps 3,2
shorting kingfisher airlines is dangerous at the current levels rajat bose,2
satama earned data management solutions competency with business intelligence specialization recentlyvia the acquisition of fimentor oy,1
hong kong stocks fall on clashes weak china data,2
the hayward calif based target designs active casual and dress footwear as well as boots and sandals,0
amtek auto cracks as company s june quarter loss nearly doubles on year,2
selling pressure on tata steel seshadri bharathan,2
reforms push will hold good for the markets dhiraj sachdev,0
sameer goel takes over as cipla india head,0
ennore port to approach shipping ministry for ipo approval,0
eil shares surge over 6 as board to mull interim dividend,1
there is no optimism in the market right now g chokkalingam centrum wealth management,0
markets had been expecting a poor performance and the company s stock was up 6 percent at x20ac 23 89 us 33 84 in early afternoon trading in helsinki,1
according to the finnish russian chamber of commerce all the major construction companies of finland are operating in russia,0
nickel falls 0 12 on weak demand global cues,2
the russian gas giant invested another 46 million litas in the company in late 2004 and now owns 99 5 percent of its stock capital which amounts to 86 936 million litas,0
positively biased towards ispat ck narayan,1
united breweries holdings q1 jumps over 2 fold to rs 802 crore,1
the world s biggest magazine paper maker said the program to improve efficiency will include closing several of its least competitive mills and would cover all the company s operations resulting in annual savings of some euro200 million us 240 million,1
finnish aluminium products manufacturer nordic aluminium plc omx helsinki noa1v reported on monday 18 august an operating profit of eur7 9 m on net sales of eur55 2 m for the period january june 2008,0
bpcl is the best bet among the oil marketing stocks gaurang shah,1
china yuan snaps 6 day gaining streak on weak pmi midpoint,0
the proposal that the board of directors will make at the annual general meeting is attached as a whole to this release,0
bae systems names john brosnan as new india managing director,0
after us fed status quo will raghuram rajan surprise d street with rate cut,0
markets remain choppy get used to smaller profits ashwani gujral,2
sinking chinese stock market how exposed are you how did the bubble begin,2
short bank of india with stoploss of rs 287 for target of rs 280 vijay bhambwani,0
sebi board approves sharing kyc details with financial regulators,0
aapl goldman sachs reiterates conviction buy on apple with a 155 pt spy djia gs,1
fresh entry into l t at these levels may be too risky jagannadham thunuguntla,2
jsw steel reports growth in steel production stock down,2
ge shipping q2 net profit up by 55 at rs 168 65 cr,1
quite positive on the pharma space hemindra hazari,1
bajaj auto higher input costs offset sales gain hit margins,2
the natural source of isoprene is the tree species hevea brasiliensis also known as the rubber tree,0
koduextra is operating a retail chain of 11 stores controlled by finnish non food center ky rukax oy and scan tukka oy,0
2 turnaround buys for 2016 bhp billiton plc and home retail group plc,1
chinese corporate bond market calm despite default by chaori solar,0
finnish soapstone processing and fireplaces maker tulikivi oyj said on february 26 2007 it would cut less than 20 jobs from its fireplace sales organization production facilities and its subsidiary kermansavi oy,2
french president francois hollande says euro is now at right level vs dollar,1
airline stocks soar as lower oil prices bring down fares,1
four wheelers propel growth for greaves cotton,1
bhel s run up on bourses amid the slump is probably overdone,2
bond yields unlikely to fall further traders,0
astrazeneca pharma shares plunge over 6 ahead of board meet,2
suzlon energy slips in red on stake sale talks in senvion se,2
the business has sales of about euro 35 million 44million and has been responsible for sales and marketing of lanxess s paper chemicals business which kemira bought for euro 88 million early this year cw jan 11 p 22,0
tight movement in steel prices in thin trade,0
i am not optimistic about amzn both fundementals and charts look like poopoo this quarter,2
finnish fibers and plastics producer suominen corporation omx helsinki suy1v reported on wednesday 22 october an operating loss of eur0 8 m on net sales of eur55 2 m for the third quarter of 2008,0
hov services investors oppose stake sale in us based company,2
decline in china currency yuan could fan trade tensions,2
cadila a significant bet among pharma stocks gajendra nagpal,1
sebi tightens screws on dubious inflows from loosely regulated offshore entities,0
dollar near 4 month high as data lifts sentiment euro wary of ecb,1
expect market to drift lower towards 5820 mitesh thacker,2
designed by patricia burt this is just one of a selection of distinctive hooked rugs created with recycled materials and dyed natural dyes,0
castor seed future up on fresh buying,1
financing of aspocomp s growth aspocomp is aggressively pursuing its growth strategy by increasingly focusing on technologically more demanding hdi printed circuit boards pcbs,1
maharashtra electricity regulatory commission appoints chandra iyengar as its chief,0
sebi mulls prudential governance norms for stock brokers,0
welcome,0
mistaken identity costs future group dear,2
brent crude near bearish territory down over 19,2
china central bank seen ready to intervene again if offshore pushes yuan too far,0
in 2006 the company intends to invest significantly in expanding its distribution and maintenance network,1
finnish aldata solution has signed a contract of supply its g o l d system to two french retail chains,1
chargers manufactured under the new platform are suitable for mobile phones navigators digital cameras bluetooth head sets media players and other electronic devices,0
polycab wires appoints ramakrishnan as group ceo,0
tesco criticised for disgraceful advert showing domestic worker being slapped,2
rupee gains on overseas flows lack of rbi intervention,1
sebi s decision to relax debt equity conversion norms for banks positive but more steps required hemindra hazari,0
fall in global commodity prices remain an overhang on indian metal sector nitin raheja,2
carborundum universal q3 net up 87 3 at rs 11 22 crore,1
coffee output may fall by 2 2 per cent this year due to crop damage,2
following the divestment fiskars s outdoor unit will comprise the brands gerber silva and buster and will focus on multi tools knives compasses mobile lighting pedometers and aluminium boats,0
ic sahu is new ed in charge of iisco steel plant,0
jsw energy quarterly profit soars to rs 214 crore,1
we have tailored our solutions to meet solel s technical requirements and the result is both cost effective manufacturing and highest quality reflectors,1
among other finnish shares traded in the us stora enso closed 0 33 pct lower at 12 11 eur upm kymmene was up 0 28 pct at 18 10 eur and metso was down 0 13 pct at 31 06 eur,0
kuldip singh named new cmd of mtnl,0
what to watch out for post the us federal reserve meeting,0
investments will be back in sugar stocks anagram capital,1
diluted earnings per share eps rose to eur 3 68 from eur 0 50,1
stanchart elevates sanjeeb chaudhuri as global brand head cmo,0
rbi tightens provisioning norms for unhedged forex exposure,0
f otracker nifty likely to get support in 6200 zone,1
ssh communications security corporation is headquartered in helsinki finland,0
cmc shares crash over 14 per cent after merger announcement with tata consultancy services,2
gold futures decline marginally as rupee gains,2
what should investors do with tcs ahead of q2 results,0
marginally bearish on nifty sell a 6400 strike call mitesh thacker,2
bharat forge q2 net up 81 per cent to rs 174 49 crore,1
cost short finally making gains i will take half my gains at 147,2
deepak satwalekar retires from infosys board,0
riding the recovery theme banks turn analysts favourite top 10 bets,1
net sales rose by 25 5 year on year to eur59 6 m as the number of chargers delivered went up by 41 to 65 9 million pieces,1
singapore icis 1 kemira and indian water infrastructure firm 2 ivrcl have agreed to form a join venture which includes a new inorganic coagulant manufacturing facility in andhra pradesh state india the finnish water treatment chemicals maker said on tuesday,1
ftse edges up as investors cheer kingfisher results,1
wti crude falls to lowest since june on us supply surge,2
m m a strong long term bet avinash gorakshekar,1
spanco surges 13 in morning trade on bourses,1
book profits in omc stocks ambareesh baliga,2
siemens net slump 90 pc to rs 29 9 cr in march qtr,2
greaves cotton q1 net profit moves up to 31 76 cr,1
among the scandinavian companies present in st petersburg is also named the swedish concern ncc which implements projects in the field of asphalt production road and housing construction project swedish krona,0
idbi bank raises 500 million from bonds,0
pulses slide as government intensifies crackdown against hoarding,2
hsil q2 net profit moves up 52 pc to rs 13 93 cr,1
bse expects 30 sme ipos in next 2 3 months,0
firstsource in a persistent decline deepak mohoni,2
cesc can give upto 20 returns sudip bandyopadhyay,1
diluted earnings per share eps declined to eur 0 78 from eur 1 76,2
for omcs valuations higher than what they can sustain prateek agarwal,2
bank of baroda q4 net rises 12 to rs 1 157 crore,1
the swedish buyout firm has sold its remaining 22 4 percent stake almost eighteen months after taking the company public in finland,0
nokia india appoints v sembian as new head of chennai factory,0
cardamom futures decline 1 01 per cent on subdued demand,2
technical check havells likely to resume uptrend soon buy for a target of rs 325,1
lg electronics shares surge on speculation of google stake buy,1
salcomp oyj the finnish maker of mobile phone chargers monday posted a eur1 49 million loss in the second quarter compared with a 1 70 million profit in the same period the previous year,2
at rs 600 625 adani enterprises can be a good buy ambareesh baliga,1
iob q3 net dips 73 81 pc to rs 101 70 cr,2
waiting for nifty to move above 5570 5575 mitesh thacker,0
pre market nifty seen opening flat in special trading session,0
5500 level very difficult to breach in market jagdish malkani member nse,0
ponzi schemes sebi launches 550 prosecution cases,0
gsfc q3 net profit down 26 per cent at rs 101 20 crore,2
gakrum nice chart shows distinctive down channel not a dip where do you see the bottom spy 150 130,2
oct jinx cil issue sucks out liquidity sensex stays in range,2
4200 levels for nifty not unlikely in couple of weeks ashwani gujral,2
hold rating on hdfc bank with a target price of 650 pankaj pandey,0
astrazeneca pharma surges on strong q4 results,1
ambuja cement profit up 6 57 to rs 520 cr,1
onmobile global jumps 57 per cent in three sessions,1
blue star q4 net profit down at rs 56 85 crore,2
igl is a buy with a target of rs 505 sandeep wagle,1
adp news nov 3 2008 finnish paper packaging and forest products company stora enso oyj omx sterv said today that it would invest eur 137 million usd 176 6 m in the building of a power plant at its ostroleka mi,0
gold steady seen vulnerable after strong us jobs data,0
spice mobility to invest rs 1 000 crore for expansion this fiscal stock up,1
rupee off highs on suspected reserve bank of india intervention,2
iwm buy programs popping iwm for close print cheap money means higher stock prices spy robot buying,1
3i infotech sale of low margin biz to help boost profitability,1
pretax loss totaled eur 117mn compared to a loss of eur 65mn in the corresponding period,2
asia stocks hit 3 yr high on promising economic signs,1
nokia said that its next generation mobile gaming platform makes it easy for people to find buy play and share rich and immersive games on a range of nokia devices,0
companiescar insurer hastings group driving 180m ipo,1
prospects of monetary stimulus fuel a fresh gold rally,1
analyst view market wrap for thursday december 15,0
ucx appoints samir shah as chief executive officer,0
public offers feel heat of sliding market in 2011,2
rajesh exports net surges over two fold to rs 237 crore,1
downtrend in mundra port not over yet ashwani gujral,2
companieslse adds ex sec head schapiro to board,0
db realty defers announcement of financial results,2
bayer registers q4 net loss of rs 17 13 cr,2
refined soya oil futures gain 0 37 per cent on strong demand,1
pre election rally bse benchmark index hits lifetime high as fiis pump 1 billion,1
sms pharma surges 11 on usfda nod for andhra plant,1
single demat a c for all financial investments sebi,0
does greece matter to india nifty likely to hit mt 11k in next 18 months,1
avoid ipca on management and us fda issues kunj bansal,2
mark mobius expects 15 20 returns from indian markets,0
nifty50 in no trade zone be stock specific in the market sandeep wagle,2
4 complete name of the shareholder otto henrik bernhard nyberg 5 further information the amount of shares now transferred corresponds to 5 68 of the total number of shares in aspo plc,0
bharti airtel s manoj kohli sells 50 000 airtel shares for rs 1 81 crore,2
new consent order norms in a few weeks sebi,0
a soaring dollar could set off a currency war with china,1
jyothy laboratories q1 profit up 72 per cent to rs 42 46 crore,1
almond declines on subdued demand,2
samsonite international appoints ramesh tainwala as global coo,0
amzn breaking,1
the order was valued at usd12 2 m,0
reed elsevier share price slides on underwhelming full year results,2
mcdonalds may look at qip fpo for funds,0
emerging stocks set for second week in red,2
euro falls to 19 month low versus swiss franc on easing bets,2
publishing sweden s operating loss was eur 1 1 mn in q1 of 2009 compared to a profit of eur 0 6 mn a year ago,2
foreign currency bonds by non financial companies to hit a high,1
finnish food industry companies hk ruokatalo and atria will form a joint venture company called l nsi kalkkuna to produce turkey meat,1
hong kong benchmark index falls 2 per cent on us federal concern,2
scenario for rel comm is range bound sanjeev agarwal,0
fb aapl nke jwn bearish charts keep getting worse,2
bonds fall after rbi cuts lender slr held to maturity requirements,2
refined soya oil futures slide 0 50 per cent on low demand,2
sanoma corporation wants a new and better frequency for the helsinki metropolitan area,0
viking line manages well with its current ferries,1
2 years of rajan analysts give 4 3 out of 5 to rbi governor,0
bobe down 2 84 premarket,2
world gold council organises forum to reform gold fix,0
the record date for dividend distribution is march 14 2008,0
biocon kiran mazumdar shaw to receive 2014 othmer gold medal,0
one of uponor s promising future products is a hydronic cooling system,1
sensex turn choppy top ten stocks in focus,2
the cranes would be installed onboard two freighters ordered by singaporean ship owner masterbulk,0
ahlstrom corporation stock exchange announcement 23 4 2007 ahlstrom corporation will publish its first quarter financial results 2007 on friday april 27 2007 approximately at 8 30 a m finnish time,0
in april june 2008 scanfil s net sales totalled eur 58 7 mn and operating profit eur 6 6 mn,0
diluted earnings per share eps rose to eur 1 05 from eur 0 64,1
jspl shares slump over 10 amid reports of bids rejection,2
eu crisis push oil prices down,2
nifty can move beyond 7000 only post elections arvind sanger,0
siemens gains as earnings beat estimates,1
their names have not yet been released,0
curators have divided their material into eight themes,0
santosh b nayar new ceo md of ifci,0
reliance infrastructure q3 net at rs 452 crore,0
raghuram rajan says premature to scrap foreign limits in government debt,0
below are consolidated unaudited results for amanda capital under ifrs reporting standards,0
msft sql server revenue grew double digit with sql server premium revenue growing over 30,1
stockmann was established in 1862 in finland and it became the first foreign company to enter russia s retail trade market in 1989,0
prices of base metals move up on global cues,1
early elections could provide needed impetus to markets pankaj pandey icicidirect com,0
power finance corp q3 profit jumps 37 at rs 1 534 31 crore,1
astrazeneca up 20 on delisting proposal locked in upper circuit at rs 1 110 90,1
as copper runs low producers turn ideas to boost output of metal,2
nickel moves up in futures trade on rising spot demand,1
obc q3 net up 15 pc to rs 289 43 cr,1
medical devices russia this brand new market analysis gives a clear overview of the actual situation and future outlook of the medical device market in russia,0
bajaj finserv reports flat consolidated pat for q4 fy15,0
sensex trading in a narrow range top twelve stocks in focus,0
airasia shares skid nearly 9 pct day after ceo outlines plans to raise funds,2
tata steel q4 show beats estimates,1
guargum futures drop rs 360 on weak domestic export demand,2
exposure of institutional investors to auto sector at four year high,1
in january august 2009 imports by sea in container lorry and trailer units fell by 27 7 and exports by 28 6 from the corresponding period in 2008,2
astrazeneca suffers setback after drug fails to treat eye cancer,2
demand from anchor investors impressive vrl logistics ipo should fare well prakash diwan,1
asian paints q3 net at rs 329 35 cr,0
cmc may spring positive surprise next week among small cap it names avinnash gorakssakar,1
nse extends deadline for trading members to provide client details,0
the board of directors proposes to the shareholders meeting on 18 march 2010 that the company would pay dividend for the financial year january 1 december 31 2009 eur 0 02 per share,0
fb rejecting highs shortable at 109,2
idfc banks a good long term bet even if it makes a slow start,1
steel prices remain steady in thin trade,0
crackdown on ponzi schemes ordinance empowering sebi set to lapse,0
marimekko is considering further measures in the matter,0
skf 6 april 2010 alandsbanken has given a buy recommendation on swedish industrial company skf ab sto skf b with a share price target of sek150,1
lanco infratech tanks 10 as q4 results disappoints,2
payment of shares shall be effected on subscription,0
officials did not disclose the contract value,0
emami slumps 6 post 33 decline in q2 net profits,2
raymond surges over 8 pc on land sale buzz,1
nickel futures slide 0 16 per cent on profit bookings,2
arvind q1 net profit increases twofold to rs 67 62 crore,1
however the net sales declined to eur 803 6 million from eur 1 2 billion,2
obc may go for fpo post capital infusion,0
go short on renuka sugars once it starts trading below levels of 35 mitesh thacker,2
cheap valuations of public sector banks buy or no buy,0
persistent systems rallies nearly 5 hits 52 week high on expansion plans,1
is the damage over on bank nifty strategies to tide over weakness,2
shell lubricants appoints nitin prasad as india head,0
refining petrochem boost to help reliance industries maintain profitability,1
the divested activities had net sales of eur 145 1 million in 2009 and an operating profit of eur 8 9 million,0
4930 would be the level to watch out for bnp paribas,0
psu banks on fire on rate cut hopes government s plan to sell stake,1
tcs first among equals in profit margin,1
us generic launches are key to lupin growth,0
railway stocks rally as much as 13 ahead of rail budget 2014,1
the handset also features a media bar for quick access to favorite media and applications including music photos youtube or ovi share,0
the commission is to be applauded for applying a fact based and data driven approach and for providing clarity for future petitions,1
furthermore novator finland oy has entered into a securities lending agreement whereby novator finland oy will hold directly the same amount of shares that are underlying of the omx market forwards from may 23 through may 26 2008,1
overall it sector remains compelling taher badshah,1
icici bank in green ahead of q4 results here s what to expect,1
cytx looks like an ascending channel on finfiz,1
sony surges to near five year high on earnings outlook,1
compared with the ftse 100 index which rose 94 9 points or 1 6 on the day this was a relative price change of 0 4,2
money talks ipo reform walks as china stocks rally,1
jk cement q3 net dips 79,2
8 400 level should provide a strong support to nifty gaurav mehta,0
with 65 stock return pc jeweller shines in a tough market with a focus on diamonds exports,1
sensex slips in red after hitting fresh record high of 25 711 11,2
highway developers party on dull dalal street stocks have more upside,1
boc india hits 20 upper circuit on delisting plans,1
be careful in finding value in bear market as bounce back will not last ashwani gujral,0
bond yields little changed consolidation seen,0
in the first half of 2008 the bank s operating profit fell to eur 11 8 mn from eur 18 9 mn while net interest income increased to eur 20 9 mn from eur 18 8 mn in the first half of 2007,2
monsoon concerns weigh on gold demand prices at discount,2
pnb q2 net profit down 52 shares come under selling pressure,2
housing finance companies gain as much as 9 3 on rbi move,1
better to avoid sugar stocks for now gaurang shah,2
the company still expects its turnover in 2010 to slightly increase from the level of 2009 adding that market predictability is still too poor for trustworthy forecasts on the market development of the contract manufacturing business during the current year,1
operating profit rose from eur 1 94 mn to eur 2 45 mn,1
the workforce will be reduced also in the amsterdam office in the netherlands,2
ongc q1 net up by 19 per cent,1
in sweden operating profit for the period under review totaled eur 3 4 mn up 30 8 from the corresponding period in 2005,1
doubts grow over glaxosmithkline s 6 bln capital return plan,2
starbucks shares down as much as 4 2 sbux,2
avon india appoints r m sirbu managing director,0
this contract demonstrates our ability to apply our minerals and metals technologies in adjacent industries such as oil shale processing,1
bajaj auto falls over 2 5 as nigeria devalues currency,2
vip industries rallies over 8 hits 52 week high as q4 net profit jumps three fold,1
the eps improved to eur0 38 from eur0 27,1
maharashtra likely to have 100 lakh tonnnes sugarcane uncrushed this season,2
pace of corporate earnings growth strengthens supports bullish market sentiment,1
jaypee infratech q1 net profit down 11 71 to rs 209 94 cr,2
sell bank of baroda with target price of rs 500 ashwani gujral,2
smart recovery on d street nifty near 7 850 top 20 trading ideas,1
premier explosives surges on licence for defense products,1
in addition the existing service counter area in the reception hall will be rebuilt and access provided to local rail connections,0
budget 2014 mustn t sell rupee short,0
paper stocks at attractive prices catch investors eye,1
gold extends losses as stronger equities dollar weigh,2
sales in latin america increased by 42 to eur 432mn and a total of 8 7 mn mobile devices were sold in the area representing an increase of 32 from the corresponding period in 2009,1
the first charging stations will be made available already in 2008 and a whole network is to be ready in 2010,0
sridhar krishnamoorthy to head gerdau steel india,0
sebi mulls mandatory dividend policy for listed companies,0
suzlon inks loan deal worth rs 7 000 cr expert advises investors to exit stock,2
nestle india surges as fssai approved lab finds maggi safe,1
sintex industries q1 net up 47 27 per cent at rs 107 38 crore,1
insecticides india q1 net up 29 per cent,1
barley futures hit upper circuit climb 4 per cent,1
oil slips below 105 on oversupply weak demand,2
kotak mahindra bank founders sell 3 2 per cent stake,2
manavigator november 1 2010 deal snapshot swedish peab buys equipment rental firm cramo swedish construction company peab ab sto peab b announced the acquisition of equipment rental company cramo entreprenadmaskiner ab from finnish group cramo oyj hel cra1v,0
april 02 2014 mecklai financial report on rupee,0
outlook for auto ancilliary stocks bright in medium to long term mayuresh joshi angel broking,1
tsunami of bad debt set to strike stocks of psbs avoid sailing hemindra hazari,2
biocon q4 net dips 54 per cent at rs 113 crore,2
traceyryniec not just energy it s so broad you will see it in wwg and kaman as well i d be short fast,2
kotak mahindra bank q1 net up 43 at rs 403 cr on core income rise,1
sebi to meet rating companies today for reality check,0
national fertilisers ltd offers 19 62 lakh shares to employees at rs 25 65 per share,0
sebi wants young high earning worker pension money in mfs,0
the merger between the two telecoms operators was expected to result in the world s fourth largest telecoms operator,0
why i d buy arm holdings plc and bhp billiton plc today,1
nordic walking was first used as a summer training method by cross country skiers,0
the net sales decreased to eur 49 8 million from eur 59 9 million,2
castecka said the town hall would hold talks with other investors interested in the zone,0
delivery is expected to take place later this month,0
rost ross stores upgraded to outperform at rbc capital markets,1
the transaction was announced on september 29 when pohjola insurance agreed to pay eur 80 million usd 106 3 m in cash for pohjantahti,0
thermax falls 1 as adjusted profit lags estimates,2
hindalco shares surge over 3 as company bags maximum mines,1
finnish technology group aspocomp group oyj omx helsinki acg1v issued its third quarter report on thursday 13 november posting an operating profit of eur0 4 m as compared to a loss of eur0 5 m in the third quarter of 2007,1
pantaloon retail net profit at rs 20 cr stock up,1
infinite computer fy 11 consolidated net up 35 to rs 107 crore,1
repeats sees 2008 ebita above 18 pct of sales,1
south mumbai zaveri bazaar may soon move to a new address experts proposes to relocate to panvel,0
the company said that previously eb delivered a custom solution for lg electronics and now is making it commercially available for other mobile terminal vendors as well as to wireless operators,0
disappointing q4 show pulls dlf down to 2 year low,2
long term target in ongc is positive,1
technical indicators for the stock are bullish and s p gives nok a positive 4 stars out of 5 buy ranking,1
incap contract manufacturing services private limited has inked agreements with six new customers in india,1
monnet ispat bags utkal c coal block stock rallies over 13,1
steelcast net profit up by 36,1
prefer ultratech among large cap cement stocks avinnash gorakshakar,1
german commerzbank ag s hamburg branch and us jp morgan nyse jpm participated as arrangers and dutch ing ams inga as co arranger,0
buying tech mahindra a safe bet dipan mehta,1
qpr 8 integrated management system is the fastest easiest and most efficient way for organizations all around the world to take control of their human centric business processes,1
forward markets commission asks bourses not to charge audit fee from members,0
3 february 2011 finnish broadband data communication systems provider teleste oyj hel tlt1v said yesterday its net profit rocketed to eur4 8 m in 2010 from eur416 000 in 2009 and it lifted its dividend proposal,1
create framework to fight cyber attacks on markets sebi,0
spice india debuts in delhi will offer spices infused chocolate slabs beauty creams,0
sales of security and system packaging increased slightly,1
select edible oils remain weak on stockists selling,2
fiis ownership hits 2 year high in 22 nifty stocks in june quarter,0
prospect good for oil marketing cos ketan kharkhanis,1
britannia industries rallies over 8 post q2 results top pick in fmcg space,1
coriander futures rise 0 67 per cent on pick up in demand,1
zinc futures soften 0 67 pc on global cues,2
new morrisons duo get former boss s support to diffuse investor tension,1
yuan firms for 4th week crosses 200 day moving average,0
chinese yuan nearly flat after apec summit,0
man who sacked steve jobs has good words for apple,0
sme bourses no number games this time focus on quality issuance,0
igate net up 54 to 17 9 million,1
nishi vasudeva takes over as hindustan petroleum corp ltd chief,0
operating profit rose to eur 3 11 mn from eur 1 22 mn in the corresponding period in 2009,1
the cl51 is designed to measure cloud base height and vertical visibility in all weather conditions which makes it an ideal instrument for meteorological applications that rely on reliable cloud height detection,1
nordic business report 26 june 2006 metso corporation wins eur50m equipment order in australia 1998 2006 m2 communications ltd the finnish engineering and technology group metso corporation said on monday 26 june that it has received a eur50m equipment order in australia,1
samvat 2071 gets off to a sparkling start,1
the representative body of swedish meats approved an improved offer from finnish hk ruokatalo to acquire the company,1
market downside capped likely at 7550 levels,0
cox kings q1 pat at rs 147 crore,0
railway stocks extend losses on profit booking,2
a2z engg plans rs 350 cr public issue,0
opec secy gen says low oil price will not continue,0
the most significant capital expenditure items were in the global enterprise resource planning erp project product development and production machines,0
kotak bank q2 net profit at rs 942 crore,1
hnis buy honeywell automation auto shares on delisting report,1
operating profit rose to eur 13 1 mn from eur 8 7 mn in the corresponding period in 2007 representing 7 7 of net sales,1
wheat rises on increased offtake by flour mills,1
speculators cut brent long holding for third week,2
ten year t yields to stay at 2 5 3 pimco s bill gross,0
sebi to soon issue final norms for listing of startups,0
hudco plans to raise rs 286 cr via tax free bonds,0
axis securities elevates arun thukral as md and ceo,0
fb trend hits mid 110 s and drops,2
nifty heading towards key support zones of 6570 6650 ashwani gujral,0
operation to steady china stocks a success but patient comatose,0
gvk power infra posts q1 net loss of rs 281 34 crore,2
the options might include a partial or total divestment of their shareholdings in ovako,0
sugar futures fall on govt measures profit booking,2
tata power posts rs 247 crore profit in september quarter,0
in finland the bank of land reports its operating profit fell to eur 6 1 mn in the second quarter of 2008 from eur 7 5 mn in the second quarter of 2007,2
akzonobel india appoints jayakumar krishnaswamy as managing director,0
scotland split jitters send sterling to 10 month low,2
fortis healthcare rises over 3 pc on acquisition move,1
nifty might head towards levels of 8180 8200 mitesh thacker,1
currency headwinds weigh on it stocks,2
russia ukraine standoff sends markets into a tizzy sensex snaps 5 day winning streak to slip below 21k,2
most of the layoffs will be in finland,2
the expansion aims to attract new customers both in finland and abroad,1
they would invest not only in the physical infrastructure but would also provide know how for managing and developing science and technology parks said sunrise valley director andrius bagdonas,1
soybean futures regain on fresh buying,1
adlabs entertainment to make market debut on monday,0
jk paper mulls pulp mill in south asia stock up,1
astrazeneca s lung cancer drug tagrisso gets fda approval,1
honkarakenne also decided yesterday to sell 88 500 of its b series shares to key staff members for eur2 9 per share,0
russian shares edge down investors wary ahead of ukraine election,2
century plyboards reports higher net profit and revenue,1
mn and pretax profit to eur 46 4 mn from eur 35 8 mn in the third quarter of 2006,1
kesko offers hilton to open a hotel on kalinisky prospect in a 18 000 square metres building because of these difficulties,0
the real estate company posted a net loss of x201a 59 3 million x201a 0 21 per share compared with a net profit of x201a 31 million x201a 0 11 per share for the corresponding quarter of 2007,2
berger paints q4 net up 26 34 pc at rs 55 34 crore,1
ipo after tax row is settled says vodafone,0
m m q2 net profit rises 8 at rs 758 49 cr,1
here are the 10 big market stories that will dominate 2015,0
insecticides india q1 net profit up 14 at rs 19 8 cr,1
shuweihat 2 got under way in july 2008 when the project was awarded to desalination and power contractors,0
uflex q3 profit jumps 47 22 per cent to rs 53 crore,1
